target_id,history_mode,target_month,stage,cutoff,n_train,L,y_true,n0,M0,M1,M2,events_known,ev_net,ev_new
SCRAP,MATCHED,2021-12,W0,2021-11-30,86,2,739.064,690.1,669.6054278134188,674.5515827114864,674.2573971793322,8214,22.134047911213656,28.764451112664553
SCRAP,MATCHED,2021-12,W1,2021-12-07,86,2,739.064,690.1,669.6054278134188,674.5515827114864,674.2573971793322,8236,22.134047911213656,28.764451112664553
SCRAP,MATCHED,2021-12,W2,2021-12-14,87,1,739.064,765.016,759.2653349999754,777.9068350737252,776.7162978881881,8254,22.468973180438034,26.1899305603087
SCRAP,MATCHED,2021-12,W3,2021-12-21,87,1,739.064,765.016,759.2653349999754,777.9068350737252,776.7162978881881,8257,22.468973180438034,26.1899305603087
SCRAP,MATCHED,2021-12,W4,2021-12-31,87,1,739.064,765.016,759.2653349999754,777.9068350737252,776.7162978881881,8274,22.468973180438034,26.1899305603087
SCRAP,MATCHED,2022-01,W0,2021-12-31,87,2,689.363,765.016,726.5583675638206,675.0986814250156,719.2898777845447,8274,23.38986539800787,29.73538989909083
SCRAP,MATCHED,2022-01,W1,2022-01-07,87,2,689.363,765.016,726.5583675638206,675.0986814250156,719.2898777845447,8300,23.38986539800787,29.73538989909083
SCRAP,MATCHED,2022-01,W2,2022-01-14,88,1,689.363,737.872,701.6713454276102,711.6110881263005,723.4030801001587,8306,21.15226210959727,27.93517647988371
SCRAP,MATCHED,2022-01,W3,2022-01-21,88,1,689.363,737.872,701.6713454276102,711.6110881263005,723.4030801001587,8312,21.15226210959727,27.93517647988371
SCRAP,MATCHED,2022-01,W4,2022-01-31,88,1,689.363,737.872,701.6713454276102,711.6110881263005,723.4030801001587,8322,21.15226210959727,27.93517647988371
SCRAP,MATCHED,2022-02,W0,2022-01-31,88,2,687.35,737.872,678.5944047858101,648.0963886080691,689.3099469678186,8322,22.45365438396685,25.52000981321704
SCRAP,MATCHED,2022-02,W1,2022-02-07,88,2,687.35,737.872,678.5944047858101,648.0963886080691,689.3099469678186,8347,22.45365438396685,25.52000981321704
SCRAP,MATCHED,2022-02,W2,2022-02-14,88,2,687.35,737.872,678.5944047858101,648.0963886080691,689.3099469678186,8364,22.45365438396685,25.52000981321704
SCRAP,MATCHED,2022-02,W3,2022-02-21,89,1,687.35,659.741,637.7584990563332,638.0421866212677,629.2927368626724,8373,20.83077254637986,25.507279805214836
SCRAP,MATCHED,2022-02,W4,2022-02-28,89,1,687.35,659.741,637.7584990563332,638.0421866212677,629.2927368626724,8386,20.83077254637986,25.507279805214836
SCRAP,MATCHED,2022-03,W0,2022-02-28,89,2,858.642,659.741,610.2677594724145,613.1095250248707,614.6979740562109,8386,22.468014201363864,26.118444323839697
SCRAP,MATCHED,2022-03,W1,2022-03-07,89,2,858.642,659.741,610.2677594724145,613.1095250248707,614.6979740562109,8407,22.468014201363864,26.118444323839697
SCRAP,MATCHED,2022-03,W2,2022-03-14,89,2,858.642,659.741,610.2677594724145,613.1095250248707,614.6979740562109,8424,22.468014201363864,26.118444323839697
SCRAP,MATCHED,2022-03,W3,2022-03-21,90,1,858.642,661.402,642.6529593411584,625.8616351716503,628.3249562524777,8434,22.467248157345274,24.003774738394423
SCRAP,MATCHED,2022-03,W4,2022-03-31,90,1,858.642,661.402,642.6529593411584,625.8616351716503,628.3249562524777,8447,22.467248157345274,24.003774738394423
SCRAP,MATCHED,2022-04,W0,2022-03-31,90,2,859.242,661.402,615.0407412579897,557.6530123715636,522.3173257786092,8447,23.488835943207036,28.399115876903572
SCRAP,MATCHED,2022-04,W1,2022-04-07,90,2,859.242,661.402,615.0407412579897,557.6530123715636,522.3173257786092,8465,23.488835943207036,28.399115876903572
SCRAP,MATCHED,2022-04,W2,2022-04-14,91,1,859.242,844.532,808.8092184059768,812.0908453941402,813.671886822577,8485,25.37291697671532,27.537596965848667
SCRAP,MATCHED,2022-04,W3,2022-04-21,91,1,859.242,844.532,808.8092184059768,812.0908453941402,813.671886822577,8490,25.37291697671532,27.537596965848667
SCRAP,MATCHED,2022-04,W4,2022-04-30,91,1,859.242,844.532,808.8092184059768,812.0908453941402,813.671886822577,8495,25.37291697671532,27.537596965848667
SCRAP,MATCHED,2022-05,W0,2022-04-30,91,2,756.577,844.532,754.1338900715691,661.1149126608467,660.7105233077425,8495,21.584107317507343,23.656819904084827
SCRAP,MATCHED,2022-05,W1,2022-05-07,91,2,756.577,844.532,754.1338900715691,661.1149126608467,660.7105233077425,8511,21.584107317507343,23.656819904084827
SCRAP,MATCHED,2022-05,W2,2022-05-14,92,1,756.577,831.034,759.79479085466,778.397145015231,778.0823665142298,8524,24.41303454115934,27.0244474046846
SCRAP,MATCHED,2022-05,W3,2022-05-21,92,1,756.577,831.034,759.79479085466,778.397145015231,778.0823665142298,8536,24.41303454115934,27.0244474046846
SCRAP,MATCHED,2022-05,W4,2022-05-31,92,1,756.577,831.034,759.79479085466,778.397145015231,778.0823665142298,8547,24.41303454115934,27.0244474046846
SCRAP,MATCHED,2022-06,W0,2022-05-31,92,2,679.742,831.034,740.5426185809708,722.8606564207373,722.8051609008603,8547,23.62517477212473,31.058455209860416
SCRAP,MATCHED,2022-06,W1,2022-06-07,92,2,679.742,831.034,740.5426185809708,722.8606564207373,722.8051609008603,8579,23.62517477212473,31.058455209860416
SCRAP,MATCHED,2022-06,W2,2022-06-14,93,1,679.742,756.48,762.7633443931632,764.6087053088104,759.8951998557387,8601,23.175393895120354,29.616815283291537
SCRAP,MATCHED,2022-06,W3,2022-06-21,93,1,679.742,756.48,762.7633443931632,764.6087053088104,759.8951998557387,8606,23.175393895120354,29.616815283291537
SCRAP,MATCHED,2022-06,W4,2022-06-30,93,1,679.742,756.48,762.7633443931632,764.6087053088104,759.8951998557387,8619,23.175393895120354,29.616815283291537
SCRAP,MATCHED,2022-07,W0,2022-06-30,93,2,593.864,756.48,777.2931433810021,764.1718895858892,784.5323890166937,8619,25.91660747862657,29.859156421800684
SCRAP,MATCHED,2022-07,W1,2022-07-07,93,2,593.864,756.48,777.2931433810021,764.1718895858892,784.5323890166937,8636,25.91660747862657,29.859156421800684
SCRAP,MATCHED,2022-07,W2,2022-07-14,94,1,593.864,680.206,688.1112249329932,686.6630132929768,677.3435779774966,8646,25.17603628993297,32.77895712685675
SCRAP,MATCHED,2022-07,W3,2022-07-21,94,1,593.864,680.206,688.1112249329932,686.6630132929768,677.3435779774966,8655,25.17603628993297,32.77895712685675
SCRAP,MATCHED,2022-07,W4,2022-07-31,94,1,593.864,680.206,688.1112249329932,686.6630132929768,677.3435779774966,8664,25.17603628993297,32.77895712685675
SCRAP,MATCHED,2022-08,W0,2022-07-31,94,2,546.383,680.206,712.8057405425386,671.2932886207799,667.5148982327254,8664,23.18785681055221,26.005127696111323
SCRAP,MATCHED,2022-08,W1,2022-08-07,94,2,546.383,680.206,712.8057405425386,671.2932886207799,667.5148982327254,8689,23.18785681055221,26.005127696111323
SCRAP,MATCHED,2022-08,W2,2022-08-14,95,1,546.383,594.231,583.1477314650015,580.7961794026003,537.6629801187904,8696,24.08804803793378,28.237348631861302
SCRAP,MATCHED,2022-08,W3,2022-08-21,95,1,546.383,594.231,583.1477314650015,580.7961794026003,537.6629801187904,8703,24.08804803793378,28.237348631861302
SCRAP,MATCHED,2022-08,W4,2022-08-31,95,1,546.383,594.231,583.1477314650015,580.7961794026003,537.6629801187904,8727,24.08804803793378,28.237348631861302
SCRAP,MATCHED,2022-09,W0,2022-08-31,95,2,527.719,594.231,605.8623922405021,598.925173307326,598.4740500161261,8727,23.82609692694228,36.06207998781417
SCRAP,MATCHED,2022-09,W1,2022-09-07,95,2,527.719,594.231,605.8623922405021,598.925173307326,598.4740500161261,8746,23.82609692694228,36.06207998781417
SCRAP,MATCHED,2022-09,W2,2022-09-14,96,1,527.719,562.991,553.9570417767419,548.1000836905199,544.5073906130663,8778,23.987092065397277,32.53121793374982
SCRAP,MATCHED,2022-09,W3,2022-09-21,96,1,527.719,562.991,553.9570417767419,548.1000836905199,544.5073906130663,8790,23.987092065397277,32.53121793374982
SCRAP,MATCHED,2022-09,W4,2022-09-30,96,1,527.719,562.991,553.9570417767419,548.1000836905199,544.5073906130663,8816,23.987092065397277,32.53121793374982
SCRAP,MATCHED,2022-10,W0,2022-09-30,96,2,510.006,562.991,535.5777213537473,528.4737433598427,473.901870736575,8816,23.279602543667238,34.0071447072566
SCRAP,MATCHED,2022-10,W1,2022-10-07,96,2,510.006,562.991,535.5777213537473,528.4737433598427,473.901870736575,8830,23.279602543667238,34.0071447072566
SCRAP,MATCHED,2022-10,W2,2022-10-14,97,1,510.006,528.942,512.4354036766324,512.4950059750203,506.79050003548224,8844,23.48264176902018,37.38284568949271
SCRAP,MATCHED,2022-10,W3,2022-10-21,97,1,510.006,528.942,512.4354036766324,512.4950059750203,506.79050003548224,8857,23.48264176902018,37.38284568949271
SCRAP,MATCHED,2022-10,W4,2022-10-31,97,1,510.006,528.942,512.4354036766324,512.4950059750203,506.79050003548224,8874,23.48264176902018,37.38284568949271
SCRAP,MATCHED,2022-11,W0,2022-10-31,97,2,493.08,528.942,472.58320264180236,452.9437963877194,449.99445810070245,8874,24.228133710215346,36.11448779681144
SCRAP,MATCHED,2022-11,W1,2022-11-07,97,2,493.08,528.942,472.58320264180236,452.9437963877194,449.99445810070245,8892,24.228133710215346,36.11448779681144
SCRAP,MATCHED,2022-11,W2,2022-11-14,97,2,493.08,528.942,472.58320264180236,452.9437963877194,449.99445810070245,8896,24.228133710215346,36.11448779681144
SCRAP,MATCHED,2022-11,W3,2022-11-21,98,1,493.08,503.35,484.59434380298165,488.6248014611745,484.12228764770754,8907,24.129580188441565,39.94080809437582
SCRAP,MATCHED,2022-11,W4,2022-11-30,98,1,493.08,503.35,484.59434380298165,488.6248014611745,484.12228764770754,8915,24.129580188441565,39.94080809437582
SCRAP,MATCHED,2022-12,W0,2022-11-30,98,2,517.66,503.35,443.17701305914903,443.15519222592735,449.53437535653967,8915,22.66151703210525,33.732927504437015
SCRAP,MATCHED,2022-12,W1,2022-12-07,98,2,517.66,503.35,443.17701305914903,443.15519222592735,449.53437535653967,8939,22.66151703210525,33.732927504437015
SCRAP,MATCHED,2022-12,W2,2022-12-14,99,1,517.66,494.258,475.8023692104085,484.00586079500846,482.02624191718513,8948,23.17343611723572,36.19524824799558
SCRAP,MATCHED,2022-12,W3,2022-12-21,99,1,517.66,494.258,475.8023692104085,484.00586079500846,482.02624191718513,8964,23.17343611723572,36.19524824799558
SCRAP,MATCHED,2022-12,W4,2022-12-31,99,1,517.66,494.258,475.8023692104085,484.00586079500846,482.02624191718513,8996,23.17343611723572,36.19524824799558
SCRAP,MATCHED,2023-01,W0,2022-12-31,99,2,570.52,494.258,442.85582918997034,487.6716970671408,479.317199657108,8996,25.332349181379907,44.54527490405743
SCRAP,MATCHED,2023-01,W1,2023-01-07,99,2,570.52,494.258,442.85582918997034,487.6716970671408,479.317199657108,9008,25.332349181379907,44.54527490405743
SCRAP,MATCHED,2023-01,W2,2023-01-14,99,2,570.52,494.258,442.85582918997034,487.6716970671408,479.317199657108,9023,25.332349181379907,44.54527490405743
SCRAP,MATCHED,2023-01,W3,2023-01-21,100,1,570.52,534.202,523.0389015629913,529.7095578580702,541.0252916772419,9028,25.185494804498347,42.015271604623514
SCRAP,MATCHED,2023-01,W4,2023-01-31,100,1,570.52,534.202,523.0389015629913,529.7095578580702,541.0252916772419,9036,25.185494804498347,42.015271604623514
SCRAP,MATCHED,2023-02,W0,2023-01-31,100,2,606.166,534.202,485.66025539170624,516.9247454561558,492.0578516964405,9036,20.553280346520694,34.328346843150236
SCRAP,MATCHED,2023-02,W1,2023-02-07,100,2,606.166,534.202,485.66025539170624,516.9247454561558,492.0578516964405,9059,20.553280346520694,34.328346843150236
SCRAP,MATCHED,2023-02,W2,2023-02-14,100,2,606.166,534.202,485.66025539170624,516.9247454561558,492.0578516964405,9075,20.553280346520694,34.328346843150236
SCRAP,MATCHED,2023-02,W3,2023-02-21,101,1,606.166,591.546,572.4717886063546,569.6107206632655,564.5684654593183,9086,21.488281040857864,39.04426027063007
SCRAP,MATCHED,2023-02,W4,2023-02-28,101,1,606.166,591.546,572.4717886063546,569.6107206632655,564.5684654593183,9100,21.488281040857864,39.04426027063007
SCRAP,MATCHED,2023-03,W0,2023-02-28,101,2,664.4,591.546,514.4871855628503,540.6504506254174,560.0348623275625,9100,24.69642091068237,41.72859360396339
SCRAP,MATCHED,2023-03,W1,2023-03-07,101,2,664.4,591.546,514.4871855628503,540.6504506254174,560.0348623275625,9127,24.69642091068237,41.72859360396339
SCRAP,MATCHED,2023-03,W2,2023-03-14,101,2,664.4,591.546,514.4871855628503,540.6504506254174,560.0348623275625,9146,24.69642091068237,41.72859360396339
SCRAP,MATCHED,2023-03,W3,2023-03-21,102,1,664.4,626.106,608.0732754556184,601.570570001642,607.8268088596717,9153,21.67652051124177,39.29907716436689
SCRAP,MATCHED,2023-03,W4,2023-03-31,102,1,664.4,626.106,608.0732754556184,601.570570001642,607.8268088596717,9165,21.67652051124177,39.29907716436689
SCRAP,MATCHED,2023-04,W0,2023-03-31,102,2,651.118,626.106,559.0971478227663,545.5030211634813,560.2702824137629,9165,24.024383950582955,35.21124383103357
SCRAP,MATCHED,2023-04,W1,2023-04-07,102,2,651.118,626.106,559.0971478227663,545.5030211634813,560.2702824137629,9192,24.024383950582955,35.21124383103357
SCRAP,MATCHED,2023-04,W2,2023-04-14,103,1,651.118,671.838,653.4546188705322,651.4367882289147,653.9074884215174,9210,23.77148293735506,35.369540794478105
SCRAP,MATCHED,2023-04,W3,2023-04-21,103,1,651.118,671.838,653.4546188705322,651.4367882289147,653.9074884215174,9222,23.77148293735506,35.369540794478105
SCRAP,MATCHED,2023-04,W4,2023-04-30,103,1,651.118,671.838,653.4546188705322,651.4367882289147,653.9074884215174,9226,23.77148293735506,35.369540794478105
SCRAP,MATCHED,2023-05,W0,2023-04-30,103,2,617.717,671.838,603.1297747933038,616.8494504917144,617.1373300019337,9226,23.140888662263357,37.14320746114477
SCRAP,MATCHED,2023-05,W1,2023-05-07,103,2,617.717,671.838,603.1297747933038,616.8494504917144,617.1373300019337,9245,23.140888662263357,37.14320746114477
SCRAP,MATCHED,2023-05,W2,2023-05-14,104,1,617.717,651.089,605.7592275952805,610.1418007190671,611.5972989556149,9255,24.289563003242645,33.89134728278631
SCRAP,MATCHED,2023-05,W3,2023-05-21,104,1,617.717,651.089,605.7592275952805,610.1418007190671,611.5972989556149,9271,24.289563003242645,33.89134728278631
SCRAP,MATCHED,2023-05,W4,2023-05-31,104,1,617.717,651.089,605.7592275952805,610.1418007190671,611.5972989556149,9287,24.289563003242645,33.89134728278631
SCRAP,MATCHED,2023-06,W0,2023-05-31,104,2,557.441,651.089,577.2116851029897,605.5116503994445,607.3036197888524,9287,21.796127922434863,36.456618236335466
SCRAP,MATCHED,2023-06,W1,2023-06-07,104,2,557.441,651.089,577.2116851029897,605.5116503994445,607.3036197888524,9316,21.796127922434863,36.456618236335466
SCRAP,MATCHED,2023-06,W2,2023-06-14,105,1,557.441,602.014,579.4659406690255,583.7785517126349,581.8498558572471,9331,22.158399575300507,35.78669595406078
SCRAP,MATCHED,2023-06,W3,2023-06-21,105,1,557.441,602.014,579.4659406690255,583.7785517126349,581.8498558572471,9340,22.158399575300507,35.78669595406078
SCRAP,MATCHED,2023-06,W4,2023-06-30,105,1,557.441,602.014,579.4659406690255,583.7785517126349,581.8498558572471,9360,22.158399575300507,35.78669595406078
SCRAP,MATCHED,2023-07,W0,2023-06-30,105,2,539.555,602.014,557.8785463603971,612.6738071647499,581.1679150223396,9360,22.246779523213117,32.855613495357936
SCRAP,MATCHED,2023-07,W1,2023-07-07,105,2,539.555,602.014,557.8785463603971,612.6738071647499,581.1679150223396,9379,22.246779523213117,32.855613495357936
SCRAP,MATCHED,2023-07,W2,2023-07-14,106,1,539.555,539.463,513.7901606532013,512.8707268707858,528.5536993089481,9397,20.81695207215596,33.68255716821088
SCRAP,MATCHED,2023-07,W3,2023-07-21,106,1,539.555,539.463,513.7901606532013,512.8707268707858,528.5536993089481,9406,20.81695207215596,33.68255716821088
SCRAP,MATCHED,2023-07,W4,2023-07-31,106,1,539.555,539.463,513.7901606532013,512.8707268707858,528.5536993089481,9417,20.81695207215596,33.68255716821088
SCRAP,MATCHED,2023-08,W0,2023-07-31,106,2,543.896,539.463,505.7581458168854,536.721173738067,522.1766510910084,9417,21.13888507310494,32.58089050154422
SCRAP,MATCHED,2023-08,W1,2023-08-07,106,2,543.896,539.463,505.7581458168854,536.721173738067,522.1766510910084,9441,21.13888507310494,32.58089050154422
SCRAP,MATCHED,2023-08,W2,2023-08-14,107,1,543.896,519.409,509.94895647712514,509.8880972398937,526.0936968657783,9452,19.69158496997221,30.534557966923426
SCRAP,MATCHED,2023-08,W3,2023-08-21,107,1,543.896,519.409,509.94895647712514,509.8880972398937,526.0936968657783,9462,19.69158496997221,30.534557966923426
SCRAP,MATCHED,2023-08,W4,2023-08-31,107,1,543.896,519.409,509.94895647712514,509.8880972398937,526.0936968657783,9480,19.69158496997221,30.534557966923426
SCRAP,MATCHED,2023-09,W0,2023-08-31,107,2,547.501,519.409,503.3717244149061,513.1535852258854,531.85583768363,9480,19.9024139591048,32.406083274141174
SCRAP,MATCHED,2023-09,W1,2023-09-07,107,2,547.501,519.409,503.3717244149061,513.1535852258854,531.85583768363,9504,19.9024139591048,32.406083274141174
SCRAP,MATCHED,2023-09,W2,2023-09-14,108,1,547.501,556.201,549.1108611653598,549.0655731797102,574.2739584699232,9523,18.929776088054762,29.809374117247195
SCRAP,MATCHED,2023-09,W3,2023-09-21,108,1,547.501,556.201,549.1108611653598,549.0655731797102,574.2739584699232,9529,18.929776088054762,29.809374117247195
SCRAP,MATCHED,2023-09,W4,2023-09-30,108,1,547.501,556.201,549.1108611653598,549.0655731797102,574.2739584699232,9548,18.929776088054762,29.809374117247195
SCRAP,MATCHED,2023-10,W0,2023-09-30,108,2,534.762,556.201,537.099211381802,540.5294775135532,573.6404544005161,9548,19.642465141062278,29.685522242472665
SCRAP,MATCHED,2023-10,W1,2023-10-07,108,2,534.762,556.201,537.099211381802,540.5294775135532,573.6404544005161,9572,19.642465141062278,29.685522242472665
SCRAP,MATCHED,2023-10,W2,2023-10-14,109,1,534.762,548.783,539.1535657915092,547.9897340338692,563.4290029337169,9583,18.881610791346127,29.325178860676306
SCRAP,MATCHED,2023-10,W3,2023-10-21,109,1,534.762,548.783,539.1535657915092,547.9897340338692,563.4290029337169,9588,18.881610791346127,29.325178860676306
SCRAP,MATCHED,2023-10,W4,2023-10-31,109,1,534.762,548.783,539.1535657915092,547.9897340338692,563.4290029337169,9602,18.881610791346127,29.325178860676306
SCRAP,MATCHED,2023-11,W0,2023-10-31,109,2,554.973,548.783,532.0593433846075,550.3016234751602,552.8806104540752,9602,17.877709029619822,26.992285171216995
SCRAP,MATCHED,2023-11,W1,2023-11-07,109,2,554.973,548.783,532.0593433846075,550.3016234751602,552.8806104540752,9627,17.877709029619822,26.992285171216995
SCRAP,MATCHED,2023-11,W2,2023-11-14,109,2,554.973,548.783,532.0593433846075,550.3016234751602,552.8806104540752,9644,17.877709029619822,26.992285171216995
SCRAP,MATCHED,2023-11,W3,2023-11-21,110,1,554.973,528.592,517.0952178488222,528.7290595603561,537.1414825946381,9657,18.33517055654975,25.942238435173234
SCRAP,MATCHED,2023-11,W4,2023-11-30,110,1,554.973,528.592,517.0952178488222,528.7290595603561,537.1414825946381,9674,18.33517055654975,25.942238435173234
SCRAP,MATCHED,2023-12,W0,2023-11-30,110,2,608.785,528.592,518.1226563846697,541.9491807636331,551.7257319746747,9674,18.417096329099508,29.894038872629434
SCRAP,MATCHED,2023-12,W1,2023-12-07,110,2,608.785,528.592,518.1226563846697,541.9491807636331,551.7257319746747,9701,18.417096329099508,29.894038872629434
SCRAP,MATCHED,2023-12,W2,2023-12-14,111,1,608.785,562.716,574.5898516566792,580.422657607457,589.1614909887317,9720,17.983678722686772,28.1639307748742
SCRAP,MATCHED,2023-12,W3,2023-12-21,111,1,608.785,562.716,574.5898516566792,580.422657607457,589.1614909887317,9727,17.983678722686772,28.1639307748742
SCRAP,MATCHED,2023-12,W4,2023-12-31,111,1,608.785,562.716,574.5898516566792,580.422657607457,589.1614909887317,9743,17.983678722686772,28.1639307748742
SCRAP,MATCHED,2024-01,W0,2023-12-31,111,2,620.161,562.716,570.753810093064,572.4359487598085,584.4280603141693,9743,20.530809999931925,27.949938580050024
SCRAP,MATCHED,2024-01,W1,2024-01-07,111,2,620.161,562.716,570.753810093064,572.4359487598085,584.4280603141693,9757,20.530809999931925,27.949938580050024
SCRAP,MATCHED,2024-01,W2,2024-01-14,112,1,620.161,618.225,625.7699976314914,628.2338708053551,641.6902465487768,9770,20.093542313605937,29.370021591642274
SCRAP,MATCHED,2024-01,W3,2024-01-21,112,1,620.161,618.225,625.7699976314914,628.2338708053551,641.6902465487768,9778,20.093542313605937,29.370021591642274
SCRAP,MATCHED,2024-01,W4,2024-01-31,112,1,620.161,618.225,625.7699976314914,628.2338708053551,641.6902465487768,9788,20.093542313605937,29.370021591642274
SCRAP,MATCHED,2024-02,W0,2024-01-31,112,2,603.853,618.225,609.7197622881707,610.7799419096502,609.2879400831143,9788,16.416812962654706,25.37812587852477
SCRAP,MATCHED,2024-02,W1,2024-02-07,112,2,603.853,618.225,609.7197622881707,610.7799419096502,609.2879400831143,9813,16.416812962654706,25.37812587852477
SCRAP,MATCHED,2024-02,W2,2024-02-14,112,2,603.853,618.225,609.7197622881707,610.7799419096502,609.2879400831143,9824,16.416812962654706,25.37812587852477
SCRAP,MATCHED,2024-02,W3,2024-02-21,113,1,603.853,614.603,594.6176277927265,598.4279324474717,601.9107094562913,9830,18.03348847958598,26.426686739709023
SCRAP,MATCHED,2024-02,W4,2024-02-29,113,1,603.853,614.603,594.6176277927265,598.4279324474717,601.9107094562913,9845,18.03348847958598,26.426686739709023
SCRAP,MATCHED,2024-03,W0,2024-02-29,113,2,556.234,614.603,585.244824244879,597.4425430731396,604.8248811934957,9845,18.83365735357183,26.1846969177099
SCRAP,MATCHED,2024-03,W1,2024-03-07,113,2,556.234,614.603,585.244824244879,597.4425430731396,604.8248811934957,9865,18.83365735357183,26.1846969177099
SCRAP,MATCHED,2024-03,W2,2024-03-14,114,1,556.234,586.525,581.622515241118,580.9385928739679,584.7056555653993,9881,17.75541857941894,24.517455585804218
SCRAP,MATCHED,2024-03,W3,2024-03-21,114,1,556.234,586.525,581.622515241118,580.9385928739679,584.7056555653993,9892,17.75541857941894,24.517455585804218
SCRAP,MATCHED,2024-03,W4,2024-03-31,114,1,556.234,586.525,581.622515241118,580.9385928739679,584.7056555653993,9900,17.75541857941894,24.517455585804218
SCRAP,MATCHED,2024-04,W0,2024-03-31,114,2,543.767,586.525,567.3726163227826,580.8072842838135,584.7081211082941,9900,18.56106444912693,22.390174621452463
SCRAP,MATCHED,2024-04,W1,2024-04-07,114,2,543.767,586.525,567.3726163227826,580.8072842838135,584.7081211082941,9920,18.56106444912693,22.390174621452463
SCRAP,MATCHED,2024-04,W2,2024-04-14,115,1,543.767,544.29,525.1076953007206,528.382385862863,540.6595638447338,9933,17.914606400393886,20.480622143847004
SCRAP,MATCHED,2024-04,W3,2024-04-21,115,1,543.767,544.29,525.1076953007206,528.382385862863,540.6595638447338,9945,17.914606400393886,20.480622143847004
SCRAP,MATCHED,2024-04,W4,2024-04-30,115,1,543.767,544.29,525.1076953007206,528.382385862863,540.6595638447338,9969,17.914606400393886,20.480622143847004
SCRAP,MATCHED,2024-05,W0,2024-04-30,115,2,541.476,544.29,517.8452366131996,533.3446789683936,544.4937852059966,9969,15.91578696864112,26.443790524551638
SCRAP,MATCHED,2024-05,W1,2024-05-07,115,2,541.476,544.29,517.8452366131996,533.3446789683936,544.4937852059966,9994,15.91578696864112,26.443790524551638
SCRAP,MATCHED,2024-05,W2,2024-05-14,116,1,541.476,547.78,548.0414405123367,548.1832100434694,549.0130487851555,10004,15.794244000935144,23.407081405844288
SCRAP,MATCHED,2024-05,W3,2024-05-21,116,1,541.476,547.78,548.0414405123367,548.1832100434694,549.0130487851555,10020,15.794244000935144,23.407081405844288
SCRAP,MATCHED,2024-05,W4,2024-05-31,116,1,541.476,547.78,548.0414405123367,548.1832100434694,549.0130487851555,10042,15.794244000935144,23.407081405844288
SCRAP,MATCHED,2024-06,W0,2024-05-31,116,2,521.206,547.78,531.0192879753815,535.9630677281084,543.2333564378666,10042,14.358478043433315,20.539731183841862
SCRAP,MATCHED,2024-06,W1,2024-06-07,116,2,521.206,547.78,531.0192879753815,535.9630677281084,543.2333564378666,10076,14.358478043433315,20.539731183841862
SCRAP,MATCHED,2024-06,W2,2024-06-14,117,1,521.206,535.947,518.4333269148167,524.4038908762418,525.9731643913483,10100,12.504976532570314,23.57763805513747
SCRAP,MATCHED,2024-06,W3,2024-06-21,117,1,521.206,535.947,518.4333269148167,524.4038908762418,525.9731643913483,10106,12.504976532570314,23.57763805513747
SCRAP,MATCHED,2024-06,W4,2024-06-30,117,1,521.206,535.947,518.4333269148167,524.4038908762418,525.9731643913483,10114,12.504976532570314,23.57763805513747
SCRAP,MATCHED,2024-07,W0,2024-06-30,117,2,522.499,535.947,511.52478326133365,524.5487352873819,524.137297313519,10114,16.255197875732048,22.204304721804135
SCRAP,MATCHED,2024-07,W1,2024-07-07,117,2,522.499,535.947,511.52478326133365,524.5487352873819,524.137297313519,10132,16.255197875732048,22.204304721804135
SCRAP,MATCHED,2024-07,W2,2024-07-14,118,1,522.499,517.279,508.31034242370185,508.28037697226426,516.5647514475475,10142,13.74693501401543,21.97296967511325
SCRAP,MATCHED,2024-07,W3,2024-07-21,118,1,522.499,517.279,508.31034242370185,508.28037697226426,516.5647514475475,10154,13.74693501401543,21.97296967511325
SCRAP,MATCHED,2024-07,W4,2024-07-31,118,1,522.499,517.279,508.31034242370185,508.28037697226426,516.5647514475475,10165,13.74693501401543,21.97296967511325
SCRAP,MATCHED,2024-08,W0,2024-07-31,118,2,520.709,517.279,505.41874178283314,515.7568465974235,511.52537196983576,10165,11.736137175926741,20.92296967511325
SCRAP,MATCHED,2024-08,W1,2024-08-07,118,2,520.709,517.279,505.41874178283314,515.7568465974235,511.52537196983576,10178,11.736137175926741,20.92296967511325
SCRAP,MATCHED,2024-08,W2,2024-08-14,119,1,520.709,534.435,537.2146878544432,537.1895934795386,539.5432102844056,10208,12.60662297923909,19.565958177430673
SCRAP,MATCHED,2024-08,W3,2024-08-21,119,1,520.709,534.435,537.2146878544432,537.1895934795386,539.5432102844056,10230,12.60662297923909,19.565958177430673
SCRAP,MATCHED,2024-08,W4,2024-08-31,119,1,520.709,534.435,537.2146878544432,537.1895934795386,539.5432102844056,10248,12.60662297923909,19.565958177430673
SCRAP,MATCHED,2024-09,W0,2024-08-31,119,2,516.389,534.435,531.2033935682216,528.9329916450057,542.5251771791293,10248,14.054011888776879,25.163304659137374
SCRAP,MATCHED,2024-09,W1,2024-09-07,119,2,516.389,534.435,531.2033935682216,528.9329916450057,542.5251771791293,10262,14.054011888776879,25.163304659137374
SCRAP,MATCHED,2024-09,W2,2024-09-14,120,1,516.389,533.358,527.2677912998678,527.1225858402375,536.6336931448915,10292,13.629845601433187,23.76204722326933
SCRAP,MATCHED,2024-09,W3,2024-09-21,120,1,516.389,533.358,527.2677912998678,527.1225858402375,536.6336931448915,10303,13.629845601433187,23.76204722326933
SCRAP,MATCHED,2024-09,W4,2024-09-30,120,1,516.389,533.358,527.2677912998678,527.1225858402375,536.6336931448915,10323,13.629845601433187,23.76204722326933
SCRAP,MATCHED,2024-10,W0,2024-09-30,120,2,526.359,533.358,515.4193055428793,521.808070237067,526.8826643528316,10323,15.045191228785011,25.16377282530369
SCRAP,MATCHED,2024-10,W1,2024-10-07,120,2,526.359,533.358,515.4193055428793,521.808070237067,526.8826643528316,10337,15.045191228785011,25.16377282530369
SCRAP,MATCHED,2024-10,W2,2024-10-14,121,1,526.359,517.062,514.21168549133,520.7405815615277,522.9261632748079,10353,15.657181088007594,27.999585395706884
SCRAP,MATCHED,2024-10,W3,2024-10-21,121,1,526.359,517.062,514.21168549133,520.7405815615277,522.9261632748079,10370,15.657181088007594,27.999585395706884
SCRAP,MATCHED,2024-10,W4,2024-10-31,121,1,526.359,517.062,514.21168549133,520.7405815615277,522.9261632748079,10388,15.657181088007594,27.999585395706884
SCRAP,MATCHED,2024-11,W0,2024-10-31,121,2,527.912,517.062,511.31276878517207,527.7839656357351,533.4511516044716,10388,12.232414813418396,23.975353728861936
SCRAP,MATCHED,2024-11,W1,2024-11-07,121,2,527.912,517.062,511.31276878517207,527.7839656357351,533.4511516044716,10409,12.232414813418396,23.975353728861936
SCRAP,MATCHED,2024-11,W2,2024-11-14,122,1,527.912,536.479,540.964752460567,548.570207991917,549.2706811245774,10444,13.63193241621553,26.61530958538947
SCRAP,MATCHED,2024-11,W3,2024-11-21,122,1,527.912,536.479,540.964752460567,548.570207991917,549.2706811245774,10467,13.63193241621553,26.61530958538947
SCRAP,MATCHED,2024-11,W4,2024-11-30,122,1,527.912,536.479,540.964752460567,548.570207991917,549.2706811245774,10481,13.63193241621553,26.61530958538947
SCRAP,MATCHED,2024-12,W0,2024-11-30,122,2,514.749,536.479,537.1362121923606,548.0985868402529,559.832713665872,10481,15.255704580316307,28.241658529074435
SCRAP,MATCHED,2024-12,W1,2024-12-07,122,2,514.749,536.479,537.1362121923606,548.0985868402529,559.832713665872,10499,15.255704580316307,28.241658529074435
SCRAP,MATCHED,2024-12,W2,2024-12-14,123,1,514.749,530.05,526.8536855219969,533.7962877214319,540.0290811662879,10524,13.101114634609809,26.92551266798954
SCRAP,MATCHED,2024-12,W3,2024-12-21,123,1,514.749,530.05,526.8536855219969,533.7962877214319,540.0290811662879,10545,13.101114634609809,26.92551266798954
SCRAP,MATCHED,2024-12,W4,2024-12-31,123,1,514.749,530.05,526.8536855219969,533.7962877214319,540.0290811662879,10564,13.101114634609809,26.92551266798954
SCRAP,MATCHED,2025-01,W0,2024-12-31,123,2,530.866,530.05,521.7886700501178,541.6279905345432,561.6369896794392,10564,16.96816757905693,27.026902118744893
SCRAP,MATCHED,2025-01,W1,2025-01-07,123,2,530.866,530.05,521.7886700501178,541.6279905345432,561.6369896794392,10575,16.96816757905693,27.026902118744893
SCRAP,MATCHED,2025-01,W2,2025-01-14,124,1,530.866,516.258,512.2073308000188,513.3182995486648,529.0313076882547,10588,16.696264149376738,27.86700179265289
SCRAP,MATCHED,2025-01,W3,2025-01-21,124,1,530.866,516.258,512.2073308000188,513.3182995486648,529.0313076882547,10596,16.696264149376738,27.86700179265289
SCRAP,MATCHED,2025-01,W4,2025-01-31,124,1,530.866,516.258,512.2073308000188,513.3182995486648,529.0313076882547,10622,16.696264149376738,27.86700179265289
SCRAP,MATCHED,2025-02,W0,2025-01-31,124,2,574.367,516.258,505.08325134702807,527.545735037335,514.0676025204082,10622,12.976796972955192,24.129738193198854
SCRAP,MATCHED,2025-02,W1,2025-02-07,124,2,574.367,516.258,505.08325134702807,527.545735037335,514.0676025204082,10634,12.976796972955192,24.129738193198854
SCRAP,MATCHED,2025-02,W2,2025-02-14,125,1,574.367,543.349,549.4279983816689,550.2652315973448,550.8548001655853,10648,15.790794404091049,25.458830466132593
SCRAP,MATCHED,2025-02,W3,2025-02-21,125,1,574.367,543.349,549.4279983816689,550.2652315973448,550.8548001655853,10667,15.790794404091049,25.458830466132593
SCRAP,MATCHED,2025-02,W4,2025-02-28,125,1,574.367,543.349,549.4279983816689,550.2652315973448,550.8548001655853,10680,15.790794404091049,25.458830466132593
SCRAP,MATCHED,2025-03,W0,2025-02-28,125,2,607.858,543.349,531.644515754094,534.6487438370544,553.8816030293854,10680,19.30745734378872,29.87817940981755
SCRAP,MATCHED,2025-03,W1,2025-03-07,125,2,607.858,543.349,531.644515754094,534.6487438370544,553.8816030293854,10701,19.30745734378872,29.87817940981755
SCRAP,MATCHED,2025-03,W2,2025-03-14,126,1,607.858,601.79,595.047931681672,590.4287814448915,593.5670089039322,10720,19.16147974078125,27.47464386848037
SCRAP,MATCHED,2025-03,W3,2025-03-21,126,1,607.858,601.79,595.047931681672,590.4287814448915,593.5670089039322,10728,19.16147974078125,27.47464386848037
SCRAP,MATCHED,2025-03,W4,2025-03-31,126,1,607.858,601.79,595.047931681672,590.4287814448915,593.5670089039322,10741,19.16147974078125,27.47464386848037
SCRAP,MATCHED,2025-04,W0,2025-03-31,126,2,567.259,601.79,574.2338897358574,562.9360116987867,580.8478322072488,10741,19.503538564551608,26.582128258128744
SCRAP,MATCHED,2025-04,W1,2025-04-07,126,2,567.259,601.79,574.2338897358574,562.9360116987867,580.8478322072488,10763,19.503538564551608,26.582128258128744
SCRAP,MATCHED,2025-04,W2,2025-04-14,127,1,567.259,603.832,589.5523076844762,588.7762841402359,591.9524460419264,10785,22.349679523764145,27.994143118087706
SCRAP,MATCHED,2025-04,W3,2025-04-21,127,1,567.259,603.832,589.5523076844762,588.7762841402359,591.9524460419264,10795,22.349679523764145,27.994143118087706
SCRAP,MATCHED,2025-04,W4,2025-04-30,127,1,567.259,603.832,589.5523076844762,588.7762841402359,591.9524460419264,10805,22.349679523764145,27.994143118087706
SCRAP,MATCHED,2025-05,W0,2025-04-30,127,2,538.243,603.832,567.0947765514649,576.0092763582049,574.5647030096593,10805,18.203935780133644,32.15978688192993
SCRAP,MATCHED,2025-05,W1,2025-05-07,127,2,538.243,603.832,567.0947765514649,576.0092763582049,574.5647030096593,10824,18.203935780133644,32.15978688192993
SCRAP,MATCHED,2025-05,W2,2025-05-14,127,2,538.243,603.832,567.0947765514649,576.0092763582049,574.5647030096593,10842,18.203935780133644,32.15978688192993
SCRAP,MATCHED,2025-05,W3,2025-05-21,128,1,538.243,560.08,540.4332581027099,555.5504800841046,538.8238353100855,10862,20.390453225434577,32.9200974773893
SCRAP,MATCHED,2025-05,W4,2025-05-31,128,1,538.243,560.08,540.4332581027099,555.5504800841046,538.8238353100855,10889,20.390453225434577,32.9200974773893
SCRAP,MATCHED,2025-06,W0,2025-05-31,128,2,530.948,560.08,540.0383715027465,557.7730893457432,554.3416704137687,10889,23.034058819508942,25.921705724444678
SCRAP,MATCHED,2025-06,W1,2025-06-07,128,2,530.948,560.08,540.0383715027465,557.7730893457432,554.3416704137687,10906,23.034058819508942,25.921705724444678
SCRAP,MATCHED,2025-06,W2,2025-06-14,129,1,530.948,511.875,500.4286657061712,507.5702992512936,507.84750046760644,10927,21.45255124798923,29.45996595091487
SCRAP,MATCHED,2025-06,W3,2025-06-21,129,1,530.948,511.875,500.4286657061712,507.5702992512936,507.84750046760644,10942,21.45255124798923,29.45996595091487
SCRAP,MATCHED,2025-06,W4,2025-06-30,129,1,530.948,511.875,500.4286657061712,507.5702992512936,507.84750046760644,10956,21.45255124798923,29.45996595091487
SCRAP,MATCHED,2025-07,W0,2025-06-30,129,2,530.174,511.875,509.8294516424525,535.6930415094333,524.6110039832998,10956,18.334072846464295,31.3412992842482
SCRAP,MATCHED,2025-07,W1,2025-07-07,129,2,530.174,511.875,509.8294516424525,535.6930415094333,524.6110039832998,10970,18.334072846464295,31.3412992842482
SCRAP,MATCHED,2025-07,W2,2025-07-14,129,2,530.174,511.875,509.8294516424525,535.6930415094333,524.6110039832998,10988,18.334072846464295,31.3412992842482
SCRAP,MATCHED,2025-07,W3,2025-07-21,130,1,530.174,513.018,517.4003653055723,514.363620307993,514.2032039082487,10999,19.609734791941644,28.683476255542228
SCRAP,MATCHED,2025-07,W4,2025-07-31,130,1,530.174,513.018,517.4003653055723,514.363620307993,514.2032039082487,11020,19.609734791941644,28.683476255542228
SCRAP,MATCHED,2025-08,W0,2025-07-31,130,2,530.965,513.018,505.95615345599356,514.4398466730453,517.2186488194523,11020,21.316719397191502,29.822142922208897
SCRAP,MATCHED,2025-08,W1,2025-08-07,130,2,530.965,513.018,505.95615345599356,514.4398466730453,517.2186488194523,11035,21.316719397191502,29.822142922208897
SCRAP,MATCHED,2025-08,W2,2025-08-14,131,1,530.965,529.915,527.1538681524972,527.0830578976934,528.4953086671183,11057,19.592439097323947,28.192926240882908
SCRAP,MATCHED,2025-08,W3,2025-08-21,131,1,530.965,529.915,527.1538681524972,527.0830578976934,528.4953086671183,11073,19.592439097323947,28.192926240882908
SCRAP,MATCHED,2025-08,W4,2025-08-31,131,1,530.965,529.915,527.1538681524972,527.0830578976934,528.4953086671183,11105,19.592439097323947,28.192926240882908
SCRAP,MATCHED,2025-09,W0,2025-08-31,131,2,527.241,529.915,519.0717830201505,528.8755979979662,524.3187936462688,11105,21.88036789457986,32.08649987983876
SCRAP,MATCHED,2025-09,W1,2025-09-07,131,2,527.241,529.915,519.0717830201505,528.8755979979662,524.3187936462688,11115,21.88036789457986,32.08649987983876
SCRAP,MATCHED,2025-09,W2,2025-09-14,132,1,527.241,532.482,529.3111654741975,529.265771769553,536.5179698632475,11139,22.287881843272864,32.89846508024196
SCRAP,MATCHED,2025-09,W3,2025-09-21,132,1,527.241,532.482,529.3111654741975,529.265771769553,536.5179698632475,11156,22.287881843272864,32.89846508024196
SCRAP,MATCHED,2025-09,W4,2025-09-30,132,1,527.241,532.482,529.3111654741975,529.265771769553,536.5179698632475,11177,22.287881843272864,32.89846508024196
SCRAP,MATCHED,2025-10,W0,2025-09-30,132,2,517.244,532.482,523.0429938911084,531.9292451029698,532.322038049183,11177,18.39646018887386,28.234045687614213
SCRAP,MATCHED,2025-10,W1,2025-10-07,132,2,517.244,532.482,523.0429938911084,531.9292451029698,532.322038049183,11197,18.39646018887386,28.234045687614213
SCRAP,MATCHED,2025-10,W2,2025-10-14,132,2,517.244,532.482,523.0429938911084,531.9292451029698,532.322038049183,11197,18.39646018887386,28.234045687614213
SCRAP,MATCHED,2025-10,W3,2025-10-21,132,2,517.244,532.482,523.0429938911084,531.9292451029698,532.322038049183,11199,18.39646018887386,28.234045687614213
SCRAP,MATCHED,2025-10,W4,2025-10-31,132,2,517.244,532.482,523.0429938911084,531.9292451029698,532.322038049183,11200,18.39646018887386,28.234045687614213
SCRAP,MATCHED,2025-11,W0,2025-10-31,132,3,519.92,532.482,519.756492059952,515.8653740312703,512.3072327986476,11200,18.02984455439415,25.94054568761421
SCRAP,MATCHED,2025-11,W1,2025-11-07,132,3,519.92,532.482,519.756492059952,515.8653740312703,512.3072327986476,11202,18.02984455439415,25.94054568761421
SCRAP,MATCHED,2025-11,W2,2025-11-14,132,3,519.92,532.482,519.756492059952,515.8653740312703,512.3072327986476,11205,18.02984455439415,25.94054568761421
SCRAP,MATCHED,2025-11,W3,2025-11-21,132,3,519.92,532.482,519.756492059952,515.8653740312703,512.3072327986476,11216,18.02984455439415,25.94054568761421
SCRAP,MATCHED,2025-11,W4,2025-11-30,133,2,519.92,530.07,522.3955073619558,543.9042062008425,540.7647922945389,11230,19.880125947026993,29.322045665773047
SCRAP,MATCHED,2025-12,W0,2025-11-30,133,3,532.289,530.07,518.121041526587,546.8003116728403,518.6948099745055,11230,22.434420243958805,31.876962770759796
SCRAP,MATCHED,2025-12,W1,2025-12-07,133,3,532.289,530.07,518.121041526587,546.8003116728403,518.6948099745055,11244,22.434420243958805,31.876962770759796
SCRAP,MATCHED,2025-12,W2,2025-12-14,133,3,532.289,530.07,518.121041526587,546.8003116728403,518.6948099745055,11257,22.434420243958805,31.876962770759796
SCRAP,MATCHED,2025-12,W3,2025-12-21,133,3,532.289,530.07,518.121041526587,546.8003116728403,518.6948099745055,11273,22.434420243958805,31.876962770759796
SCRAP,MATCHED,2025-12,W4,2025-12-31,133,3,532.289,530.07,518.121041526587,546.8003116728403,518.6948099745055,11293,22.434420243958805,31.876962770759796
SCRAP,MATCHED,2026-01,W0,2025-12-31,133,4,573.649,530.07,512.8808184208185,516.7266900553216,516.8485821963986,11293,20.823632463802266,34.96215179745661
SCRAP,MATCHED,2026-01,W1,2026-01-07,133,4,573.649,530.07,512.8808184208185,516.7266900553216,516.8485821963986,11293,20.823632463802266,34.96215179745661
SCRAP,MATCHED,2026-01,W2,2026-01-14,133,4,573.649,530.07,512.8808184208185,516.7266900553216,516.8485821963986,11293,20.823632463802266,34.96215179745661
SCRAP,MATCHED,2026-01,W3,2026-01-21,133,4,573.649,530.07,512.8808184208185,516.7266900553216,516.8485821963986,11293,20.823632463802266,34.96215179745661
SCRAP,MATCHED,2026-01,W4,2026-01-31,133,4,573.649,530.07,512.8808184208185,516.7266900553216,516.8485821963986,11293,20.823632463802266,34.96215179745661
SCRAP,MAXIMUM,2021-12,W0,2021-11-30,126,2,739.064,690.1,682.2856924636515,682.2407732056575,684.9834571295917,8214,22.134047911213656,28.764451112664553
SCRAP,MAXIMUM,2021-12,W1,2021-12-07,126,2,739.064,690.1,682.2856924636515,682.2407732056575,684.9834571295917,8236,22.134047911213656,28.764451112664553
SCRAP,MAXIMUM,2021-12,W2,2021-12-14,129,1,739.064,765.016,764.1604888509291,783.9673059158613,783.2330522176071,8254,22.468973180438034,26.1899305603087
SCRAP,MAXIMUM,2021-12,W3,2021-12-21,129,1,739.064,765.016,764.1604888509291,783.9673059158613,783.2330522176071,8257,22.468973180438034,26.1899305603087
SCRAP,MAXIMUM,2021-12,W4,2021-12-31,129,1,739.064,765.016,764.1604888509291,783.9673059158613,783.2330522176071,8274,22.468973180438034,26.1899305603087
SCRAP,MAXIMUM,2022-01,W0,2021-12-31,127,2,689.363,765.016,743.397605167632,743.2516613240217,748.4576208733724,8274,23.38986539800787,29.73538989909083
SCRAP,MAXIMUM,2022-01,W1,2022-01-07,127,2,689.363,765.016,743.397605167632,743.2516613240217,748.4576208733724,8300,23.38986539800787,29.73538989909083
SCRAP,MAXIMUM,2022-01,W2,2022-01-14,130,1,689.363,737.872,718.7425101365822,726.7907872166364,726.7168547912354,8306,21.15226210959727,27.93517647988371
SCRAP,MAXIMUM,2022-01,W3,2022-01-21,130,1,689.363,737.872,718.7425101365822,726.7907872166364,726.7168547912354,8312,21.15226210959727,27.93517647988371
SCRAP,MAXIMUM,2022-01,W4,2022-01-31,130,1,689.363,737.872,718.7425101365822,726.7907872166364,726.7168547912354,8322,21.15226210959727,27.93517647988371
SCRAP,MAXIMUM,2022-02,W0,2022-01-31,128,2,687.35,737.872,709.5777489247627,726.5446931685576,727.1859308763211,8322,22.45365438396685,25.52000981321704
SCRAP,MAXIMUM,2022-02,W1,2022-02-07,128,2,687.35,737.872,709.5777489247627,726.5446931685576,727.1859308763211,8347,22.45365438396685,25.52000981321704
SCRAP,MAXIMUM,2022-02,W2,2022-02-14,128,2,687.35,737.872,709.5777489247627,726.5446931685576,727.1859308763211,8364,22.45365438396685,25.52000981321704
SCRAP,MAXIMUM,2022-02,W3,2022-02-21,131,1,687.35,659.741,654.3245861802004,627.953481468405,629.2760760981149,8373,20.83077254637986,25.507279805214836
SCRAP,MAXIMUM,2022-02,W4,2022-02-28,131,1,687.35,659.741,654.3245861802004,627.953481468405,629.2760760981149,8386,20.83077254637986,25.507279805214836
SCRAP,MAXIMUM,2022-03,W0,2022-02-28,129,2,858.642,659.741,643.906268058654,641.4238391942681,642.3808079451032,8386,22.468014201363864,26.118444323839697
SCRAP,MAXIMUM,2022-03,W1,2022-03-07,129,2,858.642,659.741,643.906268058654,641.4238391942681,642.3808079451032,8407,22.468014201363864,26.118444323839697
SCRAP,MAXIMUM,2022-03,W2,2022-03-14,129,2,858.642,659.741,643.906268058654,641.4238391942681,642.3808079451032,8424,22.468014201363864,26.118444323839697
SCRAP,MAXIMUM,2022-03,W3,2022-03-21,132,1,858.642,661.402,657.415203903696,582.6765552262318,583.2442482341035,8434,22.467248157345274,24.003774738394423
SCRAP,MAXIMUM,2022-03,W4,2022-03-31,132,1,858.642,661.402,657.415203903696,582.6765552262318,583.2442482341035,8447,22.467248157345274,24.003774738394423
SCRAP,MAXIMUM,2022-04,W0,2022-03-31,130,2,859.242,661.402,640.0599399814897,565.9361582352741,566.506252263849,8447,23.488835943207036,28.399115876903572
SCRAP,MAXIMUM,2022-04,W1,2022-04-07,130,2,859.242,661.402,640.0599399814897,565.9361582352741,566.506252263849,8465,23.488835943207036,28.399115876903572
SCRAP,MAXIMUM,2022-04,W2,2022-04-14,133,1,859.242,844.532,824.8294693731966,821.4194209898325,826.9504602335437,8485,25.37291697671532,27.537596965848667
SCRAP,MAXIMUM,2022-04,W3,2022-04-21,133,1,859.242,844.532,824.8294693731966,821.4194209898325,826.9504602335437,8490,25.37291697671532,27.537596965848667
SCRAP,MAXIMUM,2022-04,W4,2022-04-30,133,1,859.242,844.532,824.8294693731966,821.4194209898325,826.9504602335437,8495,25.37291697671532,27.537596965848667
SCRAP,MAXIMUM,2022-05,W0,2022-04-30,131,2,756.577,844.532,779.2387695438063,683.0305428612523,683.6953402827129,8495,21.584107317507343,23.656819904084827
SCRAP,MAXIMUM,2022-05,W1,2022-05-07,131,2,756.577,844.532,779.2387695438063,683.0305428612523,683.6953402827129,8511,21.584107317507343,23.656819904084827
SCRAP,MAXIMUM,2022-05,W2,2022-05-14,134,1,756.577,831.034,774.8297329064408,775.4416683645277,776.678933230322,8524,24.41303454115934,27.0244474046846
SCRAP,MAXIMUM,2022-05,W3,2022-05-21,134,1,756.577,831.034,774.8297329064408,775.4416683645277,776.678933230322,8536,24.41303454115934,27.0244474046846
SCRAP,MAXIMUM,2022-05,W4,2022-05-31,134,1,756.577,831.034,774.8297329064408,775.4416683645277,776.678933230322,8547,24.41303454115934,27.0244474046846
SCRAP,MAXIMUM,2022-06,W0,2022-05-31,132,2,679.742,831.034,757.2810961301591,737.4913640369512,737.1871649090356,8547,23.62517477212473,31.058455209860416
SCRAP,MAXIMUM,2022-06,W1,2022-06-07,132,2,679.742,831.034,757.2810961301591,737.4913640369512,737.1871649090356,8579,23.62517477212473,31.058455209860416
SCRAP,MAXIMUM,2022-06,W2,2022-06-14,135,1,679.742,756.48,765.9637765747906,767.1839735459139,760.6689325908167,8601,23.175393895120354,29.616815283291537
SCRAP,MAXIMUM,2022-06,W3,2022-06-21,135,1,679.742,756.48,765.9637765747906,767.1839735459139,760.6689325908167,8606,23.175393895120354,29.616815283291537
SCRAP,MAXIMUM,2022-06,W4,2022-06-30,135,1,679.742,756.48,765.9637765747906,767.1839735459139,760.6689325908167,8619,23.175393895120354,29.616815283291537
SCRAP,MAXIMUM,2022-07,W0,2022-06-30,133,2,593.864,756.48,777.8687626393865,777.49070837624,780.8510436622025,8619,25.91660747862657,29.859156421800684
SCRAP,MAXIMUM,2022-07,W1,2022-07-07,133,2,593.864,756.48,777.8687626393865,777.49070837624,780.8510436622025,8636,25.91660747862657,29.859156421800684
SCRAP,MAXIMUM,2022-07,W2,2022-07-14,136,1,593.864,680.206,685.8471461202308,682.125343355259,682.5144071230025,8646,25.17603628993297,32.77895712685675
SCRAP,MAXIMUM,2022-07,W3,2022-07-21,136,1,593.864,680.206,685.8471461202308,682.125343355259,682.5144071230025,8655,25.17603628993297,32.77895712685675
SCRAP,MAXIMUM,2022-07,W4,2022-07-31,136,1,593.864,680.206,685.8471461202308,682.125343355259,682.5144071230025,8664,25.17603628993297,32.77895712685675
SCRAP,MAXIMUM,2022-08,W0,2022-07-31,134,2,546.383,680.206,675.4533947138048,684.4403608922839,667.560972088814,8664,23.18785681055221,26.005127696111323
SCRAP,MAXIMUM,2022-08,W1,2022-08-07,134,2,546.383,680.206,675.4533947138048,684.4403608922839,667.560972088814,8689,23.18785681055221,26.005127696111323
SCRAP,MAXIMUM,2022-08,W2,2022-08-14,137,1,546.383,594.231,576.788530209021,565.0108477238645,527.813620120872,8696,24.08804803793378,28.237348631861302
SCRAP,MAXIMUM,2022-08,W3,2022-08-21,137,1,546.383,594.231,576.788530209021,565.0108477238645,527.813620120872,8703,24.08804803793378,28.237348631861302
SCRAP,MAXIMUM,2022-08,W4,2022-08-31,137,1,546.383,594.231,576.788530209021,565.0108477238645,527.813620120872,8727,24.08804803793378,28.237348631861302
SCRAP,MAXIMUM,2022-09,W0,2022-08-31,135,2,527.719,594.231,569.7575042776188,558.8441764975731,558.8786961510576,8727,23.82609692694228,36.06207998781417
SCRAP,MAXIMUM,2022-09,W1,2022-09-07,135,2,527.719,594.231,569.7575042776188,558.8441764975731,558.8786961510576,8746,23.82609692694228,36.06207998781417
SCRAP,MAXIMUM,2022-09,W2,2022-09-14,138,1,527.719,562.991,548.4877431211521,535.1072076706978,534.7001555485498,8778,23.987092065397277,32.53121793374982
SCRAP,MAXIMUM,2022-09,W3,2022-09-21,138,1,527.719,562.991,548.4877431211521,535.1072076706978,534.7001555485498,8790,23.987092065397277,32.53121793374982
SCRAP,MAXIMUM,2022-09,W4,2022-09-30,138,1,527.719,562.991,548.4877431211521,535.1072076706978,534.7001555485498,8816,23.987092065397277,32.53121793374982
SCRAP,MAXIMUM,2022-10,W0,2022-09-30,136,2,510.006,562.991,509.1124052558741,497.4534385795044,496.04525182265405,8816,23.279602543667238,34.0071447072566
SCRAP,MAXIMUM,2022-10,W1,2022-10-07,136,2,510.006,562.991,509.1124052558741,497.4534385795044,496.04525182265405,8830,23.279602543667238,34.0071447072566
SCRAP,MAXIMUM,2022-10,W2,2022-10-14,139,1,510.006,528.942,508.30816654887815,503.5219759086298,499.06208265569796,8844,23.48264176902018,37.38284568949271
SCRAP,MAXIMUM,2022-10,W3,2022-10-21,139,1,510.006,528.942,508.30816654887815,503.5219759086298,499.06208265569796,8857,23.48264176902018,37.38284568949271
SCRAP,MAXIMUM,2022-10,W4,2022-10-31,139,1,510.006,528.942,508.30816654887815,503.5219759086298,499.06208265569796,8874,23.48264176902018,37.38284568949271
SCRAP,MAXIMUM,2022-11,W0,2022-10-31,137,2,493.08,528.942,454.0244749271372,447.64153767677305,447.051498919569,8874,24.228133710215346,36.11448779681144
SCRAP,MAXIMUM,2022-11,W1,2022-11-07,137,2,493.08,528.942,454.0244749271372,447.64153767677305,447.051498919569,8892,24.228133710215346,36.11448779681144
SCRAP,MAXIMUM,2022-11,W2,2022-11-14,137,2,493.08,528.942,454.0244749271372,447.64153767677305,447.051498919569,8896,24.228133710215346,36.11448779681144
SCRAP,MAXIMUM,2022-11,W3,2022-11-21,140,1,493.08,503.35,485.0601205959481,485.22999760570565,482.28393104655754,8907,24.129580188441565,39.94080809437582
SCRAP,MAXIMUM,2022-11,W4,2022-11-30,140,1,493.08,503.35,485.0601205959481,485.22999760570565,482.28393104655754,8915,24.129580188441565,39.94080809437582
SCRAP,MAXIMUM,2022-12,W0,2022-11-30,138,2,517.66,503.35,441.025629866446,440.3674786947839,441.26376707937374,8915,22.66151703210525,33.732927504437015
SCRAP,MAXIMUM,2022-12,W1,2022-12-07,138,2,517.66,503.35,441.025629866446,440.3674786947839,441.26376707937374,8939,22.66151703210525,33.732927504437015
SCRAP,MAXIMUM,2022-12,W2,2022-12-14,141,1,517.66,494.258,481.3706331984395,482.8901962080188,487.4485691745214,8948,23.17343611723572,36.19524824799558
SCRAP,MAXIMUM,2022-12,W3,2022-12-21,141,1,517.66,494.258,481.3706331984395,482.8901962080188,487.4485691745214,8964,23.17343611723572,36.19524824799558
SCRAP,MAXIMUM,2022-12,W4,2022-12-31,141,1,517.66,494.258,481.3706331984395,482.8901962080188,487.4485691745214,8996,23.17343611723572,36.19524824799558
SCRAP,MAXIMUM,2023-01,W0,2022-12-31,139,2,570.52,494.258,452.9019904547749,456.35081914296416,459.96801534940215,8996,25.332349181379907,44.54527490405743
SCRAP,MAXIMUM,2023-01,W1,2023-01-07,139,2,570.52,494.258,452.9019904547749,456.35081914296416,459.96801534940215,9008,25.332349181379907,44.54527490405743
SCRAP,MAXIMUM,2023-01,W2,2023-01-14,139,2,570.52,494.258,452.9019904547749,456.35081914296416,459.96801534940215,9023,25.332349181379907,44.54527490405743
SCRAP,MAXIMUM,2023-01,W3,2023-01-21,142,1,570.52,534.202,534.6650417067169,535.392291108762,537.5865424627834,9028,25.185494804498347,42.015271604623514
SCRAP,MAXIMUM,2023-01,W4,2023-01-31,142,1,570.52,534.202,534.6650417067169,535.392291108762,537.5865424627834,9036,25.185494804498347,42.015271604623514
SCRAP,MAXIMUM,2023-02,W0,2023-01-31,140,2,606.166,534.202,508.3352459156234,507.98813559705445,509.3002012260944,9036,20.553280346520694,34.328346843150236
SCRAP,MAXIMUM,2023-02,W1,2023-02-07,140,2,606.166,534.202,508.3352459156234,507.98813559705445,509.3002012260944,9059,20.553280346520694,34.328346843150236
SCRAP,MAXIMUM,2023-02,W2,2023-02-14,140,2,606.166,534.202,508.3352459156234,507.98813559705445,509.3002012260944,9075,20.553280346520694,34.328346843150236
SCRAP,MAXIMUM,2023-02,W3,2023-02-21,143,1,606.166,591.546,582.9963354576824,580.8640087486152,582.245020595221,9086,21.488281040857864,39.04426027063007
SCRAP,MAXIMUM,2023-02,W4,2023-02-28,143,1,606.166,591.546,582.9963354576824,580.8640087486152,582.245020595221,9100,21.488281040857864,39.04426027063007
SCRAP,MAXIMUM,2023-03,W0,2023-02-28,141,2,664.4,591.546,545.0015050066438,539.4162884969888,540.4927352659879,9100,24.69642091068237,41.72859360396339
SCRAP,MAXIMUM,2023-03,W1,2023-03-07,141,2,664.4,591.546,545.0015050066438,539.4162884969888,540.4927352659879,9127,24.69642091068237,41.72859360396339
SCRAP,MAXIMUM,2023-03,W2,2023-03-14,141,2,664.4,591.546,545.0015050066438,539.4162884969888,540.4927352659879,9146,24.69642091068237,41.72859360396339
SCRAP,MAXIMUM,2023-03,W3,2023-03-21,144,1,664.4,626.106,614.0305474507746,611.3250380407952,621.0376403812315,9153,21.67652051124177,39.29907716436689
SCRAP,MAXIMUM,2023-03,W4,2023-03-31,144,1,664.4,626.106,614.0305474507746,611.3250380407952,621.0376403812315,9165,21.67652051124177,39.29907716436689
SCRAP,MAXIMUM,2023-04,W0,2023-03-31,142,2,651.118,626.106,574.2663229447893,568.1294895518353,577.2081845452993,9165,24.024383950582955,35.21124383103357
SCRAP,MAXIMUM,2023-04,W1,2023-04-07,142,2,651.118,626.106,574.2663229447893,568.1294895518353,577.2081845452993,9192,24.024383950582955,35.21124383103357
SCRAP,MAXIMUM,2023-04,W2,2023-04-14,145,1,651.118,671.838,660.0900843824159,654.9217194221727,656.4602371369394,9210,23.77148293735506,35.369540794478105
SCRAP,MAXIMUM,2023-04,W3,2023-04-21,145,1,651.118,671.838,660.0900843824159,654.9217194221727,656.4602371369394,9222,23.77148293735506,35.369540794478105
SCRAP,MAXIMUM,2023-04,W4,2023-04-30,145,1,651.118,671.838,660.0900843824159,654.9217194221727,656.4602371369394,9226,23.77148293735506,35.369540794478105
SCRAP,MAXIMUM,2023-05,W0,2023-04-30,143,2,617.717,671.838,617.7681578574318,608.6173146099748,631.4931155093202,9226,23.140888662263357,37.14320746114477
SCRAP,MAXIMUM,2023-05,W1,2023-05-07,143,2,617.717,671.838,617.7681578574318,608.6173146099748,631.4931155093202,9245,23.140888662263357,37.14320746114477
SCRAP,MAXIMUM,2023-05,W2,2023-05-14,146,1,617.717,651.089,610.5266354739364,614.2603124206944,613.1583306039144,9255,24.289563003242645,33.89134728278631
SCRAP,MAXIMUM,2023-05,W3,2023-05-21,146,1,617.717,651.089,610.5266354739364,614.2603124206944,613.1583306039144,9271,24.289563003242645,33.89134728278631
SCRAP,MAXIMUM,2023-05,W4,2023-05-31,146,1,617.717,651.089,610.5266354739364,614.2603124206944,613.1583306039144,9287,24.289563003242645,33.89134728278631
SCRAP,MAXIMUM,2023-06,W0,2023-05-31,144,2,557.441,651.089,591.6050008082469,606.7722405617885,607.0302049917228,9287,21.796127922434863,36.456618236335466
SCRAP,MAXIMUM,2023-06,W1,2023-06-07,144,2,557.441,651.089,591.6050008082469,606.7722405617885,607.0302049917228,9316,21.796127922434863,36.456618236335466
SCRAP,MAXIMUM,2023-06,W2,2023-06-14,147,1,557.441,602.014,584.6028595056383,587.522147779044,586.7709343394863,9331,22.158399575300507,35.78669595406078
SCRAP,MAXIMUM,2023-06,W3,2023-06-21,147,1,557.441,602.014,584.6028595056383,587.522147779044,586.7709343394863,9340,22.158399575300507,35.78669595406078
SCRAP,MAXIMUM,2023-06,W4,2023-06-30,147,1,557.441,602.014,584.6028595056383,587.522147779044,586.7709343394863,9360,22.158399575300507,35.78669595406078
SCRAP,MAXIMUM,2023-07,W0,2023-06-30,145,2,539.555,602.014,573.39835787636,590.1278867178416,591.6882813213404,9360,22.246779523213117,32.855613495357936
SCRAP,MAXIMUM,2023-07,W1,2023-07-07,145,2,539.555,602.014,573.39835787636,590.1278867178416,591.6882813213404,9379,22.246779523213117,32.855613495357936
SCRAP,MAXIMUM,2023-07,W2,2023-07-14,148,1,539.555,539.463,517.7216197543324,516.1986316706183,522.478302169178,9397,20.81695207215596,33.68255716821088
SCRAP,MAXIMUM,2023-07,W3,2023-07-21,148,1,539.555,539.463,517.7216197543324,516.1986316706183,522.478302169178,9406,20.81695207215596,33.68255716821088
SCRAP,MAXIMUM,2023-07,W4,2023-07-31,148,1,539.555,539.463,517.7216197543324,516.1986316706183,522.478302169178,9417,20.81695207215596,33.68255716821088
SCRAP,MAXIMUM,2023-08,W0,2023-07-31,146,2,543.896,539.463,522.9833655341797,522.3205281981154,516.1221550551155,9417,21.13888507310494,32.58089050154422
SCRAP,MAXIMUM,2023-08,W1,2023-08-07,146,2,543.896,539.463,522.9833655341797,522.3205281981154,516.1221550551155,9441,21.13888507310494,32.58089050154422
SCRAP,MAXIMUM,2023-08,W2,2023-08-14,149,1,543.896,519.409,512.5874274917963,512.3666140468607,513.8433321111239,9452,19.69158496997221,30.534557966923426
SCRAP,MAXIMUM,2023-08,W3,2023-08-21,149,1,543.896,519.409,512.5874274917963,512.3666140468607,513.8433321111239,9462,19.69158496997221,30.534557966923426
SCRAP,MAXIMUM,2023-08,W4,2023-08-31,149,1,543.896,519.409,512.5874274917963,512.3666140468607,513.8433321111239,9480,19.69158496997221,30.534557966923426
SCRAP,MAXIMUM,2023-09,W0,2023-08-31,147,2,547.501,519.409,511.2437175324425,507.6394943522282,512.9554919595674,9480,19.9024139591048,32.406083274141174
SCRAP,MAXIMUM,2023-09,W1,2023-09-07,147,2,547.501,519.409,511.2437175324425,507.6394943522282,512.9554919595674,9504,19.9024139591048,32.406083274141174
SCRAP,MAXIMUM,2023-09,W2,2023-09-14,150,1,547.501,556.201,549.6963197417789,549.5349518888094,551.6373690759435,9523,18.929776088054762,29.809374117247195
SCRAP,MAXIMUM,2023-09,W3,2023-09-21,150,1,547.501,556.201,549.6963197417789,549.5349518888094,551.6373690759435,9529,18.929776088054762,29.809374117247195
SCRAP,MAXIMUM,2023-09,W4,2023-09-30,150,1,547.501,556.201,549.6963197417789,549.5349518888094,551.6373690759435,9548,18.929776088054762,29.809374117247195
SCRAP,MAXIMUM,2023-10,W0,2023-09-30,148,2,534.762,556.201,536.1385205099815,535.8161654729591,540.795213861778,9548,19.642465141062278,29.685522242472665
SCRAP,MAXIMUM,2023-10,W1,2023-10-07,148,2,534.762,556.201,536.1385205099815,535.8161654729591,540.795213861778,9572,19.642465141062278,29.685522242472665
SCRAP,MAXIMUM,2023-10,W2,2023-10-14,151,1,534.762,548.783,543.4688445766253,543.4924454654891,560.9153223695479,9583,18.881610791346127,29.325178860676306
SCRAP,MAXIMUM,2023-10,W3,2023-10-21,151,1,534.762,548.783,543.4688445766253,543.4924454654891,560.9153223695479,9588,18.881610791346127,29.325178860676306
SCRAP,MAXIMUM,2023-10,W4,2023-10-31,151,1,534.762,548.783,543.4688445766253,543.4924454654891,560.9153223695479,9602,18.881610791346127,29.325178860676306
SCRAP,MAXIMUM,2023-11,W0,2023-10-31,149,2,554.973,548.783,536.7565362392373,536.8048704970895,541.2567886848127,9602,17.877709029619822,26.992285171216995
SCRAP,MAXIMUM,2023-11,W1,2023-11-07,149,2,554.973,548.783,536.7565362392373,536.8048704970895,541.2567886848127,9627,17.877709029619822,26.992285171216995
SCRAP,MAXIMUM,2023-11,W2,2023-11-14,149,2,554.973,548.783,536.7565362392373,536.8048704970895,541.2567886848127,9644,17.877709029619822,26.992285171216995
SCRAP,MAXIMUM,2023-11,W3,2023-11-21,152,1,554.973,528.592,522.9901465639655,524.1296022881211,536.072725167244,9657,18.33517055654975,25.942238435173234
SCRAP,MAXIMUM,2023-11,W4,2023-11-30,152,1,554.973,528.592,522.9901465639655,524.1296022881211,536.072725167244,9674,18.33517055654975,25.942238435173234
SCRAP,MAXIMUM,2023-12,W0,2023-11-30,150,2,608.785,528.592,526.1011981675731,528.6864152278775,530.5751007279564,9674,18.417096329099508,29.894038872629434
SCRAP,MAXIMUM,2023-12,W1,2023-12-07,150,2,608.785,528.592,526.1011981675731,528.6864152278775,530.5751007279564,9701,18.417096329099508,29.894038872629434
SCRAP,MAXIMUM,2023-12,W2,2023-12-14,153,1,608.785,562.716,575.0773701532327,575.2510044442106,590.994724962663,9720,17.983678722686772,28.1639307748742
SCRAP,MAXIMUM,2023-12,W3,2023-12-21,153,1,608.785,562.716,575.0773701532327,575.2510044442106,590.994724962663,9727,17.983678722686772,28.1639307748742
SCRAP,MAXIMUM,2023-12,W4,2023-12-31,153,1,608.785,562.716,575.0773701532327,575.2510044442106,590.994724962663,9743,17.983678722686772,28.1639307748742
SCRAP,MAXIMUM,2024-01,W0,2023-12-31,151,2,620.161,562.716,574.8668940062661,575.2100785179551,580.3531315200274,9743,20.530809999931925,27.949938580050024
SCRAP,MAXIMUM,2024-01,W1,2024-01-07,151,2,620.161,562.716,574.8668940062661,575.2100785179551,580.3531315200274,9757,20.530809999931925,27.949938580050024
SCRAP,MAXIMUM,2024-01,W2,2024-01-14,154,1,620.161,618.225,622.1852583489322,628.431533446533,641.6656200133292,9770,20.093542313605937,29.370021591642274
SCRAP,MAXIMUM,2024-01,W3,2024-01-21,154,1,620.161,618.225,622.1852583489322,628.431533446533,641.6656200133292,9778,20.093542313605937,29.370021591642274
SCRAP,MAXIMUM,2024-01,W4,2024-01-31,154,1,620.161,618.225,622.1852583489322,628.431533446533,641.6656200133292,9788,20.093542313605937,29.370021591642274
SCRAP,MAXIMUM,2024-02,W0,2024-01-31,152,2,603.853,618.225,611.5064734439086,611.9071754988363,625.6794813750455,9788,16.416812962654706,25.37812587852477
SCRAP,MAXIMUM,2024-02,W1,2024-02-07,152,2,603.853,618.225,611.5064734439086,611.9071754988363,625.6794813750455,9813,16.416812962654706,25.37812587852477
SCRAP,MAXIMUM,2024-02,W2,2024-02-14,152,2,603.853,618.225,611.5064734439086,611.9071754988363,625.6794813750455,9824,16.416812962654706,25.37812587852477
SCRAP,MAXIMUM,2024-02,W3,2024-02-21,155,1,603.853,614.603,597.2299740828289,597.6453343709161,607.0185155054991,9830,18.03348847958598,26.426686739709023
SCRAP,MAXIMUM,2024-02,W4,2024-02-29,155,1,603.853,614.603,597.2299740828289,597.6453343709161,607.0185155054991,9845,18.03348847958598,26.426686739709023
SCRAP,MAXIMUM,2024-03,W0,2024-02-29,153,2,556.234,614.603,591.5218428086365,591.6414687767364,606.2128955904453,9845,18.83365735357183,26.1846969177099
SCRAP,MAXIMUM,2024-03,W1,2024-03-07,153,2,556.234,614.603,591.5218428086365,591.6414687767364,606.2128955904453,9865,18.83365735357183,26.1846969177099
SCRAP,MAXIMUM,2024-03,W2,2024-03-14,156,1,556.234,586.525,583.604436852748,583.246566719286,590.3343489231696,9881,17.75541857941894,24.517455585804218
SCRAP,MAXIMUM,2024-03,W3,2024-03-21,156,1,556.234,586.525,583.604436852748,583.246566719286,590.3343489231696,9892,17.75541857941894,24.517455585804218
SCRAP,MAXIMUM,2024-03,W4,2024-03-31,156,1,556.234,586.525,583.604436852748,583.246566719286,590.3343489231696,9900,17.75541857941894,24.517455585804218
SCRAP,MAXIMUM,2024-04,W0,2024-03-31,154,2,543.767,586.525,575.3432877003552,575.3431529825142,587.2429115413747,9900,18.56106444912693,22.390174621452463
SCRAP,MAXIMUM,2024-04,W1,2024-04-07,154,2,543.767,586.525,575.3432877003552,575.3431529825142,587.2429115413747,9920,18.56106444912693,22.390174621452463
SCRAP,MAXIMUM,2024-04,W2,2024-04-14,157,1,543.767,544.29,529.1891447792623,530.022457858546,541.2589814324912,9933,17.914606400393886,20.480622143847004
SCRAP,MAXIMUM,2024-04,W3,2024-04-21,157,1,543.767,544.29,529.1891447792623,530.022457858546,541.2589814324912,9945,17.914606400393886,20.480622143847004
SCRAP,MAXIMUM,2024-04,W4,2024-04-30,157,1,543.767,544.29,529.1891447792623,530.022457858546,541.2589814324912,9969,17.914606400393886,20.480622143847004
SCRAP,MAXIMUM,2024-05,W0,2024-04-30,155,2,541.476,544.29,525.2844929137093,532.8983161940753,540.5236311203801,9969,15.91578696864112,26.443790524551638
SCRAP,MAXIMUM,2024-05,W1,2024-05-07,155,2,541.476,544.29,525.2844929137093,532.8983161940753,540.5236311203801,9994,15.91578696864112,26.443790524551638
SCRAP,MAXIMUM,2024-05,W2,2024-05-14,158,1,541.476,547.78,551.1871061379715,553.529617012162,561.960455141291,10004,15.794244000935144,23.407081405844288
SCRAP,MAXIMUM,2024-05,W3,2024-05-21,158,1,541.476,547.78,551.1871061379715,553.529617012162,561.960455141291,10020,15.794244000935144,23.407081405844288
SCRAP,MAXIMUM,2024-05,W4,2024-05-31,158,1,541.476,547.78,551.1871061379715,553.529617012162,561.960455141291,10042,15.794244000935144,23.407081405844288
SCRAP,MAXIMUM,2024-06,W0,2024-05-31,156,2,521.206,547.78,535.4120445092087,540.6705792961095,566.3688884133952,10042,14.358478043433315,20.539731183841862
SCRAP,MAXIMUM,2024-06,W1,2024-06-07,156,2,521.206,547.78,535.4120445092087,540.6705792961095,566.3688884133952,10076,14.358478043433315,20.539731183841862
SCRAP,MAXIMUM,2024-06,W2,2024-06-14,159,1,521.206,535.947,521.7633676575877,526.5480673478647,542.3447394303043,10100,12.504976532570307,23.57763805513747
SCRAP,MAXIMUM,2024-06,W3,2024-06-21,159,1,521.206,535.947,521.7633676575877,526.5480673478647,542.3447394303043,10106,12.504976532570307,23.57763805513747
SCRAP,MAXIMUM,2024-06,W4,2024-06-30,159,1,521.206,535.947,521.7633676575877,526.5480673478647,542.3447394303043,10114,12.504976532570307,23.57763805513747
SCRAP,MAXIMUM,2024-07,W0,2024-06-30,157,2,522.499,535.947,519.0627338446232,526.900428845277,530.163781128443,10114,16.255197875732048,22.204304721804135
SCRAP,MAXIMUM,2024-07,W1,2024-07-07,157,2,522.499,535.947,519.0627338446232,526.900428845277,530.163781128443,10132,16.255197875732048,22.204304721804135
SCRAP,MAXIMUM,2024-07,W2,2024-07-14,160,1,522.499,517.279,508.38710927219086,507.1874321707258,509.57998173697234,10142,13.746935014015433,21.97296967511325
SCRAP,MAXIMUM,2024-07,W3,2024-07-21,160,1,522.499,517.279,508.38710927219086,507.1874321707258,509.57998173697234,10154,13.746935014015433,21.97296967511325
SCRAP,MAXIMUM,2024-07,W4,2024-07-31,160,1,522.499,517.279,508.38710927219086,507.1874321707258,509.57998173697234,10165,13.746935014015433,21.97296967511325
SCRAP,MAXIMUM,2024-08,W0,2024-07-31,158,2,520.709,517.279,513.8433216195527,512.461592556473,516.3264567081784,10165,11.736137175926741,20.92296967511325
SCRAP,MAXIMUM,2024-08,W1,2024-08-07,158,2,520.709,517.279,513.8433216195527,512.461592556473,516.3264567081784,10178,11.736137175926741,20.92296967511325
SCRAP,MAXIMUM,2024-08,W2,2024-08-14,161,1,520.709,534.435,540.6627464561391,540.5038356715716,546.0566295087194,10208,12.60662297923909,19.565958177430673
SCRAP,MAXIMUM,2024-08,W3,2024-08-21,161,1,520.709,534.435,540.6627464561391,540.5038356715716,546.0566295087194,10230,12.60662297923909,19.565958177430673
SCRAP,MAXIMUM,2024-08,W4,2024-08-31,161,1,520.709,534.435,540.6627464561391,540.5038356715716,546.0566295087194,10248,12.60662297923909,19.565958177430673
SCRAP,MAXIMUM,2024-09,W0,2024-08-31,159,2,516.389,534.435,532.7340140094963,532.4546268537852,539.1337701708726,10248,14.054011888776879,25.163304659137374
SCRAP,MAXIMUM,2024-09,W1,2024-09-07,159,2,516.389,534.435,532.7340140094963,532.4546268537852,539.1337701708726,10262,14.054011888776879,25.163304659137374
SCRAP,MAXIMUM,2024-09,W2,2024-09-14,162,1,516.389,533.358,530.9983708454766,530.8463822742731,533.1295621400362,10292,13.629845601433187,23.76204722326933
SCRAP,MAXIMUM,2024-09,W3,2024-09-21,162,1,516.389,533.358,530.9983708454766,530.8463822742731,533.1295621400362,10303,13.629845601433187,23.76204722326933
SCRAP,MAXIMUM,2024-09,W4,2024-09-30,162,1,516.389,533.358,530.9983708454766,530.8463822742731,533.1295621400362,10323,13.629845601433187,23.76204722326933
SCRAP,MAXIMUM,2024-10,W0,2024-09-30,160,2,526.359,533.358,527.28880282076,527.0474093410111,531.422936091201,10323,15.045191228785011,25.16377282530369
SCRAP,MAXIMUM,2024-10,W1,2024-10-07,160,2,526.359,533.358,527.28880282076,527.0474093410111,531.422936091201,10337,15.045191228785011,25.16377282530369
SCRAP,MAXIMUM,2024-10,W2,2024-10-14,163,1,526.359,517.062,518.0760960167615,518.1443391079442,520.2214516818337,10353,15.657181088007594,27.999585395706884
SCRAP,MAXIMUM,2024-10,W3,2024-10-21,163,1,526.359,517.062,518.0760960167615,518.1443391079442,520.2214516818337,10370,15.657181088007594,27.999585395706884
SCRAP,MAXIMUM,2024-10,W4,2024-10-31,163,1,526.359,517.062,518.0760960167615,518.1443391079442,520.2214516818337,10388,15.657181088007594,27.999585395706884
SCRAP,MAXIMUM,2024-11,W0,2024-10-31,161,2,527.912,517.062,518.2306742116473,518.4402239127451,523.831074049067,10388,12.2324148134184,23.975353728861936
SCRAP,MAXIMUM,2024-11,W1,2024-11-07,161,2,527.912,517.062,518.2306742116473,518.4402239127451,523.831074049067,10409,12.2324148134184,23.975353728861936
SCRAP,MAXIMUM,2024-11,W2,2024-11-14,164,1,527.912,536.479,544.94205296529,546.2194742457791,547.3068361196383,10444,13.63193241621553,26.61530958538947
SCRAP,MAXIMUM,2024-11,W3,2024-11-21,164,1,527.912,536.479,544.94205296529,546.2194742457791,547.3068361196383,10467,13.63193241621553,26.61530958538947
SCRAP,MAXIMUM,2024-11,W4,2024-11-30,164,1,527.912,536.479,544.94205296529,546.2194742457791,547.3068361196383,10481,13.63193241621553,26.61530958538947
SCRAP,MAXIMUM,2024-12,W0,2024-11-30,162,2,514.749,536.479,537.040242833222,540.4122935838774,542.7132209900361,10481,15.255704580316307,28.241658529074435
SCRAP,MAXIMUM,2024-12,W1,2024-12-07,162,2,514.749,536.479,537.040242833222,540.4122935838774,542.7132209900361,10499,15.255704580316307,28.241658529074435
SCRAP,MAXIMUM,2024-12,W2,2024-12-14,165,1,514.749,530.05,529.8045459749898,531.2443155680874,533.1117283489452,10524,13.101114634609806,26.92551266798954
SCRAP,MAXIMUM,2024-12,W3,2024-12-21,165,1,514.749,530.05,529.8045459749898,531.2443155680874,533.1117283489452,10545,13.101114634609806,26.92551266798954
SCRAP,MAXIMUM,2024-12,W4,2024-12-31,165,1,514.749,530.05,529.8045459749898,531.2443155680874,533.1117283489452,10564,13.101114634609806,26.92551266798954
SCRAP,MAXIMUM,2025-01,W0,2024-12-31,163,2,530.866,530.05,527.3138563632019,531.9222752442483,537.2322341028071,10564,16.96816757905693,27.026902118744893
SCRAP,MAXIMUM,2025-01,W1,2025-01-07,163,2,530.866,530.05,527.3138563632019,531.9222752442483,537.2322341028071,10575,16.96816757905693,27.026902118744893
SCRAP,MAXIMUM,2025-01,W2,2025-01-14,166,1,530.866,516.258,516.2729051668492,517.6649368402346,520.5679204143437,10588,16.696264149376738,27.86700179265289
SCRAP,MAXIMUM,2025-01,W3,2025-01-21,166,1,530.866,516.258,516.2729051668492,517.6649368402346,520.5679204143437,10596,16.696264149376738,27.86700179265289
SCRAP,MAXIMUM,2025-01,W4,2025-01-31,166,1,530.866,516.258,516.2729051668492,517.6649368402346,520.5679204143437,10622,16.696264149376738,27.86700179265289
SCRAP,MAXIMUM,2025-02,W0,2025-01-31,164,2,574.367,516.258,515.261216603434,515.7638850459457,519.0186505835162,10622,12.976796972955189,24.129738193198854
SCRAP,MAXIMUM,2025-02,W1,2025-02-07,164,2,574.367,516.258,515.261216603434,515.7638850459457,519.0186505835162,10634,12.976796972955189,24.129738193198854
SCRAP,MAXIMUM,2025-02,W2,2025-02-14,167,1,574.367,543.349,553.4634716082259,553.378473273014,557.2395240111072,10648,15.790794404091049,25.458830466132593
SCRAP,MAXIMUM,2025-02,W3,2025-02-21,167,1,574.367,543.349,553.4634716082259,553.378473273014,557.2395240111072,10667,15.790794404091049,25.458830466132593
SCRAP,MAXIMUM,2025-02,W4,2025-02-28,167,1,574.367,543.349,553.4634716082259,553.378473273014,557.2395240111072,10680,15.790794404091049,25.458830466132593
SCRAP,MAXIMUM,2025-03,W0,2025-02-28,165,2,607.858,543.349,535.0265339295156,535.1671046462227,540.1169277493932,10680,19.30745734378872,29.87817940981755
SCRAP,MAXIMUM,2025-03,W1,2025-03-07,165,2,607.858,543.349,535.0265339295156,535.1671046462227,540.1169277493932,10701,19.30745734378872,29.87817940981755
SCRAP,MAXIMUM,2025-03,W2,2025-03-14,168,1,607.858,601.79,599.4674352205506,598.643787979486,603.9881132010707,10720,19.16147974078125,27.47464386848037
SCRAP,MAXIMUM,2025-03,W3,2025-03-21,168,1,607.858,601.79,599.4674352205506,598.643787979486,603.9881132010707,10728,19.16147974078125,27.47464386848037
SCRAP,MAXIMUM,2025-03,W4,2025-03-31,168,1,607.858,601.79,599.4674352205506,598.643787979486,603.9881132010707,10741,19.16147974078125,27.47464386848037
SCRAP,MAXIMUM,2025-04,W0,2025-03-31,166,2,567.259,601.79,571.3523586333413,570.0175167871347,572.43416959554,10741,19.503538564551608,26.582128258128744
SCRAP,MAXIMUM,2025-04,W1,2025-04-07,166,2,567.259,601.79,571.3523586333413,570.0175167871347,572.43416959554,10763,19.503538564551608,26.582128258128744
SCRAP,MAXIMUM,2025-04,W2,2025-04-14,169,1,567.259,603.832,592.9673996907422,589.3236491416565,591.2431257429173,10785,22.349679523764152,27.994143118087706
SCRAP,MAXIMUM,2025-04,W3,2025-04-21,169,1,567.259,603.832,592.9673996907422,589.3236491416565,591.2431257429173,10795,22.349679523764152,27.994143118087706
SCRAP,MAXIMUM,2025-04,W4,2025-04-30,169,1,567.259,603.832,592.9673996907422,589.3236491416565,591.2431257429173,10805,22.349679523764152,27.994143118087706
SCRAP,MAXIMUM,2025-05,W0,2025-04-30,167,2,538.243,603.832,577.0622654676573,576.743829577597,577.9270348307557,10805,18.203935780133644,32.15978688192993
SCRAP,MAXIMUM,2025-05,W1,2025-05-07,167,2,538.243,603.832,577.0622654676573,576.743829577597,577.9270348307557,10824,18.203935780133644,32.15978688192993
SCRAP,MAXIMUM,2025-05,W2,2025-05-14,167,2,538.243,603.832,577.0622654676573,576.743829577597,577.9270348307557,10842,18.203935780133644,32.15978688192993
SCRAP,MAXIMUM,2025-05,W3,2025-05-21,170,1,538.243,560.08,548.4553319405342,552.0818971063164,551.117556236451,10862,20.390453225434573,32.9200974773893
SCRAP,MAXIMUM,2025-05,W4,2025-05-31,170,1,538.243,560.08,548.4553319405342,552.0818971063164,551.117556236451,10889,20.390453225434573,32.9200974773893
SCRAP,MAXIMUM,2025-06,W0,2025-05-31,168,2,530.948,560.08,536.3632909289419,537.5840496678849,542.6307230347337,10889,23.03405881950894,25.921705724444678
SCRAP,MAXIMUM,2025-06,W1,2025-06-07,168,2,530.948,560.08,536.3632909289419,537.5840496678849,542.6307230347337,10906,23.03405881950894,25.921705724444678
SCRAP,MAXIMUM,2025-06,W2,2025-06-14,171,1,530.948,511.875,505.35218756440594,504.66376108876534,503.91236390522147,10927,21.45255124798923,29.45996595091487
SCRAP,MAXIMUM,2025-06,W3,2025-06-21,171,1,530.948,511.875,505.35218756440594,504.66376108876534,503.91236390522147,10942,21.45255124798923,29.45996595091487
SCRAP,MAXIMUM,2025-06,W4,2025-06-30,171,1,530.948,511.875,505.35218756440594,504.66376108876534,503.91236390522147,10956,21.45255124798923,29.45996595091487
SCRAP,MAXIMUM,2025-07,W0,2025-06-30,169,2,530.174,511.875,522.0441156962024,523.6744886424585,527.1788096136588,10956,18.334072846464295,31.3412992842482
SCRAP,MAXIMUM,2025-07,W1,2025-07-07,169,2,530.174,511.875,522.0441156962024,523.6744886424585,527.1788096136588,10970,18.334072846464295,31.3412992842482
SCRAP,MAXIMUM,2025-07,W2,2025-07-14,169,2,530.174,511.875,522.0441156962024,523.6744886424585,527.1788096136588,10988,18.334072846464295,31.3412992842482
SCRAP,MAXIMUM,2025-07,W3,2025-07-21,172,1,530.174,513.018,516.088672232954,506.95440571662846,504.8158894106255,10999,19.609734791941644,28.683476255542228
SCRAP,MAXIMUM,2025-07,W4,2025-07-31,172,1,530.174,513.018,516.088672232954,506.95440571662846,504.8158894106255,11020,19.609734791941644,28.683476255542228
SCRAP,MAXIMUM,2025-08,W0,2025-07-31,170,2,530.965,513.018,515.8590576462911,516.8049084769501,519.2022570832941,11020,21.316719397191502,29.822142922208897
SCRAP,MAXIMUM,2025-08,W1,2025-08-07,170,2,530.965,513.018,515.8590576462911,516.8049084769501,519.2022570832941,11035,21.316719397191502,29.822142922208897
SCRAP,MAXIMUM,2025-08,W2,2025-08-14,173,1,530.965,529.915,528.8264542903968,528.6493620449326,529.2303017854566,11057,19.592439097323947,28.192926240882908
SCRAP,MAXIMUM,2025-08,W3,2025-08-21,173,1,530.965,529.915,528.8264542903968,528.6493620449326,529.2303017854566,11073,19.592439097323947,28.192926240882908
SCRAP,MAXIMUM,2025-08,W4,2025-08-31,173,1,530.965,529.915,528.8264542903968,528.6493620449326,529.2303017854566,11105,19.592439097323947,28.192926240882908
SCRAP,MAXIMUM,2025-09,W0,2025-08-31,171,2,527.241,529.915,521.9930826393362,522.7231939983255,525.3610446538836,11105,21.88036789457986,32.08649987983876
SCRAP,MAXIMUM,2025-09,W1,2025-09-07,171,2,527.241,529.915,521.9930826393362,522.7231939983255,525.3610446538836,11115,21.88036789457986,32.08649987983876
SCRAP,MAXIMUM,2025-09,W2,2025-09-14,174,1,527.241,532.482,532.7952683953074,532.6683400538321,534.3933834818206,11139,22.287881843272864,32.89846508024196
SCRAP,MAXIMUM,2025-09,W3,2025-09-21,174,1,527.241,532.482,532.7952683953074,532.6683400538321,534.3933834818206,11156,22.287881843272864,32.89846508024196
SCRAP,MAXIMUM,2025-09,W4,2025-09-30,174,1,527.241,532.482,532.7952683953074,532.6683400538321,534.3933834818206,11177,22.287881843272864,32.89846508024196
SCRAP,MAXIMUM,2025-10,W0,2025-09-30,172,2,517.244,532.482,530.2330367197686,527.1429588865132,533.4530235766845,11177,18.39646018887386,28.234045687614213
SCRAP,MAXIMUM,2025-10,W1,2025-10-07,172,2,517.244,532.482,530.2330367197686,527.1429588865132,533.4530235766845,11197,18.39646018887386,28.234045687614213
SCRAP,MAXIMUM,2025-10,W2,2025-10-14,172,2,517.244,532.482,530.2330367197686,527.1429588865132,533.4530235766845,11197,18.39646018887386,28.234045687614213
SCRAP,MAXIMUM,2025-10,W3,2025-10-21,172,2,517.244,532.482,530.2330367197686,527.1429588865132,533.4530235766845,11199,18.39646018887386,28.234045687614213
SCRAP,MAXIMUM,2025-10,W4,2025-10-31,172,2,517.244,532.482,530.2330367197686,527.1429588865132,533.4530235766845,11200,18.39646018887386,28.234045687614213
SCRAP,MAXIMUM,2025-11,W0,2025-10-31,173,3,519.92,532.482,523.0669312676856,523.3292893735713,527.485619208274,11200,18.02984455439415,25.94054568761421
SCRAP,MAXIMUM,2025-11,W1,2025-11-07,173,3,519.92,532.482,523.0669312676856,523.3292893735713,527.485619208274,11202,18.02984455439415,25.94054568761421
SCRAP,MAXIMUM,2025-11,W2,2025-11-14,173,3,519.92,532.482,523.0669312676856,523.3292893735713,527.485619208274,11205,18.02984455439415,25.94054568761421
SCRAP,MAXIMUM,2025-11,W3,2025-11-21,173,3,519.92,532.482,523.0669312676856,523.3292893735713,527.485619208274,11216,18.02984455439415,25.94054568761421
SCRAP,MAXIMUM,2025-11,W4,2025-11-30,173,2,519.92,530.07,531.1813752198707,529.3012214123825,531.7355665607664,11230,19.880125947026993,29.322045665773047
SCRAP,MAXIMUM,2025-12,W0,2025-11-30,174,3,532.289,530.07,521.8515480282779,522.6864964928417,522.847316100144,11230,22.434420243958805,31.876962770759796
SCRAP,MAXIMUM,2025-12,W1,2025-12-07,174,3,532.289,530.07,521.8515480282779,522.6864964928417,522.847316100144,11244,22.434420243958805,31.876962770759796
SCRAP,MAXIMUM,2025-12,W2,2025-12-14,174,3,532.289,530.07,521.8515480282779,522.6864964928417,522.847316100144,11257,22.434420243958805,31.876962770759796
SCRAP,MAXIMUM,2025-12,W3,2025-12-21,174,3,532.289,530.07,521.8515480282779,522.6864964928417,522.847316100144,11273,22.434420243958805,31.876962770759796
SCRAP,MAXIMUM,2025-12,W4,2025-12-31,174,3,532.289,530.07,521.8515480282779,522.6864964928417,522.847316100144,11293,22.434420243958805,31.876962770759796
SCRAP,MAXIMUM,2026-01,W0,2025-12-31,174,4,573.649,530.07,521.5917393706058,522.4466875463759,516.3636903923799,11293,20.823632463802266,34.96215179745661
SCRAP,MAXIMUM,2026-01,W1,2026-01-07,174,4,573.649,530.07,521.5917393706058,522.4466875463759,516.3636903923799,11293,20.823632463802266,34.96215179745661
SCRAP,MAXIMUM,2026-01,W2,2026-01-14,174,4,573.649,530.07,521.5917393706058,522.4466875463759,516.3636903923799,11293,20.823632463802266,34.96215179745661
SCRAP,MAXIMUM,2026-01,W3,2026-01-21,174,4,573.649,530.07,521.5917393706058,522.4466875463759,516.3636903923799,11293,20.823632463802266,34.96215179745661
SCRAP,MAXIMUM,2026-01,W4,2026-01-31,174,4,573.649,530.07,521.5917393706058,522.4466875463759,516.3636903923799,11293,20.823632463802266,34.96215179745661
IRON_ORE,MATCHED,2021-12,W0,2021-11-30,86,2,189.506,189.6,194.76853260824095,194.78704593658318,194.34004760092986,8214,22.134047911213656,28.764451112664553
IRON_ORE,MATCHED,2021-12,W1,2021-12-07,86,2,189.506,189.6,194.76853260824095,194.78704593658318,194.34004760092986,8236,22.134047911213656,28.764451112664553
IRON_ORE,MATCHED,2021-12,W2,2021-12-14,87,1,189.506,189.551,191.16920001616765,190.86519888378223,190.7974606019007,8254,22.468973180438034,26.1899305603087
IRON_ORE,MATCHED,2021-12,W3,2021-12-21,87,1,189.506,189.551,191.16920001616765,190.86519888378223,190.7974606019007,8257,22.468973180438034,26.1899305603087
IRON_ORE,MATCHED,2021-12,W4,2021-12-31,87,1,189.506,189.551,191.16920001616765,190.86519888378223,190.7974606019007,8274,22.468973180438034,26.1899305603087
IRON_ORE,MATCHED,2022-01,W0,2021-12-31,87,2,188.622,189.551,194.40037525308804,193.8191737711873,193.72186309833666,8274,23.38986539800787,29.73538989909083
IRON_ORE,MATCHED,2022-01,W1,2022-01-07,87,2,188.622,189.551,194.40037525308804,193.8191737711873,193.72186309833666,8300,23.38986539800787,29.73538989909083
IRON_ORE,MATCHED,2022-01,W2,2022-01-14,88,1,188.622,189.551,191.19603952777527,190.6781315705106,190.59579366693606,8306,21.15226210959727,27.93517647988371
IRON_ORE,MATCHED,2022-01,W3,2022-01-21,88,1,188.622,189.551,191.19603952777527,190.6781315705106,190.59579366693606,8312,21.15226210959727,27.93517647988371
IRON_ORE,MATCHED,2022-01,W4,2022-01-31,88,1,188.622,189.551,191.19603952777527,190.6781315705106,190.59579366693606,8322,21.15226210959727,27.93517647988371
IRON_ORE,MATCHED,2022-02,W0,2022-01-31,88,2,190.64,189.551,193.2596614786835,192.18668401839298,191.88197006605495,8322,22.45365438396685,25.52000981321704
IRON_ORE,MATCHED,2022-02,W1,2022-02-07,88,2,190.64,189.551,193.2596614786835,192.18668401839298,191.88197006605495,8347,22.45365438396685,25.52000981321704
IRON_ORE,MATCHED,2022-02,W2,2022-02-14,88,2,190.64,189.551,193.2596614786835,192.18668401839298,191.88197006605495,8364,22.45365438396685,25.52000981321704
IRON_ORE,MATCHED,2022-02,W3,2022-02-21,89,1,190.64,188.622,188.79598103888245,188.0207239026277,187.88365375506592,8373,20.83077254637986,25.507279805214836
IRON_ORE,MATCHED,2022-02,W4,2022-02-28,89,1,190.64,188.622,188.79598103888245,188.0207239026277,187.88365375506592,8386,20.83077254637986,25.507279805214836
IRON_ORE,MATCHED,2022-03,W0,2022-02-28,89,2,192.631,188.622,191.17275164748176,189.2929991491119,189.00716934547785,8386,22.468014201363864,26.118444323839697
IRON_ORE,MATCHED,2022-03,W1,2022-03-07,89,2,192.631,188.622,191.17275164748176,189.2929991491119,189.00716934547785,8407,22.468014201363864,26.118444323839697
IRON_ORE,MATCHED,2022-03,W2,2022-03-14,89,2,192.631,188.622,191.17275164748176,189.2929991491119,189.00716934547785,8424,22.468014201363864,26.118444323839697
IRON_ORE,MATCHED,2022-03,W3,2022-03-21,90,1,192.631,188.622,189.91289129101747,187.82277905432244,187.676631697054,8434,22.467248157345274,24.003774738394423
IRON_ORE,MATCHED,2022-03,W4,2022-03-31,90,1,192.631,188.622,189.91289129101747,187.82277905432244,187.676631697054,8447,22.467248157345274,24.003774738394423
IRON_ORE,MATCHED,2022-04,W0,2022-03-31,90,2,192.057,188.622,191.82948051658343,187.24512576943692,187.01688655279582,8447,23.488835943207036,28.399115876903572
IRON_ORE,MATCHED,2022-04,W1,2022-04-07,90,2,192.057,188.622,191.82948051658343,187.24512576943692,187.01688655279582,8465,23.488835943207036,28.399115876903572
IRON_ORE,MATCHED,2022-04,W2,2022-04-14,91,1,192.057,191.159,192.9419261561187,190.51138896392328,189.93006975862878,8485,25.37291697671532,27.537596965848667
IRON_ORE,MATCHED,2022-04,W3,2022-04-21,91,1,192.057,191.159,192.9419261561187,190.51138896392328,189.93006975862878,8490,25.37291697671532,27.537596965848667
IRON_ORE,MATCHED,2022-04,W4,2022-04-30,91,1,192.057,191.159,192.9419261561187,190.51138896392328,189.93006975862878,8495,25.37291697671532,27.537596965848667
IRON_ORE,MATCHED,2022-05,W0,2022-04-30,91,2,194.053,191.159,203.68184367607967,196.53049730646646,196.30420101294783,8495,21.584107317507343,23.656819904084827
IRON_ORE,MATCHED,2022-05,W1,2022-05-07,91,2,194.053,191.159,203.68184367607967,196.53049730646646,196.30420101294783,8511,21.584107317507343,23.656819904084827
IRON_ORE,MATCHED,2022-05,W2,2022-05-14,92,1,194.053,192.057,200.47812105863065,198.25699376345904,198.2207548208675,8524,24.41303454115934,27.0244474046846
IRON_ORE,MATCHED,2022-05,W3,2022-05-21,92,1,194.053,192.057,200.47812105863065,198.25699376345904,198.2207548208675,8536,24.41303454115934,27.0244474046846
IRON_ORE,MATCHED,2022-05,W4,2022-05-31,92,1,194.053,192.057,200.47812105863065,198.25699376345904,198.2207548208675,8547,24.41303454115934,27.0244474046846
IRON_ORE,MATCHED,2022-06,W0,2022-05-31,92,2,205.995,192.057,204.40999523189427,198.6548787338904,198.55650536868265,8547,23.62517477212473,31.058455209860416
IRON_ORE,MATCHED,2022-06,W1,2022-06-07,92,2,205.995,192.057,204.40999523189427,198.6548787338904,198.55650536868265,8579,23.62517477212473,31.058455209860416
IRON_ORE,MATCHED,2022-06,W2,2022-06-14,93,1,205.995,192.057,194.8793464647312,195.93228230270662,195.7890430270455,8601,23.175393895120354,29.616815283291537
IRON_ORE,MATCHED,2022-06,W3,2022-06-21,93,1,205.995,192.057,194.8793464647312,195.93228230270662,195.7890430270455,8606,23.175393895120354,29.616815283291537
IRON_ORE,MATCHED,2022-06,W4,2022-06-30,93,1,205.995,192.057,194.8793464647312,195.93228230270662,195.7890430270455,8619,23.175393895120354,29.616815283291537
IRON_ORE,MATCHED,2022-07,W0,2022-06-30,93,2,214.199,192.057,202.0203765293133,203.39983922036834,203.1054816588842,8619,25.91660747862657,29.859156421800684
IRON_ORE,MATCHED,2022-07,W1,2022-07-07,93,2,214.199,192.057,202.0203765293133,203.39983922036834,203.1054816588842,8636,25.91660747862657,29.859156421800684
IRON_ORE,MATCHED,2022-07,W2,2022-07-14,94,1,214.199,206.617,214.9092788595383,214.864401709227,214.77454810023528,8646,25.17603628993297,32.77895712685675
IRON_ORE,MATCHED,2022-07,W3,2022-07-21,94,1,214.199,206.617,214.9092788595383,214.864401709227,214.77454810023528,8655,25.17603628993297,32.77895712685675
IRON_ORE,MATCHED,2022-07,W4,2022-07-31,94,1,214.199,206.617,214.9092788595383,214.864401709227,214.77454810023528,8664,25.17603628993297,32.77895712685675
IRON_ORE,MATCHED,2022-08,W0,2022-07-31,94,2,211.983,206.617,218.22589818336115,220.18381316422827,219.825805307906,8664,23.18785681055221,26.005127696111323
IRON_ORE,MATCHED,2022-08,W1,2022-08-07,94,2,211.983,206.617,218.22589818336115,220.18381316422827,219.825805307906,8689,23.18785681055221,26.005127696111323
IRON_ORE,MATCHED,2022-08,W2,2022-08-14,95,1,211.983,214.199,220.81477759141393,218.73380219723293,218.65074200897783,8696,24.08804803793378,28.237348631861302
IRON_ORE,MATCHED,2022-08,W3,2022-08-21,95,1,211.983,214.199,220.81477759141393,218.73380219723293,218.65074200897783,8703,24.08804803793378,28.237348631861302
IRON_ORE,MATCHED,2022-08,W4,2022-08-31,95,1,211.983,214.199,220.81477759141393,218.73380219723293,218.65074200897783,8727,24.08804803793378,28.237348631861302
IRON_ORE,MATCHED,2022-09,W0,2022-08-31,95,2,211.381,214.199,223.71885890891048,223.09912164164064,223.05864005038396,8727,23.82609692694228,36.06207998781417
IRON_ORE,MATCHED,2022-09,W1,2022-09-07,95,2,211.381,214.199,223.71885890891048,223.09912164164064,223.05864005038396,8746,23.82609692694228,36.06207998781417
IRON_ORE,MATCHED,2022-09,W2,2022-09-14,96,1,211.381,214.199,218.1590244561267,215.32951406156866,215.32925858057996,8778,23.987092065397277,32.53121793374982
IRON_ORE,MATCHED,2022-09,W3,2022-09-21,96,1,211.381,214.199,218.1590244561267,215.32951406156866,215.32925858057996,8790,23.987092065397277,32.53121793374982
IRON_ORE,MATCHED,2022-09,W4,2022-09-30,96,1,211.381,214.199,218.1590244561267,215.32951406156866,215.32925858057996,8816,23.987092065397277,32.53121793374982
IRON_ORE,MATCHED,2022-10,W0,2022-09-30,96,2,212.131,214.199,221.67065387205867,216.42808472731892,216.17782117788937,8816,23.279602543667238,34.0071447072566
IRON_ORE,MATCHED,2022-10,W1,2022-10-07,96,2,212.131,214.199,221.67065387205867,216.42808472731892,216.17782117788937,8830,23.279602543667238,34.0071447072566
IRON_ORE,MATCHED,2022-10,W2,2022-10-14,97,1,212.131,214.199,216.967988083525,214.20599879819648,213.90076546433204,8844,23.48264176902018,37.38284568949271
IRON_ORE,MATCHED,2022-10,W3,2022-10-21,97,1,212.131,214.199,216.967988083525,214.20599879819648,213.90076546433204,8857,23.48264176902018,37.38284568949271
IRON_ORE,MATCHED,2022-10,W4,2022-10-31,97,1,212.131,214.199,216.967988083525,214.20599879819648,213.90076546433204,8874,23.48264176902018,37.38284568949271
IRON_ORE,MATCHED,2022-11,W0,2022-10-31,97,2,215.261,214.199,221.6162541103102,216.14181147450356,215.91341353863083,8874,24.228133710215346,36.11448779681144
IRON_ORE,MATCHED,2022-11,W1,2022-11-07,97,2,215.261,214.199,221.6162541103102,216.14181147450356,215.91341353863083,8892,24.228133710215346,36.11448779681144
IRON_ORE,MATCHED,2022-11,W2,2022-11-14,97,2,215.261,214.199,221.6162541103102,216.14181147450356,215.91341353863083,8896,24.228133710215346,36.11448779681144
IRON_ORE,MATCHED,2022-11,W3,2022-11-21,98,1,215.261,212.131,217.4685258201855,214.39489533989155,214.43481534242468,8907,24.129580188441565,39.94080809437582
IRON_ORE,MATCHED,2022-11,W4,2022-11-30,98,1,215.261,212.131,217.4685258201855,214.39489533989155,214.43481534242468,8915,24.129580188441565,39.94080809437582
IRON_ORE,MATCHED,2022-12,W0,2022-11-30,98,2,214.962,212.131,218.1096873244795,214.03640522001797,213.81054716420022,8915,22.66151703210525,33.732927504437015
IRON_ORE,MATCHED,2022-12,W1,2022-12-07,98,2,214.962,212.131,218.1096873244795,214.03640522001797,213.81054716420022,8939,22.66151703210525,33.732927504437015
IRON_ORE,MATCHED,2022-12,W2,2022-12-14,99,1,214.962,212.131,214.66890220427408,212.20034776127068,212.13330797301097,8948,23.17343611723572,36.19524824799558
IRON_ORE,MATCHED,2022-12,W3,2022-12-21,99,1,214.962,212.131,214.66890220427408,212.20034776127068,212.13330797301097,8964,23.17343611723572,36.19524824799558
IRON_ORE,MATCHED,2022-12,W4,2022-12-31,99,1,214.962,212.131,214.66890220427408,212.20034776127068,212.13330797301097,8996,23.17343611723572,36.19524824799558
IRON_ORE,MATCHED,2023-01,W0,2022-12-31,99,2,216.837,212.131,215.90580960141352,212.87655008484418,212.90435893480577,8996,25.332349181379907,44.54527490405743
IRON_ORE,MATCHED,2023-01,W1,2023-01-07,99,2,216.837,212.131,215.90580960141352,212.87655008484418,212.90435893480577,9008,25.332349181379907,44.54527490405743
IRON_ORE,MATCHED,2023-01,W2,2023-01-14,99,2,216.837,212.131,215.90580960141352,212.87655008484418,212.90435893480577,9023,25.332349181379907,44.54527490405743
IRON_ORE,MATCHED,2023-01,W3,2023-01-21,100,1,216.837,212.131,213.9652517042593,212.80655767467817,212.82310533615498,9028,25.185494804498347,42.015271604623514
IRON_ORE,MATCHED,2023-01,W4,2023-01-31,100,1,216.837,212.131,213.9652517042593,212.80655767467817,212.82310533615498,9036,25.185494804498347,42.015271604623514
IRON_ORE,MATCHED,2023-02,W0,2023-01-31,100,2,219.106,212.131,216.34083683777885,214.84305582315747,213.89755566713444,9036,20.553280346520694,34.328346843150236
IRON_ORE,MATCHED,2023-02,W1,2023-02-07,100,2,219.106,212.131,216.34083683777885,214.84305582315747,213.89755566713444,9059,20.553280346520694,34.328346843150236
IRON_ORE,MATCHED,2023-02,W2,2023-02-14,100,2,219.106,212.131,216.34083683777885,214.84305582315747,213.89755566713444,9075,20.553280346520694,34.328346843150236
IRON_ORE,MATCHED,2023-02,W3,2023-02-21,101,1,219.106,216.837,219.04428291162466,218.62482091538476,218.6711948230667,9086,21.488281040857864,39.04426027063007
IRON_ORE,MATCHED,2023-02,W4,2023-02-28,101,1,219.106,216.837,219.04428291162466,218.62482091538476,218.6711948230667,9100,21.488281040857864,39.04426027063007
IRON_ORE,MATCHED,2023-03,W0,2023-02-28,101,2,217.959,216.837,221.55758648006724,221.42730986388653,221.47104513177857,9100,24.69642091068237,41.72859360396339
IRON_ORE,MATCHED,2023-03,W1,2023-03-07,101,2,217.959,216.837,221.55758648006724,221.42730986388653,221.47104513177857,9127,24.69642091068237,41.72859360396339
IRON_ORE,MATCHED,2023-03,W2,2023-03-14,101,2,217.959,216.837,221.55758648006724,221.42730986388653,221.47104513177857,9146,24.69642091068237,41.72859360396339
IRON_ORE,MATCHED,2023-03,W3,2023-03-21,102,1,217.959,216.837,219.8411163517927,220.24295122625176,220.23760401747774,9153,21.67652051124177,39.29907716436689
IRON_ORE,MATCHED,2023-03,W4,2023-03-31,102,1,217.959,216.837,219.8411163517927,220.24295122625176,220.23760401747774,9165,21.67652051124177,39.29907716436689
IRON_ORE,MATCHED,2023-04,W0,2023-03-31,102,2,220.056,216.837,220.34993241932744,222.04628847273625,221.8405808354542,9165,24.024383950582955,35.21124383103357
IRON_ORE,MATCHED,2023-04,W1,2023-04-07,102,2,220.056,216.837,220.34993241932744,222.04628847273625,221.8405808354542,9192,24.024383950582955,35.21124383103357
IRON_ORE,MATCHED,2023-04,W2,2023-04-14,103,1,220.056,216.837,218.35469177243309,219.2316215985628,219.12329368402868,9210,23.77148293735506,35.369540794478105
IRON_ORE,MATCHED,2023-04,W3,2023-04-21,103,1,220.056,216.837,218.35469177243309,219.2316215985628,219.12329368402868,9222,23.77148293735506,35.369540794478105
IRON_ORE,MATCHED,2023-04,W4,2023-04-30,103,1,220.056,216.837,218.35469177243309,219.2316215985628,219.12329368402868,9226,23.77148293735506,35.369540794478105
IRON_ORE,MATCHED,2023-05,W0,2023-04-30,103,2,206.001,216.837,220.59484503699966,222.96051337478025,222.81965437913377,9226,23.140888662263357,37.14320746114477
IRON_ORE,MATCHED,2023-05,W1,2023-05-07,103,2,206.001,216.837,220.59484503699966,222.96051337478025,222.81965437913377,9245,23.140888662263357,37.14320746114477
IRON_ORE,MATCHED,2023-05,W2,2023-05-14,104,1,206.001,215.192,217.31480046017487,218.46160179422154,218.3501696589729,9255,24.289563003242645,33.89134728278631
IRON_ORE,MATCHED,2023-05,W3,2023-05-21,104,1,206.001,215.192,217.31480046017487,218.46160179422154,218.3501696589729,9271,24.289563003242645,33.89134728278631
IRON_ORE,MATCHED,2023-05,W4,2023-05-31,104,1,206.001,215.192,217.31480046017487,218.46160179422154,218.3501696589729,9287,24.289563003242645,33.89134728278631
IRON_ORE,MATCHED,2023-06,W0,2023-05-31,104,2,206.577,215.192,225.6338780551224,227.90190489595696,227.76826747555003,9287,21.796127922434863,36.456618236335466
IRON_ORE,MATCHED,2023-06,W1,2023-06-07,104,2,206.577,215.192,225.6338780551224,227.90190489595696,227.76826747555003,9316,21.796127922434863,36.456618236335466
IRON_ORE,MATCHED,2023-06,W2,2023-06-14,105,1,206.577,191.225,196.54157428097093,198.22009637373475,198.39788414616663,9331,22.158399575300507,35.78669595406078
IRON_ORE,MATCHED,2023-06,W3,2023-06-21,105,1,206.577,191.225,196.54157428097093,198.22009637373475,198.39788414616663,9340,22.158399575300507,35.78669595406078
IRON_ORE,MATCHED,2023-06,W4,2023-06-30,105,1,206.577,191.225,196.54157428097093,198.22009637373475,198.39788414616663,9360,22.158399575300507,35.78669595406078
IRON_ORE,MATCHED,2023-07,W0,2023-06-30,105,2,205.071,191.225,208.47203346537484,212.41339312938618,212.62493727062832,9360,22.246779523213117,32.855613495357936
IRON_ORE,MATCHED,2023-07,W1,2023-07-07,105,2,205.071,191.225,208.47203346537484,212.41339312938618,212.62493727062832,9379,22.246779523213117,32.855613495357936
IRON_ORE,MATCHED,2023-07,W2,2023-07-14,106,1,205.071,191.225,198.8767090335376,201.47290389073422,201.641531526326,9397,20.81695207215596,33.68255716821088
IRON_ORE,MATCHED,2023-07,W3,2023-07-21,106,1,205.071,191.225,198.8767090335376,201.47290389073422,201.641531526326,9406,20.81695207215596,33.68255716821088
IRON_ORE,MATCHED,2023-07,W4,2023-07-31,106,1,205.071,191.225,198.8767090335376,201.47290389073422,201.641531526326,9417,20.81695207215596,33.68255716821088
IRON_ORE,MATCHED,2023-08,W0,2023-07-31,106,2,207.269,191.225,206.91647452468217,209.80249267487338,210.0866363951498,9417,21.13888507310494,32.58089050154422
IRON_ORE,MATCHED,2023-08,W1,2023-08-07,106,2,207.269,191.225,206.91647452468217,209.80249267487338,210.0866363951498,9441,21.13888507310494,32.58089050154422
IRON_ORE,MATCHED,2023-08,W2,2023-08-14,107,1,207.269,205.071,205.4940181157352,209.4549837034911,209.4480616745696,9452,19.69158496997221,30.534557966923426
IRON_ORE,MATCHED,2023-08,W3,2023-08-21,107,1,207.269,205.071,205.4940181157352,209.4549837034911,209.4480616745696,9462,19.69158496997221,30.534557966923426
IRON_ORE,MATCHED,2023-08,W4,2023-08-31,107,1,207.269,205.071,205.4940181157352,209.4549837034911,209.4480616745696,9480,19.69158496997221,30.534557966923426
IRON_ORE,MATCHED,2023-09,W0,2023-08-31,107,2,208.326,205.071,208.91944494512686,210.826720227416,210.88686605333106,9480,19.9024139591048,32.406083274141174
IRON_ORE,MATCHED,2023-09,W1,2023-09-07,107,2,208.326,205.071,208.91944494512686,210.826720227416,210.88686605333106,9504,19.9024139591048,32.406083274141174
IRON_ORE,MATCHED,2023-09,W2,2023-09-14,108,1,208.326,205.071,207.34272027616828,208.55414973648533,208.5120779836078,9523,18.929776088054762,29.809374117247195
IRON_ORE,MATCHED,2023-09,W3,2023-09-21,108,1,208.326,205.071,207.34272027616828,208.55414973648533,208.5120779836078,9529,18.929776088054762,29.809374117247195
IRON_ORE,MATCHED,2023-09,W4,2023-09-30,108,1,208.326,205.071,207.34272027616828,208.55414973648533,208.5120779836078,9548,18.929776088054762,29.809374117247195
IRON_ORE,MATCHED,2023-10,W0,2023-09-30,108,2,205.938,205.071,208.36665688609202,209.13912178994926,208.9622522351019,9548,19.642465141062278,29.685522242472665
IRON_ORE,MATCHED,2023-10,W1,2023-10-07,108,2,205.938,205.071,208.36665688609202,209.13912178994926,208.9622522351019,9572,19.642465141062278,29.685522242472665
IRON_ORE,MATCHED,2023-10,W2,2023-10-14,109,1,205.938,205.071,206.51247445186175,207.34624719532735,207.2465402671162,9583,18.881610791346127,29.325178860676306
IRON_ORE,MATCHED,2023-10,W3,2023-10-21,109,1,205.938,205.071,206.51247445186175,207.34624719532735,207.2465402671162,9588,18.881610791346127,29.325178860676306
IRON_ORE,MATCHED,2023-10,W4,2023-10-31,109,1,205.938,205.071,206.51247445186175,207.34624719532735,207.2465402671162,9602,18.881610791346127,29.325178860676306
IRON_ORE,MATCHED,2023-11,W0,2023-10-31,109,2,204.521,205.071,208.18576104019635,207.67276934429944,207.2931313437506,9602,17.877709029619822,26.992285171216995
IRON_ORE,MATCHED,2023-11,W1,2023-11-07,109,2,204.521,205.071,208.18576104019635,207.67276934429944,207.2931313437506,9627,17.877709029619822,26.992285171216995
IRON_ORE,MATCHED,2023-11,W2,2023-11-14,109,2,204.521,205.071,208.18576104019635,207.67276934429944,207.2931313437506,9644,17.877709029619822,26.992285171216995
IRON_ORE,MATCHED,2023-11,W3,2023-11-21,110,1,204.521,205.938,207.3168532229543,207.87023931245636,207.60107730195912,9657,18.33517055654975,25.942238435173234
IRON_ORE,MATCHED,2023-11,W4,2023-11-30,110,1,204.521,205.938,207.3168532229543,207.87023931245636,207.60107730195912,9674,18.33517055654975,25.942238435173234
IRON_ORE,MATCHED,2023-12,W0,2023-11-30,110,2,203.905,205.938,207.6492893133475,207.2827942468192,206.89155899694777,9674,18.417096329099508,29.894038872629434
IRON_ORE,MATCHED,2023-12,W1,2023-12-07,110,2,203.905,205.938,207.6492893133475,207.2827942468192,206.89155899694777,9701,18.417096329099508,29.894038872629434
IRON_ORE,MATCHED,2023-12,W2,2023-12-14,111,1,203.905,202.12,203.03361567721169,203.19411541019102,202.9882539341548,9720,17.983678722686772,28.1639307748742
IRON_ORE,MATCHED,2023-12,W3,2023-12-21,111,1,203.905,202.12,203.03361567721169,203.19411541019102,202.9882539341548,9727,17.983678722686772,28.1639307748742
IRON_ORE,MATCHED,2023-12,W4,2023-12-31,111,1,203.905,202.12,203.03361567721169,203.19411541019102,202.9882539341548,9743,17.983678722686772,28.1639307748742
IRON_ORE,MATCHED,2024-01,W0,2023-12-31,111,2,205.036,202.12,204.0121136498704,203.5402347672315,203.16395576125868,9743,20.530809999931925,27.949938580050024
IRON_ORE,MATCHED,2024-01,W1,2024-01-07,111,2,205.036,202.12,204.0121136498704,203.5402347672315,203.16395576125868,9757,20.530809999931925,27.949938580050024
IRON_ORE,MATCHED,2024-01,W2,2024-01-14,112,1,205.036,202.12,204.50763216669122,204.39162835276508,204.25153995494824,9770,20.093542313605937,29.370021591642274
IRON_ORE,MATCHED,2024-01,W3,2024-01-21,112,1,205.036,202.12,204.50763216669122,204.39162835276508,204.25153995494824,9778,20.093542313605937,29.370021591642274
IRON_ORE,MATCHED,2024-01,W4,2024-01-31,112,1,205.036,202.12,204.50763216669122,204.39162835276508,204.25153995494824,9788,20.093542313605937,29.370021591642274
IRON_ORE,MATCHED,2024-02,W0,2024-01-31,112,2,206.54,202.12,204.72846028611644,204.88940961366785,204.33420600055678,9788,16.416812962654706,25.37812587852477
IRON_ORE,MATCHED,2024-02,W1,2024-02-07,112,2,206.54,202.12,204.72846028611644,204.88940961366785,204.33420600055678,9813,16.416812962654706,25.37812587852477
IRON_ORE,MATCHED,2024-02,W2,2024-02-14,112,2,206.54,202.12,204.72846028611644,204.88940961366785,204.33420600055678,9824,16.416812962654706,25.37812587852477
IRON_ORE,MATCHED,2024-02,W3,2024-02-21,113,1,206.54,205.036,207.47882235916416,207.0748326575968,208.058167346059,9830,18.03348847958598,26.426686739709023
IRON_ORE,MATCHED,2024-02,W4,2024-02-29,113,1,206.54,205.036,207.47882235916416,207.0748326575968,208.058167346059,9845,18.03348847958598,26.426686739709023
IRON_ORE,MATCHED,2024-03,W0,2024-02-29,113,2,203.955,205.036,206.36889958870518,207.9844652691874,207.6007800753209,9845,18.83365735357183,26.1846969177099
IRON_ORE,MATCHED,2024-03,W1,2024-03-07,113,2,203.955,205.036,206.36889958870518,207.9844652691874,207.6007800753209,9865,18.83365735357183,26.1846969177099
IRON_ORE,MATCHED,2024-03,W2,2024-03-14,114,1,203.955,203.147,203.35023121654544,204.8287876092648,204.5474801480289,9881,17.75541857941894,24.517455585804218
IRON_ORE,MATCHED,2024-03,W3,2024-03-21,114,1,203.955,203.147,203.35023121654544,204.8287876092648,204.5474801480289,9892,17.75541857941894,24.517455585804218
IRON_ORE,MATCHED,2024-03,W4,2024-03-31,114,1,203.955,203.147,203.35023121654544,204.8287876092648,204.5474801480289,9900,17.75541857941894,24.517455585804218
IRON_ORE,MATCHED,2024-04,W0,2024-03-31,114,2,205.45,203.147,203.88090144701852,206.52533125057653,205.96040549722306,9900,18.56106444912693,22.390174621452463
IRON_ORE,MATCHED,2024-04,W1,2024-04-07,114,2,205.45,203.147,203.88090144701852,206.52533125057653,205.96040549722306,9920,18.56106444912693,22.390174621452463
IRON_ORE,MATCHED,2024-04,W2,2024-04-14,115,1,205.45,203.147,204.25952129463843,204.8177563203874,204.48289887204973,9933,17.914606400393886,20.480622143847004
IRON_ORE,MATCHED,2024-04,W3,2024-04-21,115,1,205.45,203.147,204.25952129463843,204.8177563203874,204.48289887204973,9945,17.914606400393886,20.480622143847004
IRON_ORE,MATCHED,2024-04,W4,2024-04-30,115,1,205.45,203.147,204.25952129463843,204.8177563203874,204.48289887204973,9969,17.914606400393886,20.480622143847004
IRON_ORE,MATCHED,2024-05,W0,2024-04-30,115,2,206.005,203.147,201.32861749623243,202.53822617498827,202.1146984537245,9969,15.91578696864112,26.443790524551638
IRON_ORE,MATCHED,2024-05,W1,2024-05-07,115,2,206.005,203.147,201.32861749623243,202.53822617498827,202.1146984537245,9994,15.91578696864112,26.443790524551638
IRON_ORE,MATCHED,2024-05,W2,2024-05-14,116,1,206.005,203.052,201.17957413742994,201.259963831219,200.99766149851746,10004,15.794244000935144,23.407081405844288
IRON_ORE,MATCHED,2024-05,W3,2024-05-21,116,1,206.005,203.052,201.17957413742994,201.259963831219,200.99766149851746,10020,15.794244000935144,23.407081405844288
IRON_ORE,MATCHED,2024-05,W4,2024-05-31,116,1,206.005,203.052,201.17957413742994,201.259963831219,200.99766149851746,10042,15.794244000935144,23.407081405844288
IRON_ORE,MATCHED,2024-06,W0,2024-05-31,116,2,204.636,203.052,201.08957789559565,201.2234140241813,200.68592520164287,10042,14.358478043433315,20.539731183841862
IRON_ORE,MATCHED,2024-06,W1,2024-06-07,116,2,204.636,203.052,201.08957789559565,201.2234140241813,200.68592520164287,10076,14.358478043433315,20.539731183841862
IRON_ORE,MATCHED,2024-06,W2,2024-06-14,117,1,204.636,203.052,202.72204642964067,202.37741563551336,202.14845483860358,10100,12.504976532570314,23.57763805513747
IRON_ORE,MATCHED,2024-06,W3,2024-06-21,117,1,204.636,203.052,202.72204642964067,202.37741563551336,202.14845483860358,10106,12.504976532570314,23.57763805513747
IRON_ORE,MATCHED,2024-06,W4,2024-06-30,117,1,204.636,203.052,202.72204642964067,202.37741563551336,202.14845483860358,10114,12.504976532570314,23.57763805513747
IRON_ORE,MATCHED,2024-07,W0,2024-06-30,117,2,206.319,203.052,202.81734677379904,202.20463705388383,201.73413333051076,10114,16.255197875732048,22.204304721804135
IRON_ORE,MATCHED,2024-07,W1,2024-07-07,117,2,206.319,203.052,202.81734677379904,202.20463705388383,201.73413333051076,10132,16.255197875732048,22.204304721804135
IRON_ORE,MATCHED,2024-07,W2,2024-07-14,118,1,206.319,203.052,202.5258104092605,203.17646763519218,202.89255344275392,10142,13.74693501401543,21.97296967511325
IRON_ORE,MATCHED,2024-07,W3,2024-07-21,118,1,206.319,203.052,202.5258104092605,203.17646763519218,202.89255344275392,10154,13.74693501401543,21.97296967511325
IRON_ORE,MATCHED,2024-07,W4,2024-07-31,118,1,206.319,203.052,202.5258104092605,203.17646763519218,202.89255344275392,10165,13.74693501401543,21.97296967511325
IRON_ORE,MATCHED,2024-08,W0,2024-07-31,118,2,205.293,203.052,203.15289668434107,203.84000748181484,203.17214899916425,10165,11.736137175926741,20.92296967511325
IRON_ORE,MATCHED,2024-08,W1,2024-08-07,118,2,205.293,203.052,203.15289668434107,203.84000748181484,203.17214899916425,10178,11.736137175926741,20.92296967511325
IRON_ORE,MATCHED,2024-08,W2,2024-08-14,119,1,205.293,208.937,209.17132764361554,209.58179715161134,209.23971610844376,10208,12.60662297923909,19.565958177430673
IRON_ORE,MATCHED,2024-08,W3,2024-08-21,119,1,205.293,208.937,209.17132764361554,209.58179715161134,209.23971610844376,10230,12.60662297923909,19.565958177430673
IRON_ORE,MATCHED,2024-08,W4,2024-08-31,119,1,205.293,208.937,209.17132764361554,209.58179715161134,209.23971610844376,10248,12.60662297923909,19.565958177430673
IRON_ORE,MATCHED,2024-09,W0,2024-08-31,119,2,194.315,208.937,209.83797174988567,210.10191499553977,209.80816655697964,10248,14.054011888776879,25.163304659137374
IRON_ORE,MATCHED,2024-09,W1,2024-09-07,119,2,194.315,208.937,209.83797174988567,210.10191499553977,209.80816655697964,10262,14.054011888776879,25.163304659137374
IRON_ORE,MATCHED,2024-09,W2,2024-09-14,120,1,194.315,208.937,208.02866521570084,208.0612357314611,207.85960966975225,10292,13.629845601433187,23.76204722326933
IRON_ORE,MATCHED,2024-09,W3,2024-09-21,120,1,194.315,208.937,208.02866521570084,208.0612357314611,207.85960966975225,10303,13.629845601433187,23.76204722326933
IRON_ORE,MATCHED,2024-09,W4,2024-09-30,120,1,194.315,208.937,208.02866521570084,208.0612357314611,207.85960966975225,10323,13.629845601433187,23.76204722326933
IRON_ORE,MATCHED,2024-10,W0,2024-09-30,120,2,196.287,208.937,207.55899719063547,207.50314857415165,207.10955103409657,10323,15.045191228785011,25.16377282530369
IRON_ORE,MATCHED,2024-10,W1,2024-10-07,120,2,196.287,208.937,207.55899719063547,207.50314857415165,207.10955103409657,10337,15.045191228785011,25.16377282530369
IRON_ORE,MATCHED,2024-10,W2,2024-10-14,121,1,196.287,208.937,208.56915663635607,208.46435867104807,207.8300332597106,10353,15.657181088007594,27.999585395706884
IRON_ORE,MATCHED,2024-10,W3,2024-10-21,121,1,196.287,208.937,208.56915663635607,208.46435867104807,207.8300332597106,10370,15.657181088007594,27.999585395706884
IRON_ORE,MATCHED,2024-10,W4,2024-10-31,121,1,196.287,208.937,208.56915663635607,208.46435867104807,207.8300332597106,10388,15.657181088007594,27.999585395706884
IRON_ORE,MATCHED,2024-11,W0,2024-10-31,121,2,197.498,208.937,208.010799977867,206.91043409363033,206.11869833728986,10388,12.232414813418396,23.975353728861936
IRON_ORE,MATCHED,2024-11,W1,2024-11-07,121,2,197.498,208.937,208.010799977867,206.91043409363033,206.11869833728986,10409,12.232414813418396,23.975353728861936
IRON_ORE,MATCHED,2024-11,W2,2024-11-14,122,1,197.498,203.874,203.73308211579672,203.63783608057764,203.43696069720573,10444,13.63193241621553,26.61530958538947
IRON_ORE,MATCHED,2024-11,W3,2024-11-21,122,1,197.498,203.874,203.73308211579672,203.63783608057764,203.43696069720573,10467,13.63193241621553,26.61530958538947
IRON_ORE,MATCHED,2024-11,W4,2024-11-30,122,1,197.498,203.874,203.73308211579672,203.63783608057764,203.43696069720573,10481,13.63193241621553,26.61530958538947
IRON_ORE,MATCHED,2024-12,W0,2024-11-30,122,2,198.104,203.874,204.1741694042418,203.21866533251136,203.78576483937601,10481,15.255704580316307,28.241658529074435
IRON_ORE,MATCHED,2024-12,W1,2024-12-07,122,2,198.104,203.874,204.1741694042418,203.21866533251136,203.78576483937601,10499,15.255704580316307,28.241658529074435
IRON_ORE,MATCHED,2024-12,W2,2024-12-14,123,1,198.104,204.733,203.79822150097795,203.70707041741662,203.60629292199147,10524,13.101114634609809,26.92551266798954
IRON_ORE,MATCHED,2024-12,W3,2024-12-21,123,1,198.104,204.733,203.79822150097795,203.70707041741662,203.60629292199147,10545,13.101114634609809,26.92551266798954
IRON_ORE,MATCHED,2024-12,W4,2024-12-31,123,1,198.104,204.733,203.79822150097795,203.70707041741662,203.60629292199147,10564,13.101114634609809,26.92551266798954
IRON_ORE,MATCHED,2025-01,W0,2024-12-31,123,2,197.418,204.733,204.33489448310598,203.49940821776005,203.69983139808926,10564,16.96816757905693,27.026902118744893
IRON_ORE,MATCHED,2025-01,W1,2025-01-07,123,2,197.418,204.733,204.33489448310598,203.49940821776005,203.69983139808926,10575,16.96816757905693,27.026902118744893
IRON_ORE,MATCHED,2025-01,W2,2025-01-14,124,1,197.418,204.733,204.7187923424343,204.60394377777172,204.56991264331182,10588,16.696264149376738,27.86700179265289
IRON_ORE,MATCHED,2025-01,W3,2025-01-21,124,1,197.418,204.733,204.7187923424343,204.60394377777172,204.56991264331182,10596,16.696264149376738,27.86700179265289
IRON_ORE,MATCHED,2025-01,W4,2025-01-31,124,1,197.418,204.733,204.7187923424343,204.60394377777172,204.56991264331182,10622,16.696264149376738,27.86700179265289
IRON_ORE,MATCHED,2025-02,W0,2025-01-31,124,2,198.592,204.733,204.88074796940444,204.7099814835875,203.36835312794804,10622,12.976796972955192,24.129738193198854
IRON_ORE,MATCHED,2025-02,W1,2025-02-07,124,2,198.592,204.733,204.88074796940444,204.7099814835875,203.36835312794804,10634,12.976796972955192,24.129738193198854
IRON_ORE,MATCHED,2025-02,W2,2025-02-14,125,1,198.592,198.673,198.9361142975342,198.93229033858134,198.83668652736785,10648,15.790794404091049,25.458830466132593
IRON_ORE,MATCHED,2025-02,W3,2025-02-21,125,1,198.592,198.673,198.9361142975342,198.93229033858134,198.83668652736785,10667,15.790794404091049,25.458830466132593
IRON_ORE,MATCHED,2025-02,W4,2025-02-28,125,1,198.592,198.673,198.9361142975342,198.93229033858134,198.83668652736785,10680,15.790794404091049,25.458830466132593
IRON_ORE,MATCHED,2025-03,W0,2025-02-28,125,2,197.516,198.673,198.22275696542687,198.16334805022626,198.13382839257758,10680,19.30745734378872,29.87817940981755
IRON_ORE,MATCHED,2025-03,W1,2025-03-07,125,2,197.516,198.673,198.22275696542687,198.16334805022626,198.13382839257758,10701,19.30745734378872,29.87817940981755
IRON_ORE,MATCHED,2025-03,W2,2025-03-14,126,1,197.516,198.673,197.7573893568706,197.82121392612692,197.63693814137451,10720,19.16147974078125,27.47464386848037
IRON_ORE,MATCHED,2025-03,W3,2025-03-21,126,1,197.516,198.673,197.7573893568706,197.82121392612692,197.63693814137451,10728,19.16147974078125,27.47464386848037
IRON_ORE,MATCHED,2025-03,W4,2025-03-31,126,1,197.516,198.673,197.7573893568706,197.82121392612692,197.63693814137451,10741,19.16147974078125,27.47464386848037
IRON_ORE,MATCHED,2025-04,W0,2025-03-31,126,2,203.273,198.673,194.35822369433384,197.86547417287298,196.80886250123154,10741,19.503538564551608,26.582128258128744
IRON_ORE,MATCHED,2025-04,W1,2025-04-07,126,2,203.273,198.673,194.35822369433384,197.86547417287298,196.80886250123154,10763,19.503538564551608,26.582128258128744
IRON_ORE,MATCHED,2025-04,W2,2025-04-14,127,1,203.273,198.673,198.47161047901247,198.6570445981132,197.99771606174806,10785,22.349679523764145,27.994143118087706
IRON_ORE,MATCHED,2025-04,W3,2025-04-21,127,1,203.273,198.673,198.47161047901247,198.6570445981132,197.99771606174806,10795,22.349679523764145,27.994143118087706
IRON_ORE,MATCHED,2025-04,W4,2025-04-30,127,1,203.273,198.673,198.47161047901247,198.6570445981132,197.99771606174806,10805,22.349679523764145,27.994143118087706
IRON_ORE,MATCHED,2025-05,W0,2025-04-30,127,2,203.705,198.673,194.96074146050657,195.0176971777196,198.36057105161885,10805,18.203935780133644,32.15978688192993
IRON_ORE,MATCHED,2025-05,W1,2025-05-07,127,2,203.705,198.673,194.96074146050657,195.0176971777196,198.36057105161885,10824,18.203935780133644,32.15978688192993
IRON_ORE,MATCHED,2025-05,W2,2025-05-14,127,2,203.705,198.673,194.96074146050657,195.0176971777196,198.36057105161885,10842,18.203935780133644,32.15978688192993
IRON_ORE,MATCHED,2025-05,W3,2025-05-21,128,1,203.705,202.284,202.30662661326375,202.33143937883347,202.2603319291912,10862,20.390453225434577,32.9200974773893
IRON_ORE,MATCHED,2025-05,W4,2025-05-31,128,1,203.705,202.284,202.30662661326375,202.33143937883347,202.2603319291912,10889,20.390453225434577,32.9200974773893
IRON_ORE,MATCHED,2025-06,W0,2025-05-31,128,2,202.196,202.284,197.67253966933214,197.7377169540261,197.72426793256588,10889,23.034058819508942,25.921705724444678
IRON_ORE,MATCHED,2025-06,W1,2025-06-07,128,2,202.196,202.284,197.67253966933214,197.7377169540261,197.72426793256588,10906,23.034058819508942,25.921705724444678
IRON_ORE,MATCHED,2025-06,W2,2025-06-14,129,1,202.196,202.284,200.85483111411472,200.8844026678966,200.8706157602821,10927,21.45255124798923,29.45996595091487
IRON_ORE,MATCHED,2025-06,W3,2025-06-21,129,1,202.196,202.284,200.85483111411472,200.8844026678966,200.8706157602821,10942,21.45255124798923,29.45996595091487
IRON_ORE,MATCHED,2025-06,W4,2025-06-30,129,1,202.196,202.284,200.85483111411472,200.8844026678966,200.8706157602821,10956,21.45255124798923,29.45996595091487
IRON_ORE,MATCHED,2025-07,W0,2025-06-30,129,2,203.472,202.284,200.79890237026095,201.2530232418058,200.99946051060988,10956,18.334072846464295,31.3412992842482
IRON_ORE,MATCHED,2025-07,W1,2025-07-07,129,2,203.472,202.284,200.79890237026095,201.2530232418058,200.99946051060988,10970,18.334072846464295,31.3412992842482
IRON_ORE,MATCHED,2025-07,W2,2025-07-14,129,2,203.472,202.284,200.79890237026095,201.2530232418058,200.99946051060988,10988,18.334072846464295,31.3412992842482
IRON_ORE,MATCHED,2025-07,W3,2025-07-21,130,1,203.472,202.284,202.51058242265773,202.7110048311381,202.6153589789325,10999,19.609734791941644,28.683476255542228
IRON_ORE,MATCHED,2025-07,W4,2025-07-31,130,1,203.472,202.284,202.51058242265773,202.7110048311381,202.6153589789325,11020,19.609734791941644,28.683476255542228
IRON_ORE,MATCHED,2025-08,W0,2025-07-31,130,2,205.94,202.284,201.84096216121216,202.1313316728526,201.85103620831146,11020,21.316719397191502,29.822142922208897
IRON_ORE,MATCHED,2025-08,W1,2025-08-07,130,2,205.94,202.284,201.84096216121216,202.1313316728526,201.85103620831146,11035,21.316719397191502,29.822142922208897
IRON_ORE,MATCHED,2025-08,W2,2025-08-14,131,1,205.94,203.472,202.97447141813225,203.91040390578254,203.60611698015742,11057,19.592439097323947,28.192926240882908
IRON_ORE,MATCHED,2025-08,W3,2025-08-21,131,1,205.94,203.472,202.97447141813225,203.91040390578254,203.60611698015742,11073,19.592439097323947,28.192926240882908
IRON_ORE,MATCHED,2025-08,W4,2025-08-31,131,1,205.94,203.472,202.97447141813225,203.91040390578254,203.60611698015742,11105,19.592439097323947,28.192926240882908
IRON_ORE,MATCHED,2025-09,W0,2025-08-31,131,2,205.817,203.472,197.41896040708866,202.15586954213393,202.1277258617289,11105,21.88036789457986,32.08649987983876
IRON_ORE,MATCHED,2025-09,W1,2025-09-07,131,2,205.817,203.472,197.41896040708866,202.15586954213393,202.1277258617289,11115,21.88036789457986,32.08649987983876
IRON_ORE,MATCHED,2025-09,W2,2025-09-14,132,1,205.817,205.94,203.17218757579658,203.26960657649795,202.98179793519122,11139,22.287881843272864,32.89846508024196
IRON_ORE,MATCHED,2025-09,W3,2025-09-21,132,1,205.817,205.94,203.17218757579658,203.26960657649795,202.98179793519122,11156,22.287881843272864,32.89846508024196
IRON_ORE,MATCHED,2025-09,W4,2025-09-30,132,1,205.817,205.94,203.17218757579658,203.26960657649795,202.98179793519122,11177,22.287881843272864,32.89846508024196
IRON_ORE,MATCHED,2025-10,W0,2025-09-30,132,2,203.422,205.94,203.45242093904324,203.95602316278527,204.06509229355336,11177,18.39646018887386,28.234045687614213
IRON_ORE,MATCHED,2025-10,W1,2025-10-07,132,2,203.422,205.94,203.45242093904324,203.95602316278527,204.06509229355336,11197,18.39646018887386,28.234045687614213
IRON_ORE,MATCHED,2025-10,W2,2025-10-14,132,2,203.422,205.94,203.45242093904324,203.95602316278527,204.06509229355336,11197,18.39646018887386,28.234045687614213
IRON_ORE,MATCHED,2025-10,W3,2025-10-21,132,2,203.422,205.94,203.45242093904324,203.95602316278527,204.06509229355336,11199,18.39646018887386,28.234045687614213
IRON_ORE,MATCHED,2025-10,W4,2025-10-31,132,2,203.422,205.94,203.45242093904324,203.95602316278527,204.06509229355336,11200,18.39646018887386,28.234045687614213
IRON_ORE,MATCHED,2025-11,W0,2025-10-31,132,3,206.888,205.94,199.48943171978004,203.4906713858408,202.5643559981958,11200,18.02984455439415,25.94054568761421
IRON_ORE,MATCHED,2025-11,W1,2025-11-07,132,3,206.888,205.94,199.48943171978004,203.4906713858408,202.5643559981958,11202,18.02984455439415,25.94054568761421
IRON_ORE,MATCHED,2025-11,W2,2025-11-14,132,3,206.888,205.94,199.48943171978004,203.4906713858408,202.5643559981958,11205,18.02984455439415,25.94054568761421
IRON_ORE,MATCHED,2025-11,W3,2025-11-21,132,3,206.888,205.94,199.48943171978004,203.4906713858408,202.5643559981958,11216,18.02984455439415,25.94054568761421
IRON_ORE,MATCHED,2025-11,W4,2025-11-30,133,2,206.888,205.94,205.2007564737587,205.01404613899305,204.38414529682416,11230,19.880125947026993,29.322045665773047
IRON_ORE,MATCHED,2025-12,W0,2025-11-30,133,3,204.225,205.94,201.60670760990146,201.64157869802983,204.2878895280508,11230,22.434420243958805,31.876962770759796
IRON_ORE,MATCHED,2025-12,W1,2025-12-07,133,3,204.225,205.94,201.60670760990146,201.64157869802983,204.2878895280508,11244,22.434420243958805,31.876962770759796
IRON_ORE,MATCHED,2025-12,W2,2025-12-14,133,3,204.225,205.94,201.60670760990146,201.64157869802983,204.2878895280508,11257,22.434420243958805,31.876962770759796
IRON_ORE,MATCHED,2025-12,W3,2025-12-21,133,3,204.225,205.94,201.60670760990146,201.64157869802983,204.2878895280508,11273,22.434420243958805,31.876962770759796
IRON_ORE,MATCHED,2025-12,W4,2025-12-31,133,3,204.225,205.94,201.60670760990146,201.64157869802983,204.2878895280508,11293,22.434420243958805,31.876962770759796
IRON_ORE,MATCHED,2026-01,W0,2025-12-31,133,4,206.673,205.94,201.67165682221662,204.38321019108028,203.88469502008866,11293,20.823632463802266,34.96215179745661
IRON_ORE,MATCHED,2026-01,W1,2026-01-07,133,4,206.673,205.94,201.67165682221662,204.38321019108028,203.88469502008866,11293,20.823632463802266,34.96215179745661
IRON_ORE,MATCHED,2026-01,W2,2026-01-14,133,4,206.673,205.94,201.67165682221662,204.38321019108028,203.88469502008866,11293,20.823632463802266,34.96215179745661
IRON_ORE,MATCHED,2026-01,W3,2026-01-21,133,4,206.673,205.94,201.67165682221662,204.38321019108028,203.88469502008866,11293,20.823632463802266,34.96215179745661
IRON_ORE,MATCHED,2026-01,W4,2026-01-31,133,4,206.673,205.94,201.67165682221662,204.38321019108028,203.88469502008866,11293,20.823632463802266,34.96215179745661
IRON_ORE,MAXIMUM,2021-12,W0,2021-11-30,115,2,189.506,189.6,189.6562374606911,196.15583483107386,196.1929555136915,8214,22.134047911213656,28.764451112664553
IRON_ORE,MAXIMUM,2021-12,W1,2021-12-07,115,2,189.506,189.6,189.6562374606911,196.15583483107386,196.1929555136915,8236,22.134047911213656,28.764451112664553
IRON_ORE,MAXIMUM,2021-12,W2,2021-12-14,118,1,189.506,189.551,190.11258206175512,190.51254241393443,190.49778424631967,8254,22.468973180438034,26.1899305603087
IRON_ORE,MAXIMUM,2021-12,W3,2021-12-21,118,1,189.506,189.551,190.11258206175512,190.51254241393443,190.49778424631967,8257,22.468973180438034,26.1899305603087
IRON_ORE,MAXIMUM,2021-12,W4,2021-12-31,118,1,189.506,189.551,190.11258206175512,190.51254241393443,190.49778424631967,8274,22.468973180438034,26.1899305603087
IRON_ORE,MAXIMUM,2022-01,W0,2021-12-31,116,2,188.622,189.551,191.35692895391594,195.4195518509936,195.4425389286642,8274,23.38986539800787,29.73538989909083
IRON_ORE,MAXIMUM,2022-01,W1,2022-01-07,116,2,188.622,189.551,191.35692895391594,195.4195518509936,195.4425389286642,8300,23.38986539800787,29.73538989909083
IRON_ORE,MAXIMUM,2022-01,W2,2022-01-14,119,1,188.622,189.551,190.82216598012474,191.07042571331766,191.242346162243,8306,21.15226210959727,27.93517647988371
IRON_ORE,MAXIMUM,2022-01,W3,2022-01-21,119,1,188.622,189.551,190.82216598012474,191.07042571331766,191.242346162243,8312,21.15226210959727,27.93517647988371
IRON_ORE,MAXIMUM,2022-01,W4,2022-01-31,119,1,188.622,189.551,190.82216598012474,191.07042571331766,191.242346162243,8322,21.15226210959727,27.93517647988371
IRON_ORE,MAXIMUM,2022-02,W0,2022-01-31,117,2,190.64,189.551,192.29976107684755,194.43843985553303,194.4640488868631,8322,22.45365438396685,25.52000981321704
IRON_ORE,MAXIMUM,2022-02,W1,2022-02-07,117,2,190.64,189.551,192.29976107684755,194.43843985553303,194.4640488868631,8347,22.45365438396685,25.52000981321704
IRON_ORE,MAXIMUM,2022-02,W2,2022-02-14,117,2,190.64,189.551,192.29976107684755,194.43843985553303,194.4640488868631,8364,22.45365438396685,25.52000981321704
IRON_ORE,MAXIMUM,2022-02,W3,2022-02-21,120,1,190.64,188.622,189.0285675638657,189.08507698437322,189.18768160819408,8373,20.83077254637986,25.507279805214836
IRON_ORE,MAXIMUM,2022-02,W4,2022-02-28,120,1,190.64,188.622,189.0285675638657,189.08507698437322,189.18768160819408,8386,20.83077254637986,25.507279805214836
IRON_ORE,MAXIMUM,2022-03,W0,2022-02-28,118,2,192.631,188.622,190.36954471017896,190.38755634774725,190.39308040566485,8386,22.468014201363864,26.118444323839697
IRON_ORE,MAXIMUM,2022-03,W1,2022-03-07,118,2,192.631,188.622,190.36954471017896,190.38755634774725,190.39308040566485,8407,22.468014201363864,26.118444323839697
IRON_ORE,MAXIMUM,2022-03,W2,2022-03-14,118,2,192.631,188.622,190.36954471017896,190.38755634774725,190.39308040566485,8424,22.468014201363864,26.118444323839697
IRON_ORE,MAXIMUM,2022-03,W3,2022-03-21,121,1,192.631,188.622,189.9353213943908,189.5324911669506,189.4944834329321,8434,22.467248157345274,24.003774738394423
IRON_ORE,MAXIMUM,2022-03,W4,2022-03-31,121,1,192.631,188.622,189.9353213943908,189.5324911669506,189.4944834329321,8447,22.467248157345274,24.003774738394423
IRON_ORE,MAXIMUM,2022-04,W0,2022-03-31,119,2,192.057,188.622,191.60518926572593,186.17141031382442,186.14890365554038,8447,23.488835943207036,28.399115876903572
IRON_ORE,MAXIMUM,2022-04,W1,2022-04-07,119,2,192.057,188.622,191.60518926572593,186.17141031382442,186.14890365554038,8465,23.488835943207036,28.399115876903572
IRON_ORE,MAXIMUM,2022-04,W2,2022-04-14,122,1,192.057,191.159,192.90200228894375,192.4315355355182,192.3227440664489,8485,25.37291697671532,27.537596965848667
IRON_ORE,MAXIMUM,2022-04,W3,2022-04-21,122,1,192.057,191.159,192.90200228894375,192.4315355355182,192.3227440664489,8490,25.37291697671532,27.537596965848667
IRON_ORE,MAXIMUM,2022-04,W4,2022-04-30,122,1,192.057,191.159,192.90200228894375,192.4315355355182,192.3227440664489,8495,25.37291697671532,27.537596965848667
IRON_ORE,MAXIMUM,2022-05,W0,2022-04-30,120,2,194.053,191.159,197.4734129302717,190.70847780719112,190.71792944839294,8495,21.584107317507343,23.656819904084827
IRON_ORE,MAXIMUM,2022-05,W1,2022-05-07,120,2,194.053,191.159,197.4734129302717,190.70847780719112,190.71792944839294,8511,21.584107317507343,23.656819904084827
IRON_ORE,MAXIMUM,2022-05,W2,2022-05-14,123,1,194.053,192.057,194.13458161359108,193.76908620722293,193.51009135971353,8524,24.41303454115934,27.0244474046846
IRON_ORE,MAXIMUM,2022-05,W3,2022-05-21,123,1,194.053,192.057,194.13458161359108,193.76908620722293,193.51009135971353,8536,24.41303454115934,27.0244474046846
IRON_ORE,MAXIMUM,2022-05,W4,2022-05-31,123,1,194.053,192.057,194.13458161359108,193.76908620722293,193.51009135971353,8547,24.41303454115934,27.0244474046846
IRON_ORE,MAXIMUM,2022-06,W0,2022-05-31,121,2,205.995,192.057,196.76242783106832,191.41690814223261,191.36065008830377,8547,23.62517477212473,31.058455209860416
IRON_ORE,MAXIMUM,2022-06,W1,2022-06-07,121,2,205.995,192.057,196.76242783106832,191.41690814223261,191.36065008830377,8579,23.62517477212473,31.058455209860416
IRON_ORE,MAXIMUM,2022-06,W2,2022-06-14,124,1,205.995,192.057,192.63620903076657,192.38652687489835,192.5226935357626,8601,23.175393895120354,29.616815283291537
IRON_ORE,MAXIMUM,2022-06,W3,2022-06-21,124,1,205.995,192.057,192.63620903076657,192.38652687489835,192.5226935357626,8606,23.175393895120354,29.616815283291537
IRON_ORE,MAXIMUM,2022-06,W4,2022-06-30,124,1,205.995,192.057,192.63620903076657,192.38652687489835,192.5226935357626,8619,23.175393895120354,29.616815283291537
IRON_ORE,MAXIMUM,2022-07,W0,2022-06-30,122,2,214.199,192.057,194.95534363418747,195.34872139938415,195.43371618150522,8619,25.91660747862657,29.859156421800684
IRON_ORE,MAXIMUM,2022-07,W1,2022-07-07,122,2,214.199,192.057,194.95534363418747,195.34872139938415,195.43371618150522,8636,25.91660747862657,29.859156421800684
IRON_ORE,MAXIMUM,2022-07,W2,2022-07-14,125,1,214.199,206.617,209.94308449248965,210.10394838637893,209.88195946584125,8646,25.17603628993297,32.77895712685675
IRON_ORE,MAXIMUM,2022-07,W3,2022-07-21,125,1,214.199,206.617,209.94308449248965,210.10394838637893,209.88195946584125,8655,25.17603628993297,32.77895712685675
IRON_ORE,MAXIMUM,2022-07,W4,2022-07-31,125,1,214.199,206.617,209.94308449248965,210.10394838637893,209.88195946584125,8664,25.17603628993297,32.77895712685675
IRON_ORE,MAXIMUM,2022-08,W0,2022-07-31,123,2,211.983,206.617,209.22321778692307,209.45288189509546,209.39290326157987,8664,23.18785681055221,26.005127696111323
IRON_ORE,MAXIMUM,2022-08,W1,2022-08-07,123,2,211.983,206.617,209.22321778692307,209.45288189509546,209.39290326157987,8689,23.18785681055221,26.005127696111323
IRON_ORE,MAXIMUM,2022-08,W2,2022-08-14,126,1,211.983,214.199,217.50290203811738,217.5009830087643,217.30434793228432,8696,24.08804803793378,28.237348631861302
IRON_ORE,MAXIMUM,2022-08,W3,2022-08-21,126,1,211.983,214.199,217.50290203811738,217.5009830087643,217.30434793228432,8703,24.08804803793378,28.237348631861302
IRON_ORE,MAXIMUM,2022-08,W4,2022-08-31,126,1,211.983,214.199,217.50290203811738,217.5009830087643,217.30434793228432,8727,24.08804803793378,28.237348631861302
IRON_ORE,MAXIMUM,2022-09,W0,2022-08-31,124,2,211.381,214.199,213.66292887176073,216.66139977917405,213.5859401634406,8727,23.82609692694228,36.06207998781417
IRON_ORE,MAXIMUM,2022-09,W1,2022-09-07,124,2,211.381,214.199,213.66292887176073,216.66139977917405,213.5859401634406,8746,23.82609692694228,36.06207998781417
IRON_ORE,MAXIMUM,2022-09,W2,2022-09-14,127,1,211.381,214.199,214.03265986373844,211.2921942941129,213.5655127229901,8778,23.987092065397277,32.53121793374982
IRON_ORE,MAXIMUM,2022-09,W3,2022-09-21,127,1,211.381,214.199,214.03265986373844,211.2921942941129,213.5655127229901,8790,23.987092065397277,32.53121793374982
IRON_ORE,MAXIMUM,2022-09,W4,2022-09-30,127,1,211.381,214.199,214.03265986373844,211.2921942941129,213.5655127229901,8816,23.987092065397277,32.53121793374982
IRON_ORE,MAXIMUM,2022-10,W0,2022-09-30,125,2,212.131,214.199,213.40958475440627,208.3113841518523,208.28084409957305,8816,23.279602543667238,34.0071447072566
IRON_ORE,MAXIMUM,2022-10,W1,2022-10-07,125,2,212.131,214.199,213.40958475440627,208.3113841518523,208.28084409957305,8830,23.279602543667238,34.0071447072566
IRON_ORE,MAXIMUM,2022-10,W2,2022-10-14,128,1,212.131,214.199,213.63907155931275,213.10469434373186,213.1869277496443,8844,23.48264176902018,37.38284568949271
IRON_ORE,MAXIMUM,2022-10,W3,2022-10-21,128,1,212.131,214.199,213.63907155931275,213.10469434373186,213.1869277496443,8857,23.48264176902018,37.38284568949271
IRON_ORE,MAXIMUM,2022-10,W4,2022-10-31,128,1,212.131,214.199,213.63907155931275,213.10469434373186,213.1869277496443,8874,23.48264176902018,37.38284568949271
IRON_ORE,MAXIMUM,2022-11,W0,2022-10-31,126,2,215.261,214.199,214.88976658390033,207.98381620824424,207.92513625563583,8874,24.228133710215346,36.11448779681144
IRON_ORE,MAXIMUM,2022-11,W1,2022-11-07,126,2,215.261,214.199,214.88976658390033,207.98381620824424,207.92513625563583,8892,24.228133710215346,36.11448779681144
IRON_ORE,MAXIMUM,2022-11,W2,2022-11-14,126,2,215.261,214.199,214.88976658390033,207.98381620824424,207.92513625563583,8896,24.228133710215346,36.11448779681144
IRON_ORE,MAXIMUM,2022-11,W3,2022-11-21,129,1,215.261,212.131,213.76788184712234,212.25110727383318,212.31077794018196,8907,24.129580188441565,39.94080809437582
IRON_ORE,MAXIMUM,2022-11,W4,2022-11-30,129,1,215.261,212.131,213.76788184712234,212.25110727383318,212.31077794018196,8915,24.129580188441565,39.94080809437582
IRON_ORE,MAXIMUM,2022-12,W0,2022-11-30,127,2,214.962,212.131,213.58714213756534,209.01962230131818,208.99266942188177,8915,22.66151703210525,33.732927504437015
IRON_ORE,MAXIMUM,2022-12,W1,2022-12-07,127,2,214.962,212.131,213.58714213756534,209.01962230131818,208.99266942188177,8939,22.66151703210525,33.732927504437015
IRON_ORE,MAXIMUM,2022-12,W2,2022-12-14,130,1,214.962,212.131,213.9761072748285,213.67408624843907,213.5933667153139,8948,23.17343611723572,36.19524824799558
IRON_ORE,MAXIMUM,2022-12,W3,2022-12-21,130,1,214.962,212.131,213.9761072748285,213.67408624843907,213.5933667153139,8964,23.17343611723572,36.19524824799558
IRON_ORE,MAXIMUM,2022-12,W4,2022-12-31,130,1,214.962,212.131,213.9761072748285,213.67408624843907,213.5933667153139,8996,23.17343611723572,36.19524824799558
IRON_ORE,MAXIMUM,2023-01,W0,2022-12-31,128,2,216.837,212.131,214.51294418470923,211.93786755287675,211.88484117557982,8996,25.332349181379907,44.54527490405743
IRON_ORE,MAXIMUM,2023-01,W1,2023-01-07,128,2,216.837,212.131,214.51294418470923,211.93786755287675,211.88484117557982,9008,25.332349181379907,44.54527490405743
IRON_ORE,MAXIMUM,2023-01,W2,2023-01-14,128,2,216.837,212.131,214.51294418470923,211.93786755287675,211.88484117557982,9023,25.332349181379907,44.54527490405743
IRON_ORE,MAXIMUM,2023-01,W3,2023-01-21,131,1,216.837,212.131,213.8923826867447,213.71962889682518,213.86536122658646,9028,25.185494804498347,42.015271604623514
IRON_ORE,MAXIMUM,2023-01,W4,2023-01-31,131,1,216.837,212.131,213.8923826867447,213.71962889682518,213.86536122658646,9036,25.185494804498347,42.015271604623514
IRON_ORE,MAXIMUM,2023-02,W0,2023-01-31,129,2,219.106,212.131,215.7559502892564,215.32850598613783,216.3607901544882,9036,20.553280346520694,34.328346843150236
IRON_ORE,MAXIMUM,2023-02,W1,2023-02-07,129,2,219.106,212.131,215.7559502892564,215.32850598613783,216.3607901544882,9059,20.553280346520694,34.328346843150236
IRON_ORE,MAXIMUM,2023-02,W2,2023-02-14,129,2,219.106,212.131,215.7559502892564,215.32850598613783,216.3607901544882,9075,20.553280346520694,34.328346843150236
IRON_ORE,MAXIMUM,2023-02,W3,2023-02-21,132,1,219.106,216.837,218.50875687605168,218.6181897545958,218.61105811432472,9086,21.488281040857864,39.04426027063007
IRON_ORE,MAXIMUM,2023-02,W4,2023-02-28,132,1,219.106,216.837,218.50875687605168,218.6181897545958,218.61105811432472,9100,21.488281040857864,39.04426027063007
IRON_ORE,MAXIMUM,2023-03,W0,2023-02-28,130,2,217.959,216.837,221.53126998693537,221.0595159210788,221.01665926860198,9100,24.69642091068237,41.72859360396339
IRON_ORE,MAXIMUM,2023-03,W1,2023-03-07,130,2,217.959,216.837,221.53126998693537,221.0595159210788,221.01665926860198,9127,24.69642091068237,41.72859360396339
IRON_ORE,MAXIMUM,2023-03,W2,2023-03-14,130,2,217.959,216.837,221.53126998693537,221.0595159210788,221.01665926860198,9146,24.69642091068237,41.72859360396339
IRON_ORE,MAXIMUM,2023-03,W3,2023-03-21,133,1,217.959,216.837,218.89666731805747,218.54260255874183,218.5859605084094,9153,21.67652051124177,39.29907716436689
IRON_ORE,MAXIMUM,2023-03,W4,2023-03-31,133,1,217.959,216.837,218.89666731805747,218.54260255874183,218.5859605084094,9165,21.67652051124177,39.29907716436689
IRON_ORE,MAXIMUM,2023-04,W0,2023-03-31,131,2,220.056,216.837,220.76415176180683,220.82208129749517,220.8010853216145,9165,24.024383950582955,35.21124383103357
IRON_ORE,MAXIMUM,2023-04,W1,2023-04-07,131,2,220.056,216.837,220.76415176180683,220.82208129749517,220.8010853216145,9192,24.024383950582955,35.21124383103357
IRON_ORE,MAXIMUM,2023-04,W2,2023-04-14,134,1,220.056,216.837,218.19615404639697,218.42171315824876,218.45037940928512,9210,23.77148293735506,35.369540794478105
IRON_ORE,MAXIMUM,2023-04,W3,2023-04-21,134,1,220.056,216.837,218.19615404639697,218.42171315824876,218.45037940928512,9222,23.77148293735506,35.369540794478105
IRON_ORE,MAXIMUM,2023-04,W4,2023-04-30,134,1,220.056,216.837,218.19615404639697,218.42171315824876,218.45037940928512,9226,23.77148293735506,35.369540794478105
IRON_ORE,MAXIMUM,2023-05,W0,2023-04-30,132,2,206.001,216.837,220.81436065677644,220.68968710158316,220.65919992487795,9226,23.140888662263357,37.14320746114477
IRON_ORE,MAXIMUM,2023-05,W1,2023-05-07,132,2,206.001,216.837,220.81436065677644,220.68968710158316,220.65919992487795,9245,23.140888662263357,37.14320746114477
IRON_ORE,MAXIMUM,2023-05,W2,2023-05-14,135,1,206.001,215.192,216.20403628649228,216.9950872321862,216.9935712759393,9255,24.289563003242645,33.89134728278631
IRON_ORE,MAXIMUM,2023-05,W3,2023-05-21,135,1,206.001,215.192,216.20403628649228,216.9950872321862,216.9935712759393,9271,24.289563003242645,33.89134728278631
IRON_ORE,MAXIMUM,2023-05,W4,2023-05-31,135,1,206.001,215.192,216.20403628649228,216.9950872321862,216.9935712759393,9287,24.289563003242645,33.89134728278631
IRON_ORE,MAXIMUM,2023-06,W0,2023-05-31,133,2,206.577,215.192,221.30685507752398,220.88577881848258,220.86699313736617,9287,21.796127922434863,36.456618236335466
IRON_ORE,MAXIMUM,2023-06,W1,2023-06-07,133,2,206.577,215.192,221.30685507752398,220.88577881848258,220.86699313736617,9316,21.796127922434863,36.456618236335466
IRON_ORE,MAXIMUM,2023-06,W2,2023-06-14,136,1,206.577,191.225,187.99411886012302,191.37073498743814,191.41448205173526,9331,22.158399575300507,35.78669595406078
IRON_ORE,MAXIMUM,2023-06,W3,2023-06-21,136,1,206.577,191.225,187.99411886012302,191.37073498743814,191.41448205173526,9340,22.158399575300507,35.78669595406078
IRON_ORE,MAXIMUM,2023-06,W4,2023-06-30,136,1,206.577,191.225,187.99411886012302,191.37073498743814,191.41448205173526,9360,22.158399575300507,35.78669595406078
IRON_ORE,MAXIMUM,2023-07,W0,2023-06-30,134,2,205.071,191.225,195.34274384268673,191.89295290452924,191.9176314116892,9360,22.246779523213117,32.855613495357936
IRON_ORE,MAXIMUM,2023-07,W1,2023-07-07,134,2,205.071,191.225,195.34274384268673,191.89295290452924,191.9176314116892,9379,22.246779523213117,32.855613495357936
IRON_ORE,MAXIMUM,2023-07,W2,2023-07-14,137,1,205.071,191.225,189.76601268278677,189.92081932402823,189.9998328725863,9397,20.81695207215596,33.68255716821088
IRON_ORE,MAXIMUM,2023-07,W3,2023-07-21,137,1,205.071,191.225,189.76601268278677,189.92081932402823,189.9998328725863,9406,20.81695207215596,33.68255716821088
IRON_ORE,MAXIMUM,2023-07,W4,2023-07-31,137,1,205.071,191.225,189.76601268278677,189.92081932402823,189.9998328725863,9417,20.81695207215596,33.68255716821088
IRON_ORE,MAXIMUM,2023-08,W0,2023-07-31,135,2,207.269,191.225,193.7234144501511,193.99204781941282,194.04906424316496,9417,21.13888507310494,32.58089050154422
IRON_ORE,MAXIMUM,2023-08,W1,2023-08-07,135,2,207.269,191.225,193.7234144501511,193.99204781941282,194.04906424316496,9441,21.13888507310494,32.58089050154422
IRON_ORE,MAXIMUM,2023-08,W2,2023-08-14,138,1,207.269,205.071,207.3701404090857,207.40118339292567,207.44554436832001,9452,19.69158496997221,30.534557966923426
IRON_ORE,MAXIMUM,2023-08,W3,2023-08-21,138,1,207.269,205.071,207.3701404090857,207.40118339292567,207.44554436832001,9462,19.69158496997221,30.534557966923426
IRON_ORE,MAXIMUM,2023-08,W4,2023-08-31,138,1,207.269,205.071,207.3701404090857,207.40118339292567,207.44554436832001,9480,19.69158496997221,30.534557966923426
IRON_ORE,MAXIMUM,2023-09,W0,2023-08-31,136,2,208.326,205.071,204.88731575145496,204.97223657598212,205.0571516135799,9480,19.9024139591048,32.406083274141174
IRON_ORE,MAXIMUM,2023-09,W1,2023-09-07,136,2,208.326,205.071,204.88731575145496,204.97223657598212,205.0571516135799,9504,19.9024139591048,32.406083274141174
IRON_ORE,MAXIMUM,2023-09,W2,2023-09-14,139,1,208.326,205.071,205.2641154807225,205.2375486827236,205.29081837597462,9523,18.929776088054762,29.809374117247195
IRON_ORE,MAXIMUM,2023-09,W3,2023-09-21,139,1,208.326,205.071,205.2641154807225,205.2375486827236,205.29081837597462,9529,18.929776088054762,29.809374117247195
IRON_ORE,MAXIMUM,2023-09,W4,2023-09-30,139,1,208.326,205.071,205.2641154807225,205.2375486827236,205.29081837597462,9548,18.929776088054762,29.809374117247195
IRON_ORE,MAXIMUM,2023-10,W0,2023-09-30,137,2,205.938,205.071,206.199203994982,206.1105846227455,206.17330808261624,9548,19.642465141062278,29.685522242472665
IRON_ORE,MAXIMUM,2023-10,W1,2023-10-07,137,2,205.938,205.071,206.199203994982,206.1105846227455,206.17330808261624,9572,19.642465141062278,29.685522242472665
IRON_ORE,MAXIMUM,2023-10,W2,2023-10-14,140,1,205.938,205.071,205.79778230426777,205.67051882395538,205.70634971587083,9583,18.881610791346127,29.325178860676306
IRON_ORE,MAXIMUM,2023-10,W3,2023-10-21,140,1,205.938,205.071,205.79778230426777,205.67051882395538,205.70634971587083,9588,18.881610791346127,29.325178860676306
IRON_ORE,MAXIMUM,2023-10,W4,2023-10-31,140,1,205.938,205.071,205.79778230426777,205.67051882395538,205.70634971587083,9602,18.881610791346127,29.325178860676306
IRON_ORE,MAXIMUM,2023-11,W0,2023-10-31,138,2,204.521,205.071,206.26921196332216,206.04298870040446,206.09370140513695,9602,17.877709029619822,26.992285171216995
IRON_ORE,MAXIMUM,2023-11,W1,2023-11-07,138,2,204.521,205.071,206.26921196332216,206.04298870040446,206.09370140513695,9627,17.877709029619822,26.992285171216995
IRON_ORE,MAXIMUM,2023-11,W2,2023-11-14,138,2,204.521,205.071,206.26921196332216,206.04298870040446,206.09370140513695,9644,17.877709029619822,26.992285171216995
IRON_ORE,MAXIMUM,2023-11,W3,2023-11-21,141,1,204.521,205.938,206.73639125483976,206.64163031409277,206.64507007073678,9657,18.33517055654975,25.942238435173234
IRON_ORE,MAXIMUM,2023-11,W4,2023-11-30,141,1,204.521,205.938,206.73639125483976,206.64163031409277,206.64507007073678,9674,18.33517055654975,25.942238435173234
IRON_ORE,MAXIMUM,2023-12,W0,2023-11-30,139,2,203.905,205.938,207.42945225327944,207.2782279682256,206.69130491416368,9674,18.417096329099508,29.894038872629434
IRON_ORE,MAXIMUM,2023-12,W1,2023-12-07,139,2,203.905,205.938,207.42945225327944,207.2782279682256,206.69130491416368,9701,18.417096329099508,29.894038872629434
IRON_ORE,MAXIMUM,2023-12,W2,2023-12-14,142,1,203.905,202.12,202.0464160796826,201.95280517445414,201.96434830362944,9720,17.983678722686772,28.1639307748742
IRON_ORE,MAXIMUM,2023-12,W3,2023-12-21,142,1,203.905,202.12,202.0464160796826,201.95280517445414,201.96434830362944,9727,17.983678722686772,28.1639307748742
IRON_ORE,MAXIMUM,2023-12,W4,2023-12-31,142,1,203.905,202.12,202.0464160796826,201.95280517445414,201.96434830362944,9743,17.983678722686772,28.1639307748742
IRON_ORE,MAXIMUM,2024-01,W0,2023-12-31,140,2,205.036,202.12,203.532933324848,203.41302122313,202.83055608065234,9743,20.530809999931925,27.949938580050024
IRON_ORE,MAXIMUM,2024-01,W1,2024-01-07,140,2,205.036,202.12,203.532933324848,203.41302122313,202.83055608065234,9757,20.530809999931925,27.949938580050024
IRON_ORE,MAXIMUM,2024-01,W2,2024-01-14,143,1,205.036,202.12,202.76897689389426,202.76588914717956,202.7832391602945,9770,20.093542313605937,29.370021591642274
IRON_ORE,MAXIMUM,2024-01,W3,2024-01-21,143,1,205.036,202.12,202.76897689389426,202.76588914717956,202.7832391602945,9778,20.093542313605937,29.370021591642274
IRON_ORE,MAXIMUM,2024-01,W4,2024-01-31,143,1,205.036,202.12,202.76897689389426,202.76588914717956,202.7832391602945,9788,20.093542313605937,29.370021591642274
IRON_ORE,MAXIMUM,2024-02,W0,2024-01-31,141,2,206.54,202.12,203.7843033072327,203.82991370680918,203.84510314876562,9788,16.416812962654706,25.37812587852477
IRON_ORE,MAXIMUM,2024-02,W1,2024-02-07,141,2,206.54,202.12,203.7843033072327,203.82991370680918,203.84510314876562,9813,16.416812962654706,25.37812587852477
IRON_ORE,MAXIMUM,2024-02,W2,2024-02-14,141,2,206.54,202.12,203.7843033072327,203.82991370680918,203.84510314876562,9824,16.416812962654706,25.37812587852477
IRON_ORE,MAXIMUM,2024-02,W3,2024-02-21,144,1,206.54,205.036,206.149179748988,206.16568637160353,206.2946198336864,9830,18.03348847958598,26.426686739709023
IRON_ORE,MAXIMUM,2024-02,W4,2024-02-29,144,1,206.54,205.036,206.149179748988,206.16568637160353,206.2946198336864,9845,18.03348847958598,26.426686739709023
IRON_ORE,MAXIMUM,2024-03,W0,2024-02-29,142,2,203.955,205.036,206.1045606860518,206.37807026956457,206.41619225977527,9845,18.83365735357183,26.1846969177099
IRON_ORE,MAXIMUM,2024-03,W1,2024-03-07,142,2,203.955,205.036,206.1045606860518,206.37807026956457,206.41619225977527,9865,18.83365735357183,26.1846969177099
IRON_ORE,MAXIMUM,2024-03,W2,2024-03-14,145,1,203.955,203.147,203.71606240874456,203.74315369996714,203.97026972122669,9881,17.75541857941894,24.517455585804218
IRON_ORE,MAXIMUM,2024-03,W3,2024-03-21,145,1,203.955,203.147,203.71606240874456,203.74315369996714,203.97026972122669,9892,17.75541857941894,24.517455585804218
IRON_ORE,MAXIMUM,2024-03,W4,2024-03-31,145,1,203.955,203.147,203.71606240874456,203.74315369996714,203.97026972122669,9900,17.75541857941894,24.517455585804218
IRON_ORE,MAXIMUM,2024-04,W0,2024-03-31,143,2,205.45,203.147,203.74868788511628,204.19648429382724,204.2477560736336,9900,18.56106444912693,22.390174621452463
IRON_ORE,MAXIMUM,2024-04,W1,2024-04-07,143,2,205.45,203.147,203.74868788511628,204.19648429382724,204.2477560736336,9920,18.56106444912693,22.390174621452463
IRON_ORE,MAXIMUM,2024-04,W2,2024-04-14,146,1,205.45,203.147,203.55082910580677,203.60669926412396,203.61040793540855,9933,17.914606400393886,20.480622143847004
IRON_ORE,MAXIMUM,2024-04,W3,2024-04-21,146,1,205.45,203.147,203.55082910580677,203.60669926412396,203.61040793540855,9945,17.914606400393886,20.480622143847004
IRON_ORE,MAXIMUM,2024-04,W4,2024-04-30,146,1,205.45,203.147,203.55082910580677,203.60669926412396,203.61040793540855,9969,17.914606400393886,20.480622143847004
IRON_ORE,MAXIMUM,2024-05,W0,2024-04-30,144,2,206.005,203.147,202.38236000110714,202.51758254088952,202.54563847432368,9969,15.91578696864112,26.443790524551638
IRON_ORE,MAXIMUM,2024-05,W1,2024-05-07,144,2,206.005,203.147,202.38236000110714,202.51758254088952,202.54563847432368,9994,15.91578696864112,26.443790524551638
IRON_ORE,MAXIMUM,2024-05,W2,2024-05-14,147,1,206.005,203.052,202.20977831696842,202.20541235476878,202.21711130698407,10004,15.794244000935144,23.407081405844288
IRON_ORE,MAXIMUM,2024-05,W3,2024-05-21,147,1,206.005,203.052,202.20977831696842,202.20541235476878,202.21711130698407,10020,15.794244000935144,23.407081405844288
IRON_ORE,MAXIMUM,2024-05,W4,2024-05-31,147,1,206.005,203.052,202.20977831696842,202.20541235476878,202.21711130698407,10042,15.794244000935144,23.407081405844288
IRON_ORE,MAXIMUM,2024-06,W0,2024-05-31,145,2,204.636,203.052,202.12547986177702,202.18165892542692,202.22869955458074,10042,14.358478043433315,20.539731183841862
IRON_ORE,MAXIMUM,2024-06,W1,2024-06-07,145,2,204.636,203.052,202.12547986177702,202.18165892542692,202.22869955458074,10076,14.358478043433315,20.539731183841862
IRON_ORE,MAXIMUM,2024-06,W2,2024-06-14,148,1,204.636,203.052,203.76363965591548,203.64814264707127,203.68417022280937,10100,12.504976532570314,23.57763805513747
IRON_ORE,MAXIMUM,2024-06,W3,2024-06-21,148,1,204.636,203.052,203.76363965591548,203.64814264707127,203.68417022280937,10106,12.504976532570314,23.57763805513747
IRON_ORE,MAXIMUM,2024-06,W4,2024-06-30,148,1,204.636,203.052,203.76363965591548,203.64814264707127,203.68417022280937,10114,12.504976532570314,23.57763805513747
IRON_ORE,MAXIMUM,2024-07,W0,2024-06-30,146,2,206.319,203.052,204.27046189264234,204.07767269413813,204.12111926336317,10114,16.255197875732048,22.204304721804135
IRON_ORE,MAXIMUM,2024-07,W1,2024-07-07,146,2,206.319,203.052,204.27046189264234,204.07767269413813,204.12111926336317,10132,16.255197875732048,22.204304721804135
IRON_ORE,MAXIMUM,2024-07,W2,2024-07-14,149,1,206.319,203.052,203.4766169617366,203.4807175828783,203.50599877285208,10142,13.74693501401543,21.97296967511325
IRON_ORE,MAXIMUM,2024-07,W3,2024-07-21,149,1,206.319,203.052,203.4766169617366,203.4807175828783,203.50599877285208,10154,13.74693501401543,21.97296967511325
IRON_ORE,MAXIMUM,2024-07,W4,2024-07-31,149,1,206.319,203.052,203.4766169617366,203.4807175828783,203.50599877285208,10165,13.74693501401543,21.97296967511325
IRON_ORE,MAXIMUM,2024-08,W0,2024-07-31,147,2,205.293,203.052,203.44805276876264,203.42497211178917,203.4549258576597,10165,11.736137175926741,20.92296967511325
IRON_ORE,MAXIMUM,2024-08,W1,2024-08-07,147,2,205.293,203.052,203.44805276876264,203.42497211178917,203.4549258576597,10178,11.736137175926741,20.92296967511325
IRON_ORE,MAXIMUM,2024-08,W2,2024-08-14,150,1,205.293,208.937,209.64874864798685,209.61257920660717,209.63371169442425,10208,12.60662297923909,19.565958177430673
IRON_ORE,MAXIMUM,2024-08,W3,2024-08-21,150,1,205.293,208.937,209.64874864798685,209.61257920660717,209.63371169442425,10230,12.60662297923909,19.565958177430673
IRON_ORE,MAXIMUM,2024-08,W4,2024-08-31,150,1,205.293,208.937,209.64874864798685,209.61257920660717,209.63371169442425,10248,12.60662297923909,19.565958177430673
IRON_ORE,MAXIMUM,2024-09,W0,2024-08-31,148,2,194.315,208.937,210.00370336701172,209.90841211522758,209.98765152834062,10248,14.054011888776879,25.163304659137374
IRON_ORE,MAXIMUM,2024-09,W1,2024-09-07,148,2,194.315,208.937,210.00370336701172,209.90841211522758,209.98765152834062,10262,14.054011888776879,25.163304659137374
IRON_ORE,MAXIMUM,2024-09,W2,2024-09-14,151,1,194.315,208.937,209.97672283158894,209.12848429791572,209.17816240023538,10292,13.629845601433187,23.76204722326933
IRON_ORE,MAXIMUM,2024-09,W3,2024-09-21,151,1,194.315,208.937,209.97672283158894,209.12848429791572,209.17816240023538,10303,13.629845601433187,23.76204722326933
IRON_ORE,MAXIMUM,2024-09,W4,2024-09-30,151,1,194.315,208.937,209.97672283158894,209.12848429791572,209.17816240023538,10323,13.629845601433187,23.76204722326933
IRON_ORE,MAXIMUM,2024-10,W0,2024-09-30,149,2,196.287,208.937,208.0414238089388,207.89749257356937,207.9287298093228,10323,15.045191228785011,25.16377282530369
IRON_ORE,MAXIMUM,2024-10,W1,2024-10-07,149,2,196.287,208.937,208.0414238089388,207.89749257356937,207.9287298093228,10337,15.045191228785011,25.16377282530369
IRON_ORE,MAXIMUM,2024-10,W2,2024-10-14,152,1,196.287,208.937,209.11447771969847,208.9860179982891,209.02906864366207,10353,15.657181088007594,27.999585395706884
IRON_ORE,MAXIMUM,2024-10,W3,2024-10-21,152,1,196.287,208.937,209.11447771969847,208.9860179982891,209.02906864366207,10370,15.657181088007594,27.999585395706884
IRON_ORE,MAXIMUM,2024-10,W4,2024-10-31,152,1,196.287,208.937,209.11447771969847,208.9860179982891,209.02906864366207,10388,15.657181088007594,27.999585395706884
IRON_ORE,MAXIMUM,2024-11,W0,2024-10-31,150,2,197.498,208.937,208.76939227257958,208.74393875391144,208.81313080285537,10388,12.232414813418396,23.975353728861936
IRON_ORE,MAXIMUM,2024-11,W1,2024-11-07,150,2,197.498,208.937,208.76939227257958,208.74393875391144,208.81313080285537,10409,12.232414813418396,23.975353728861936
IRON_ORE,MAXIMUM,2024-11,W2,2024-11-14,153,1,197.498,203.874,204.04174103576906,203.9703309259006,203.96171052790544,10444,13.63193241621553,26.61530958538947
IRON_ORE,MAXIMUM,2024-11,W3,2024-11-21,153,1,197.498,203.874,204.04174103576906,203.9703309259006,203.96171052790544,10467,13.63193241621553,26.61530958538947
IRON_ORE,MAXIMUM,2024-11,W4,2024-11-30,153,1,197.498,203.874,204.04174103576906,203.9703309259006,203.96171052790544,10481,13.63193241621553,26.61530958538947
IRON_ORE,MAXIMUM,2024-12,W0,2024-11-30,151,2,198.104,203.874,204.36611315469636,204.35178743131925,204.36955517802446,10481,15.255704580316307,28.241658529074435
IRON_ORE,MAXIMUM,2024-12,W1,2024-12-07,151,2,198.104,203.874,204.36611315469636,204.35178743131925,204.36955517802446,10499,15.255704580316307,28.241658529074435
IRON_ORE,MAXIMUM,2024-12,W2,2024-12-14,154,1,198.104,204.733,203.90378417258387,203.8999608487374,203.9558652042079,10524,13.101114634609809,26.92551266798954
IRON_ORE,MAXIMUM,2024-12,W3,2024-12-21,154,1,198.104,204.733,203.90378417258387,203.8999608487374,203.9558652042079,10545,13.101114634609809,26.92551266798954
IRON_ORE,MAXIMUM,2024-12,W4,2024-12-31,154,1,198.104,204.733,203.90378417258387,203.8999608487374,203.9558652042079,10564,13.101114634609809,26.92551266798954
IRON_ORE,MAXIMUM,2025-01,W0,2024-12-31,152,2,197.418,204.733,204.5801250208536,204.57611860420613,204.6066400106867,10564,16.96816757905693,27.026902118744893
IRON_ORE,MAXIMUM,2025-01,W1,2025-01-07,152,2,197.418,204.733,204.5801250208536,204.57611860420613,204.6066400106867,10575,16.96816757905693,27.026902118744893
IRON_ORE,MAXIMUM,2025-01,W2,2025-01-14,155,1,197.418,204.733,205.24011981490418,205.23502420489888,205.31164980057764,10588,16.696264149376738,27.86700179265289
IRON_ORE,MAXIMUM,2025-01,W3,2025-01-21,155,1,197.418,204.733,205.24011981490418,205.23502420489888,205.31164980057764,10596,16.696264149376738,27.86700179265289
IRON_ORE,MAXIMUM,2025-01,W4,2025-01-31,155,1,197.418,204.733,205.24011981490418,205.23502420489888,205.31164980057764,10622,16.696264149376738,27.86700179265289
IRON_ORE,MAXIMUM,2025-02,W0,2025-01-31,153,2,198.592,204.733,205.28274445256747,205.27388851640106,205.26488644667404,10622,12.976796972955192,24.129738193198854
IRON_ORE,MAXIMUM,2025-02,W1,2025-02-07,153,2,198.592,204.733,205.28274445256747,205.27388851640106,205.26488644667404,10634,12.976796972955192,24.129738193198854
IRON_ORE,MAXIMUM,2025-02,W2,2025-02-14,156,1,198.592,198.673,198.89561381796605,198.89186273706815,198.89005232899655,10648,15.790794404091049,25.458830466132593
IRON_ORE,MAXIMUM,2025-02,W3,2025-02-21,156,1,198.592,198.673,198.89561381796605,198.89186273706815,198.89005232899655,10667,15.790794404091049,25.458830466132593
IRON_ORE,MAXIMUM,2025-02,W4,2025-02-28,156,1,198.592,198.673,198.89561381796605,198.89186273706815,198.89005232899655,10680,15.790794404091049,25.458830466132593
IRON_ORE,MAXIMUM,2025-03,W0,2025-02-28,154,2,197.516,198.673,198.2888046517598,198.28131493425985,198.3052832967719,10680,19.30745734378872,29.87817940981755
IRON_ORE,MAXIMUM,2025-03,W1,2025-03-07,154,2,197.516,198.673,198.2888046517598,198.28131493425985,198.3052832967719,10701,19.30745734378872,29.87817940981755
IRON_ORE,MAXIMUM,2025-03,W2,2025-03-14,157,1,197.516,198.673,198.40151052133103,198.4006264730486,198.42673409499687,10720,19.16147974078125,27.47464386848037
IRON_ORE,MAXIMUM,2025-03,W3,2025-03-21,157,1,197.516,198.673,198.40151052133103,198.4006264730486,198.42673409499687,10728,19.16147974078125,27.47464386848037
IRON_ORE,MAXIMUM,2025-03,W4,2025-03-31,157,1,197.516,198.673,198.40151052133103,198.4006264730486,198.42673409499687,10741,19.16147974078125,27.47464386848037
IRON_ORE,MAXIMUM,2025-04,W0,2025-03-31,155,2,203.273,198.673,198.21249976136602,198.2076701558938,198.18723835347686,10741,19.503538564551608,26.582128258128744
IRON_ORE,MAXIMUM,2025-04,W1,2025-04-07,155,2,203.273,198.673,198.21249976136602,198.2076701558938,198.18723835347686,10763,19.503538564551608,26.582128258128744
IRON_ORE,MAXIMUM,2025-04,W2,2025-04-14,158,1,203.273,198.673,198.86325786652196,198.8806746980974,198.90619091848345,10785,22.349679523764145,27.994143118087706
IRON_ORE,MAXIMUM,2025-04,W3,2025-04-21,158,1,203.273,198.673,198.86325786652196,198.8806746980974,198.90619091848345,10795,22.349679523764145,27.994143118087706
IRON_ORE,MAXIMUM,2025-04,W4,2025-04-30,158,1,203.273,198.673,198.86325786652196,198.8806746980974,198.90619091848345,10805,22.349679523764145,27.994143118087706
IRON_ORE,MAXIMUM,2025-05,W0,2025-04-30,156,2,203.705,198.673,198.8802128874807,198.90667683807166,198.86810725742137,10805,18.203935780133644,32.15978688192993
IRON_ORE,MAXIMUM,2025-05,W1,2025-05-07,156,2,203.705,198.673,198.8802128874807,198.90667683807166,198.86810725742137,10824,18.203935780133644,32.15978688192993
IRON_ORE,MAXIMUM,2025-05,W2,2025-05-14,156,2,203.705,198.673,198.8802128874807,198.90667683807166,198.86810725742137,10842,18.203935780133644,32.15978688192993
IRON_ORE,MAXIMUM,2025-05,W3,2025-05-21,159,1,203.705,202.284,202.5631636876079,202.59084414995652,202.58792614535787,10862,20.390453225434577,32.9200974773893
IRON_ORE,MAXIMUM,2025-05,W4,2025-05-31,159,1,203.705,202.284,202.5631636876079,202.59084414995652,202.58792614535787,10889,20.390453225434577,32.9200974773893
IRON_ORE,MAXIMUM,2025-06,W0,2025-05-31,157,2,202.196,202.284,202.44796393126325,202.4913940669035,202.5410895762042,10889,23.034058819508942,25.921705724444678
IRON_ORE,MAXIMUM,2025-06,W1,2025-06-07,157,2,202.196,202.284,202.44796393126325,202.4913940669035,202.5410895762042,10906,23.034058819508942,25.921705724444678
IRON_ORE,MAXIMUM,2025-06,W2,2025-06-14,160,1,202.196,202.284,202.04398112819783,202.0800457344501,202.10043321957198,10927,21.45255124798923,29.45996595091487
IRON_ORE,MAXIMUM,2025-06,W3,2025-06-21,160,1,202.196,202.284,202.04398112819783,202.0800457344501,202.10043321957198,10942,21.45255124798923,29.45996595091487
IRON_ORE,MAXIMUM,2025-06,W4,2025-06-30,160,1,202.196,202.284,202.04398112819783,202.0800457344501,202.10043321957198,10956,21.45255124798923,29.45996595091487
IRON_ORE,MAXIMUM,2025-07,W0,2025-06-30,158,2,203.472,202.284,201.16643671199998,201.2283610497417,201.21255984899804,10956,18.334072846464295,31.3412992842482
IRON_ORE,MAXIMUM,2025-07,W1,2025-07-07,158,2,203.472,202.284,201.16643671199998,201.2283610497417,201.21255984899804,10970,18.334072846464295,31.3412992842482
IRON_ORE,MAXIMUM,2025-07,W2,2025-07-14,158,2,203.472,202.284,201.16643671199998,201.2283610497417,201.21255984899804,10988,18.334072846464295,31.3412992842482
IRON_ORE,MAXIMUM,2025-07,W3,2025-07-21,161,1,203.472,202.284,202.50356488241832,202.51832146938003,202.50682763459238,10999,19.609734791941644,28.683476255542228
IRON_ORE,MAXIMUM,2025-07,W4,2025-07-31,161,1,203.472,202.284,202.50356488241832,202.51832146938003,202.50682763459238,11020,19.609734791941644,28.683476255542228
IRON_ORE,MAXIMUM,2025-08,W0,2025-07-31,159,2,205.94,202.284,202.28526443724505,202.30943807895383,202.30910727509064,11020,21.316719397191502,29.822142922208897
IRON_ORE,MAXIMUM,2025-08,W1,2025-08-07,159,2,205.94,202.284,202.28526443724505,202.30943807895383,202.30910727509064,11035,21.316719397191502,29.822142922208897
IRON_ORE,MAXIMUM,2025-08,W2,2025-08-14,162,1,205.94,203.472,202.91434322078325,202.92696468672702,202.81950541212302,11057,19.592439097323947,28.192926240882908
IRON_ORE,MAXIMUM,2025-08,W3,2025-08-21,162,1,205.94,203.472,202.91434322078325,202.92696468672702,202.81950541212302,11073,19.592439097323947,28.192926240882908
IRON_ORE,MAXIMUM,2025-08,W4,2025-08-31,162,1,205.94,203.472,202.91434322078325,202.92696468672702,202.81950541212302,11105,19.592439097323947,28.192926240882908
IRON_ORE,MAXIMUM,2025-09,W0,2025-08-31,160,2,205.817,203.472,201.73168061130536,201.74067542879376,201.7324904818179,11105,21.88036789457986,32.08649987983876
IRON_ORE,MAXIMUM,2025-09,W1,2025-09-07,160,2,205.817,203.472,201.73168061130536,201.74067542879376,201.7324904818179,11115,21.88036789457986,32.08649987983876
IRON_ORE,MAXIMUM,2025-09,W2,2025-09-14,163,1,205.817,205.94,204.8364934910241,204.83472223209122,204.87193037902176,11139,22.287881843272864,32.89846508024196
IRON_ORE,MAXIMUM,2025-09,W3,2025-09-21,163,1,205.817,205.94,204.8364934910241,204.83472223209122,204.87193037902176,11156,22.287881843272864,32.89846508024196
IRON_ORE,MAXIMUM,2025-09,W4,2025-09-30,163,1,205.817,205.94,204.8364934910241,204.83472223209122,204.87193037902176,11177,22.287881843272864,32.89846508024196
IRON_ORE,MAXIMUM,2025-10,W0,2025-09-30,161,2,203.422,205.94,204.08310304392438,204.07459571157233,204.0952238235077,11177,18.39646018887386,28.234045687614213
IRON_ORE,MAXIMUM,2025-10,W1,2025-10-07,161,2,203.422,205.94,204.08310304392438,204.07459571157233,204.0952238235077,11197,18.39646018887386,28.234045687614213
IRON_ORE,MAXIMUM,2025-10,W2,2025-10-14,161,2,203.422,205.94,204.08310304392438,204.07459571157233,204.0952238235077,11197,18.39646018887386,28.234045687614213
IRON_ORE,MAXIMUM,2025-10,W3,2025-10-21,161,2,203.422,205.94,204.08310304392438,204.07459571157233,204.0952238235077,11199,18.39646018887386,28.234045687614213
IRON_ORE,MAXIMUM,2025-10,W4,2025-10-31,161,2,203.422,205.94,204.08310304392438,204.07459571157233,204.0952238235077,11200,18.39646018887386,28.234045687614213
IRON_ORE,MAXIMUM,2025-11,W0,2025-10-31,159,3,206.888,205.94,200.56442328488902,200.6010374874608,199.23310799952998,11200,18.02984455439415,25.94054568761421
IRON_ORE,MAXIMUM,2025-11,W1,2025-11-07,159,3,206.888,205.94,200.56442328488902,200.6010374874608,199.23310799952998,11202,18.02984455439415,25.94054568761421
IRON_ORE,MAXIMUM,2025-11,W2,2025-11-14,159,3,206.888,205.94,200.56442328488902,200.6010374874608,199.23310799952998,11205,18.02984455439415,25.94054568761421
IRON_ORE,MAXIMUM,2025-11,W3,2025-11-21,159,3,206.888,205.94,200.56442328488902,200.6010374874608,199.23310799952998,11216,18.02984455439415,25.94054568761421
IRON_ORE,MAXIMUM,2025-11,W4,2025-11-30,162,2,206.888,205.94,205.93357767797391,205.92760249706143,205.89903414574866,11230,19.880125947026993,29.322045665773047
IRON_ORE,MAXIMUM,2025-12,W0,2025-11-30,160,3,204.225,205.94,202.86522492586792,202.88971276634715,200.84497171424545,11230,22.434420243958805,31.876962770759796
IRON_ORE,MAXIMUM,2025-12,W1,2025-12-07,160,3,204.225,205.94,202.86522492586792,202.88971276634715,200.84497171424545,11244,22.434420243958805,31.876962770759796
IRON_ORE,MAXIMUM,2025-12,W2,2025-12-14,160,3,204.225,205.94,202.86522492586792,202.88971276634715,200.84497171424545,11257,22.434420243958805,31.876962770759796
IRON_ORE,MAXIMUM,2025-12,W3,2025-12-21,160,3,204.225,205.94,202.86522492586792,202.88971276634715,200.84497171424545,11273,22.434420243958805,31.876962770759796
IRON_ORE,MAXIMUM,2025-12,W4,2025-12-31,160,3,204.225,205.94,202.86522492586792,202.88971276634715,200.84497171424545,11293,22.434420243958805,31.876962770759796
IRON_ORE,MAXIMUM,2026-01,W0,2025-12-31,160,4,206.673,205.94,202.8407477160843,202.8664082722854,202.3013732334958,11293,20.823632463802266,34.96215179745661
IRON_ORE,MAXIMUM,2026-01,W1,2026-01-07,160,4,206.673,205.94,202.8407477160843,202.8664082722854,202.3013732334958,11293,20.823632463802266,34.96215179745661
IRON_ORE,MAXIMUM,2026-01,W2,2026-01-14,160,4,206.673,205.94,202.8407477160843,202.8664082722854,202.3013732334958,11293,20.823632463802266,34.96215179745661
IRON_ORE,MAXIMUM,2026-01,W3,2026-01-21,160,4,206.673,205.94,202.8407477160843,202.8664082722854,202.3013732334958,11293,20.823632463802266,34.96215179745661
IRON_ORE,MAXIMUM,2026-01,W4,2026-01-31,160,4,206.673,205.94,202.8407477160843,202.8664082722854,202.3013732334958,11293,20.823632463802266,34.96215179745661
COPPER_SCRAP,MATCHED,2021-12,W0,2021-11-30,86,2,649.54,647.0,623.7609097330261,623.7630495636774,624.9879435624243,8214,0.7892608319201777,7.876546492864518
COPPER_SCRAP,MATCHED,2021-12,W1,2021-12-07,86,2,649.54,647.0,623.7609097330261,623.7630495636774,624.9879435624243,8236,0.7892608319201777,7.876546492864518
COPPER_SCRAP,MATCHED,2021-12,W2,2021-12-14,87,1,649.54,651.691,638.7532864192119,645.8384878842775,645.8287955160396,8254,0.8895707561971457,7.070569030934873
COPPER_SCRAP,MATCHED,2021-12,W3,2021-12-21,87,1,649.54,651.691,638.7532864192119,645.8384878842775,645.8287955160396,8257,0.8895707561971457,7.070569030934873
COPPER_SCRAP,MATCHED,2021-12,W4,2021-12-31,87,1,649.54,651.691,638.7532864192119,645.8384878842775,645.8287955160396,8274,0.8895707561971457,7.070569030934873
COPPER_SCRAP,MATCHED,2022-01,W0,2021-12-31,87,2,666.758,651.691,615.5918115206995,621.7418620882719,622.8164901929717,8274,-0.06552689665253641,7.033902364268206
COPPER_SCRAP,MATCHED,2022-01,W1,2022-01-07,87,2,666.758,651.691,615.5918115206995,621.7418620882719,622.8164901929717,8300,-0.06552689665253641,7.033902364268206
COPPER_SCRAP,MATCHED,2022-01,W2,2022-01-14,88,1,666.758,649.553,637.9403888558636,642.8952884721903,642.7470748405651,8306,-0.20855070215115723,6.942685195158336
COPPER_SCRAP,MATCHED,2022-01,W3,2022-01-21,88,1,666.758,649.553,637.9403888558636,642.8952884721903,642.7470748405651,8312,-0.20855070215115723,6.942685195158336
COPPER_SCRAP,MATCHED,2022-01,W4,2022-01-31,88,1,666.758,649.553,637.9403888558636,642.8952884721903,642.7470748405651,8322,-0.20855070215115723,6.942685195158336
COPPER_SCRAP,MATCHED,2022-02,W0,2022-01-31,88,2,675.849,649.553,630.1674123522192,630.2453747759838,630.9419523850281,8322,0.3581159645155094,6.376018528491669
COPPER_SCRAP,MATCHED,2022-02,W1,2022-02-07,88,2,675.849,649.553,630.1674123522192,630.2453747759838,630.9419523850281,8347,0.3581159645155094,6.376018528491669
COPPER_SCRAP,MATCHED,2022-02,W2,2022-02-14,88,2,675.849,649.553,630.1674123522192,630.2453747759838,630.9419523850281,8364,0.3581159645155094,6.376018528491669
COPPER_SCRAP,MATCHED,2022-02,W3,2022-02-21,89,1,675.849,663.88,661.3521526584813,665.7937896519429,665.6119533413209,8373,-0.4701424652577497,6.062772998555637
COPPER_SCRAP,MATCHED,2022-02,W4,2022-02-28,89,1,675.849,663.88,661.3521526584813,665.7937896519429,665.6119533413209,8386,-0.4701424652577497,6.062772998555637
COPPER_SCRAP,MATCHED,2022-03,W0,2022-02-28,89,2,686.743,663.88,629.4469019977973,632.2812175969791,632.3902742842731,8386,0.8731908680755838,7.3394396652223035
COPPER_SCRAP,MATCHED,2022-03,W1,2022-03-07,89,2,686.743,663.88,629.4469019977973,632.2812175969791,632.3902742842731,8407,0.8731908680755838,7.3394396652223035
COPPER_SCRAP,MATCHED,2022-03,W2,2022-03-14,89,2,686.743,663.88,629.4469019977973,632.2812175969791,632.3902742842731,8424,0.8731908680755838,7.3394396652223035
COPPER_SCRAP,MATCHED,2022-03,W3,2022-03-21,90,1,686.743,670.573,655.3905850809504,655.2829072205318,655.6092857250684,8434,0.5009590392805119,6.6924381829902435
COPPER_SCRAP,MATCHED,2022-03,W4,2022-03-31,90,1,686.743,670.573,655.3905850809504,655.2829072205318,655.6092857250684,8447,0.5009590392805119,6.6924381829902435
COPPER_SCRAP,MATCHED,2022-04,W0,2022-03-31,90,2,696.886,670.573,634.1564764138824,635.9020006842676,636.9765657818073,8447,1.3286257059471787,11.063604849656912
COPPER_SCRAP,MATCHED,2022-04,W1,2022-04-07,90,2,696.886,670.573,634.1564764138824,635.9020006842676,636.9765657818073,8465,1.3286257059471787,11.063604849656912
COPPER_SCRAP,MATCHED,2022-04,W2,2022-04-14,91,1,696.886,682.145,673.1277417735436,676.6812209144823,677.1588879603541,8485,2.247034081548021,11.693074471784113
COPPER_SCRAP,MATCHED,2022-04,W3,2022-04-21,91,1,696.886,682.145,673.1277417735436,676.6812209144823,677.1588879603541,8490,2.247034081548021,11.693074471784113
COPPER_SCRAP,MATCHED,2022-04,W4,2022-04-30,91,1,696.886,682.145,673.1277417735436,676.6812209144823,677.1588879603541,8495,2.247034081548021,11.693074471784113
COPPER_SCRAP,MATCHED,2022-05,W0,2022-04-30,91,2,645.087,682.145,642.9101889849037,644.1335911136152,644.8679185810955,8495,1.419367414881354,9.510915610293257
COPPER_SCRAP,MATCHED,2022-05,W1,2022-05-07,91,2,645.087,682.145,642.9101889849037,644.1335911136152,644.8679185810955,8511,1.419367414881354,9.510915610293257
COPPER_SCRAP,MATCHED,2022-05,W2,2022-05-14,92,1,645.087,703.917,692.9477426391497,699.0841907916886,699.562538741081,8524,3.005201587978131,13.720635559137193
COPPER_SCRAP,MATCHED,2022-05,W3,2022-05-21,92,1,645.087,703.917,692.9477426391497,699.0841907916886,699.562538741081,8536,3.005201587978131,13.720635559137193
COPPER_SCRAP,MATCHED,2022-05,W4,2022-05-31,92,1,645.087,703.917,692.9477426391497,699.0841907916886,699.562538741081,8547,3.005201587978131,13.720635559137193
COPPER_SCRAP,MATCHED,2022-06,W0,2022-05-31,92,2,627.662,703.917,697.5063516645605,699.3936286808619,699.8295598359143,8547,2.2285349213114642,13.783968892470526
COPPER_SCRAP,MATCHED,2022-06,W1,2022-06-07,92,2,627.662,703.917,697.5063516645605,699.3936286808619,699.8295598359143,8579,2.2285349213114642,13.783968892470526
COPPER_SCRAP,MATCHED,2022-06,W2,2022-06-14,93,1,627.662,647.628,644.926130875727,646.0565580439645,645.9682185317506,8601,2.8866780102573895,15.48894843244085
COPPER_SCRAP,MATCHED,2022-06,W3,2022-06-21,93,1,627.662,647.628,644.926130875727,646.0565580439645,645.9682185317506,8606,2.8866780102573895,15.48894843244085
COPPER_SCRAP,MATCHED,2022-06,W4,2022-06-30,93,1,627.662,647.628,644.926130875727,646.0565580439645,645.9682185317506,8619,2.8866780102573895,15.48894843244085
COPPER_SCRAP,MATCHED,2022-07,W0,2022-06-30,93,2,532.319,647.628,639.9286068565041,644.7795286783681,645.0456123427689,8619,3.3020946769240562,15.425615099107517
COPPER_SCRAP,MATCHED,2022-07,W1,2022-07-07,93,2,532.319,647.628,639.9286068565041,644.7795286783681,645.0456123427689,8636,3.3020946769240562,15.425615099107517
COPPER_SCRAP,MATCHED,2022-07,W2,2022-07-14,94,1,532.319,627.124,616.6196831651437,611.030607461574,611.1674052685597,8646,3.2043366738833643,16.76082017787907
COPPER_SCRAP,MATCHED,2022-07,W3,2022-07-21,94,1,532.319,627.124,616.6196831651437,611.030607461574,611.1674052685597,8655,3.2043366738833643,16.76082017787907
COPPER_SCRAP,MATCHED,2022-07,W4,2022-07-31,94,1,532.319,627.124,616.6196831651437,611.030607461574,611.1674052685597,8664,3.2043366738833643,16.76082017787907
COPPER_SCRAP,MATCHED,2022-08,W0,2022-07-31,94,2,548.367,627.124,616.6927338662375,616.5208307933342,616.3030961270114,8664,3.1770952355461124,13.74082017787907
COPPER_SCRAP,MATCHED,2022-08,W1,2022-08-07,94,2,548.367,627.124,616.6927338662375,616.5208307933342,616.3030961270114,8689,3.1770952355461124,13.74082017787907
COPPER_SCRAP,MATCHED,2022-08,W2,2022-08-14,95,1,548.367,574.332,567.620662855452,553.5109879573757,553.0810058912531,8696,3.4301990300106535,14.847632224109653
COPPER_SCRAP,MATCHED,2022-08,W3,2022-08-21,95,1,548.367,574.332,567.620662855452,553.5109879573757,553.0810058912531,8703,3.4301990300106535,14.847632224109653
COPPER_SCRAP,MATCHED,2022-08,W4,2022-08-31,95,1,548.367,574.332,567.620662855452,553.5109879573757,553.0810058912531,8727,3.4301990300106535,14.847632224109653
COPPER_SCRAP,MATCHED,2022-09,W0,2022-08-31,95,2,554.965,574.332,562.0740118640423,539.4599226498984,542.8105667938795,8727,3.0668656966773202,18.464298890776327
COPPER_SCRAP,MATCHED,2022-09,W1,2022-09-07,95,2,554.965,574.332,562.0740118640423,539.4599226498984,542.8105667938795,8746,3.0668656966773202,18.464298890776327
COPPER_SCRAP,MATCHED,2022-09,W2,2022-09-14,96,1,554.965,550.329,532.8533725627254,514.5149224994855,513.8995794465684,8778,3.234639269184285,16.995649063759327
COPPER_SCRAP,MATCHED,2022-09,W3,2022-09-21,96,1,554.965,550.329,532.8533725627254,514.5149224994855,513.8995794465684,8790,3.234639269184285,16.995649063759327
COPPER_SCRAP,MATCHED,2022-09,W4,2022-09-30,96,1,554.965,550.329,532.8533725627254,514.5149224994855,513.8995794465684,8816,3.234639269184285,16.995649063759327
COPPER_SCRAP,MATCHED,2022-10,W0,2022-09-30,96,2,539.245,550.329,543.8123485515172,505.84464884043734,493.497768504454,8816,3.234639269184285,19.006592792189842
COPPER_SCRAP,MATCHED,2022-10,W1,2022-10-07,96,2,539.245,550.329,543.8123485515172,505.84464884043734,493.497768504454,8830,3.234639269184285,19.006592792189842
COPPER_SCRAP,MATCHED,2022-10,W2,2022-10-14,97,1,539.245,556.301,568.4868574141966,567.517339666216,566.756841521027,8844,2.9757634219449667,20.449192384980588
COPPER_SCRAP,MATCHED,2022-10,W3,2022-10-21,97,1,539.245,556.301,568.4868574141966,567.517339666216,566.756841521027,8857,2.9757634219449667,20.449192384980588
COPPER_SCRAP,MATCHED,2022-10,W4,2022-10-31,97,1,539.245,556.301,568.4868574141966,567.517339666216,566.756841521027,8874,2.9757634219449667,20.449192384980588
COPPER_SCRAP,MATCHED,2022-11,W0,2022-10-31,97,2,588.507,556.301,569.6401291751341,560.7798403296757,559.8679451538293,8874,2.4090967552783003,18.878067604140625
COPPER_SCRAP,MATCHED,2022-11,W1,2022-11-07,97,2,588.507,556.301,569.6401291751341,560.7798403296757,559.8679451538293,8892,2.4090967552783003,18.878067604140625
COPPER_SCRAP,MATCHED,2022-11,W2,2022-11-14,97,2,588.507,556.301,569.6401291751341,560.7798403296757,559.8679451538293,8896,2.4090967552783003,18.878067604140625
COPPER_SCRAP,MATCHED,2022-11,W3,2022-11-21,98,1,588.507,538.946,521.4172629094505,518.1686878230907,517.8084851187115,8907,2.1952998541611874,21.47851908258314
COPPER_SCRAP,MATCHED,2022-11,W4,2022-11-30,98,1,588.507,538.946,521.4172629094505,518.1686878230907,517.8084851187115,8915,2.1952998541611874,21.47851908258314
COPPER_SCRAP,MATCHED,2022-12,W0,2022-11-30,98,2,600.617,538.946,500.08948201519047,499.524576566189,498.72257455838763,8915,2.6040140341994134,17.185185749249797
COPPER_SCRAP,MATCHED,2022-12,W1,2022-12-07,98,2,600.617,538.946,500.08948201519047,499.524576566189,498.72257455838763,8939,2.6040140341994134,17.185185749249797
COPPER_SCRAP,MATCHED,2022-12,W2,2022-12-14,99,1,600.617,591.179,577.7039756622437,579.6104562292543,579.4702175871575,8948,1.9710757074757645,18.20022602499398
COPPER_SCRAP,MATCHED,2022-12,W3,2022-12-21,99,1,600.617,591.179,577.7039756622437,579.6104562292543,579.4702175871575,8964,1.9710757074757645,18.20022602499398
COPPER_SCRAP,MATCHED,2022-12,W4,2022-12-31,99,1,600.617,591.179,577.7039756622437,579.6104562292543,579.4702175871575,8996,1.9710757074757645,18.20022602499398
COPPER_SCRAP,MATCHED,2023-01,W0,2022-12-31,99,2,617.438,591.179,560.0148591192022,560.2928043675477,560.4784419214152,8996,1.5708602143842567,23.033559358327327
COPPER_SCRAP,MATCHED,2023-01,W1,2023-01-07,99,2,617.438,591.179,560.0148591192022,560.2928043675477,560.4784419214152,9008,1.5708602143842567,23.033559358327327
COPPER_SCRAP,MATCHED,2023-01,W2,2023-01-14,99,2,617.438,591.179,560.0148591192022,560.2928043675477,560.4784419214152,9023,1.5708602143842567,23.033559358327327
COPPER_SCRAP,MATCHED,2023-01,W3,2023-01-21,100,1,617.438,600.084,582.0440714736222,583.6112006456855,584.2036108903263,9028,1.3649449986797773,20.31899858688324
COPPER_SCRAP,MATCHED,2023-01,W4,2023-01-31,100,1,617.438,600.084,582.0440714736222,583.6112006456855,584.2036108903263,9036,1.3649449986797773,20.31899858688324
COPPER_SCRAP,MATCHED,2023-02,W0,2023-01-31,100,2,622.791,600.084,559.3442395409047,559.4399892556775,559.4676700208709,9036,2.6582783320131105,18.3456652535499
COPPER_SCRAP,MATCHED,2023-02,W1,2023-02-07,100,2,622.791,600.084,559.3442395409047,559.4399892556775,559.4676700208709,9059,2.6582783320131105,18.3456652535499
COPPER_SCRAP,MATCHED,2023-02,W2,2023-02-14,100,2,622.791,600.084,559.3442395409047,559.4399892556775,559.4676700208709,9075,2.6582783320131105,18.3456652535499
COPPER_SCRAP,MATCHED,2023-02,W3,2023-02-21,101,1,622.791,618.359,603.3185897326836,615.8234842568974,607.8349939004545,9086,2.2128172715854335,19.681800266384382
COPPER_SCRAP,MATCHED,2023-02,W4,2023-02-28,101,1,622.791,618.359,603.3185897326836,615.8234842568974,607.8349939004545,9100,2.2128172715854335,19.681800266384382
COPPER_SCRAP,MATCHED,2023-03,W0,2023-02-28,101,2,624.212,618.359,574.5301623592782,574.5368759112329,580.7722757282838,9100,1.4861506049187667,21.30962579454191
COPPER_SCRAP,MATCHED,2023-03,W1,2023-03-07,101,2,624.212,618.359,574.5301623592782,574.5368759112329,580.7722757282838,9127,1.4861506049187667,21.30962579454191
COPPER_SCRAP,MATCHED,2023-03,W2,2023-03-14,101,2,624.212,618.359,574.5301623592782,574.5368759112329,580.7722757282838,9146,1.4861506049187667,21.30962579454191
COPPER_SCRAP,MATCHED,2023-03,W3,2023-03-21,102,1,624.212,626.528,611.2504403041961,613.2293179289225,613.4922253551301,9153,2.13057070227712,20.913407588382167
COPPER_SCRAP,MATCHED,2023-03,W4,2023-03-31,102,1,624.212,626.528,611.2504403041961,613.2293179289225,613.4922253551301,9165,2.13057070227712,20.913407588382167
COPPER_SCRAP,MATCHED,2023-04,W0,2023-03-31,102,2,621.739,626.528,593.0536051922904,593.0201567817642,593.5536782651349,9165,2.140416720325202,18.515797193284985
COPPER_SCRAP,MATCHED,2023-04,W1,2023-04-07,102,2,621.739,626.528,593.0536051922904,593.0201567817642,593.5536782651349,9192,2.140416720325202,18.515797193284985
COPPER_SCRAP,MATCHED,2023-04,W2,2023-04-14,103,1,621.739,625.646,609.1485167069928,615.1747682469752,615.5076011960676,9210,2.0827663490915,19.387209803618884
COPPER_SCRAP,MATCHED,2023-04,W3,2023-04-21,103,1,621.739,625.646,609.1485167069928,615.1747682469752,615.5076011960676,9222,2.0827663490915,19.387209803618884
COPPER_SCRAP,MATCHED,2023-04,W4,2023-04-30,103,1,621.739,625.646,609.1485167069928,615.1747682469752,615.5076011960676,9226,2.0827663490915,19.387209803618884
COPPER_SCRAP,MATCHED,2023-05,W0,2023-04-30,103,2,604.814,625.646,608.4630283372323,608.4470115874718,608.8681813544658,9226,2.044337179114826,19.92054313695222
COPPER_SCRAP,MATCHED,2023-05,W1,2023-05-07,103,2,604.814,625.646,608.4630283372323,608.4470115874718,608.8681813544658,9245,2.044337179114826,19.92054313695222
COPPER_SCRAP,MATCHED,2023-05,W2,2023-05-14,104,1,604.814,628.942,619.7333899063614,619.755807752512,620.1308371066787,9255,1.9502196960948588,18.66356434529254
COPPER_SCRAP,MATCHED,2023-05,W3,2023-05-21,104,1,604.814,628.942,619.7333899063614,619.755807752512,620.1308371066787,9271,1.9502196960948588,18.66356434529254
COPPER_SCRAP,MATCHED,2023-05,W4,2023-05-31,104,1,604.814,628.942,619.7333899063614,619.755807752512,620.1308371066787,9287,1.9502196960948588,18.66356434529254
COPPER_SCRAP,MATCHED,2023-06,W0,2023-05-31,104,2,607.693,628.942,612.4525501811992,619.715404825593,613.8557798732944,9287,1.6202685225196998,20.243564345292544
COPPER_SCRAP,MATCHED,2023-06,W1,2023-06-07,104,2,607.693,628.942,612.4525501811992,619.715404825593,613.8557798732944,9316,1.6202685225196998,20.243564345292544
COPPER_SCRAP,MATCHED,2023-06,W2,2023-06-14,105,1,607.693,598.975,584.8920711716626,584.9146271515233,586.0304998682368,9331,1.3430370645022225,19.928352259150056
COPPER_SCRAP,MATCHED,2023-06,W3,2023-06-21,105,1,607.693,598.975,584.8920711716626,584.9146271515233,586.0304998682368,9340,1.3430370645022225,19.928352259150056
COPPER_SCRAP,MATCHED,2023-06,W4,2023-06-30,105,1,607.693,598.975,584.8920711716626,584.9146271515233,586.0304998682368,9360,1.3430370645022225,19.928352259150056
COPPER_SCRAP,MATCHED,2023-07,W0,2023-06-30,105,2,607.231,598.975,590.837594529701,600.231463376925,600.135580944988,9360,1.6561203978355559,19.447018925816717
COPPER_SCRAP,MATCHED,2023-07,W1,2023-07-07,105,2,607.231,598.975,590.837594529701,600.231463376925,600.135580944988,9379,1.6561203978355559,19.447018925816717
COPPER_SCRAP,MATCHED,2023-07,W2,2023-07-14,106,1,607.231,600.607,600.7616000593407,585.5822260271477,586.2504070946774,9397,1.2143205685361205,19.28838670631665
COPPER_SCRAP,MATCHED,2023-07,W3,2023-07-21,106,1,607.231,600.607,600.7616000593407,585.5822260271477,586.2504070946774,9406,1.2143205685361205,19.28838670631665
COPPER_SCRAP,MATCHED,2023-07,W4,2023-07-31,106,1,607.231,600.607,600.7616000593407,585.5822260271477,586.2504070946774,9417,1.2143205685361205,19.28838670631665
COPPER_SCRAP,MATCHED,2023-08,W0,2023-07-31,106,2,602.917,600.607,592.9113519271461,585.1190917382849,586.916100574899,9417,0.6958205685361205,17.459084593686562
COPPER_SCRAP,MATCHED,2023-08,W1,2023-08-07,106,2,602.917,600.607,592.9113519271461,585.1190917382849,586.916100574899,9441,0.6958205685361205,17.459084593686562
COPPER_SCRAP,MATCHED,2023-08,W2,2023-08-14,107,1,602.917,606.549,601.79094009409,589.9480315001222,602.7901344001241,9452,0.6479912055946238,16.63687005060723
COPPER_SCRAP,MATCHED,2023-08,W3,2023-08-21,107,1,602.917,606.549,601.79094009409,589.9480315001222,602.7901344001241,9462,0.6479912055946238,16.63687005060723
COPPER_SCRAP,MATCHED,2023-08,W4,2023-08-31,107,1,602.917,606.549,601.79094009409,589.9480315001222,602.7901344001241,9480,0.6479912055946238,16.63687005060723
COPPER_SCRAP,MATCHED,2023-09,W0,2023-08-31,107,2,599.074,606.549,597.7283066163529,585.9820255457179,587.5329231930548,9480,1.2146578722612904,17.43687005060723
COPPER_SCRAP,MATCHED,2023-09,W1,2023-09-07,107,2,599.074,606.549,597.7283066163529,585.9820255457179,587.5329231930548,9504,1.2146578722612904,17.43687005060723
COPPER_SCRAP,MATCHED,2023-09,W2,2023-09-14,108,1,599.074,600.347,595.4391593414764,594.8623598771826,595.6754836026993,9523,0.8145850974343811,15.530351973840707
COPPER_SCRAP,MATCHED,2023-09,W3,2023-09-21,108,1,599.074,600.347,595.4391593414764,594.8623598771826,595.6754836026993,9529,0.8145850974343811,15.530351973840707
COPPER_SCRAP,MATCHED,2023-09,W4,2023-09-30,108,1,599.074,600.347,595.4391593414764,594.8623598771826,595.6754836026993,9548,0.8145850974343811,15.530351973840707
COPPER_SCRAP,MATCHED,2023-10,W0,2023-09-30,108,2,583.059,600.347,590.1007911566082,583.192829055387,582.8737042885931,9548,2.0779184307677143,17.882185307174037
COPPER_SCRAP,MATCHED,2023-10,W1,2023-10-07,108,2,583.059,600.347,590.1007911566082,583.192829055387,582.8737042885931,9572,2.0779184307677143,17.882185307174037
COPPER_SCRAP,MATCHED,2023-10,W2,2023-10-14,109,1,583.059,597.798,593.8662879667093,593.8783815734495,593.7899243019607,9583,1.9939459284770142,17.44868949376522
COPPER_SCRAP,MATCHED,2023-10,W3,2023-10-21,109,1,583.059,597.798,593.8662879667093,593.8783815734495,593.7899243019607,9588,1.9939459284770142,17.44868949376522
COPPER_SCRAP,MATCHED,2023-10,W4,2023-10-31,109,1,583.059,597.798,593.8662879667093,593.8783815734495,593.7899243019607,9602,1.9939459284770142,17.44868949376522
COPPER_SCRAP,MATCHED,2023-11,W0,2023-10-31,109,2,585.86,597.798,573.3374135225702,598.1512381812485,600.1049499117329,9602,0.730612595143681,15.097780193954282
COPPER_SCRAP,MATCHED,2023-11,W1,2023-11-07,109,2,585.86,597.798,573.3374135225702,598.1512381812485,600.1049499117329,9627,0.730612595143681,15.097780193954282
COPPER_SCRAP,MATCHED,2023-11,W2,2023-11-14,109,2,585.86,597.798,573.3374135225702,598.1512381812485,600.1049499117329,9644,0.730612595143681,15.097780193954282
COPPER_SCRAP,MATCHED,2023-11,W3,2023-11-21,110,1,585.86,578.459,563.9115280060444,563.9522515551156,564.6453962295011,9657,1.8596758203243176,16.244272233148173
COPPER_SCRAP,MATCHED,2023-11,W4,2023-11-30,110,1,585.86,578.459,563.9115280060444,563.9522515551156,564.6453962295011,9674,1.8596758203243176,16.244272233148173
COPPER_SCRAP,MATCHED,2023-12,W0,2023-11-30,110,2,596.211,578.459,545.8397898007497,545.9535968498985,552.8801465527614,9674,1.8596758203243176,15.219239337271038
COPPER_SCRAP,MATCHED,2023-12,W1,2023-12-07,110,2,596.211,578.459,545.8397898007497,545.9535968498985,552.8801465527614,9701,1.8596758203243176,15.219239337271038
COPPER_SCRAP,MATCHED,2023-12,W2,2023-12-14,111,1,596.211,586.701,574.615340474795,591.2370854632379,591.1932869992949,9720,1.6904737122954883,14.604253606406889
COPPER_SCRAP,MATCHED,2023-12,W3,2023-12-21,111,1,596.211,586.701,574.615340474795,591.2370854632379,591.1932869992949,9727,1.6904737122954883,14.604253606406889
COPPER_SCRAP,MATCHED,2023-12,W4,2023-12-31,111,1,596.211,586.701,574.615340474795,591.2370854632379,591.1932869992949,9743,1.6904737122954883,14.604253606406889
COPPER_SCRAP,MATCHED,2024-01,W0,2023-12-31,111,2,593.74,586.701,562.346195503335,594.0380516967873,593.3858141377463,9743,1.9125782547551151,20.079691482199856
COPPER_SCRAP,MATCHED,2024-01,W1,2024-01-07,111,2,593.74,586.701,562.346195503335,594.0380516967873,593.3858141377463,9757,1.9125782547551151,20.079691482199856
COPPER_SCRAP,MATCHED,2024-01,W2,2024-01-14,112,1,593.74,612.757,604.9094873469264,612.365782746846,615.4625869426508,9770,1.777260789231189,18.48603007653561
COPPER_SCRAP,MATCHED,2024-01,W3,2024-01-21,112,1,593.74,612.757,604.9094873469264,612.365782746846,615.4625869426508,9778,1.777260789231189,18.48603007653561
COPPER_SCRAP,MATCHED,2024-01,W4,2024-01-31,112,1,593.74,612.757,604.9094873469264,612.365782746846,615.4625869426508,9788,1.777260789231189,18.48603007653561
COPPER_SCRAP,MATCHED,2024-02,W0,2024-01-31,112,2,603.118,612.757,600.8451854660079,607.6173353214344,616.3808824052809,9788,0.9131774558978558,13.501946743202273
COPPER_SCRAP,MATCHED,2024-02,W1,2024-02-07,112,2,603.118,612.757,600.8451854660079,607.6173353214344,616.3808824052809,9813,0.9131774558978558,13.501946743202273
COPPER_SCRAP,MATCHED,2024-02,W2,2024-02-14,112,2,603.118,612.757,600.8451854660079,607.6173353214344,616.3808824052809,9824,0.9131774558978558,13.501946743202273
COPPER_SCRAP,MATCHED,2024-02,W3,2024-02-21,113,1,603.118,591.522,582.1532812687711,587.6729362980186,587.6913644567474,9830,1.071389293357986,16.978729721645465
COPPER_SCRAP,MATCHED,2024-02,W4,2024-02-29,113,1,603.118,591.522,582.1532812687711,587.6729362980186,587.6913644567474,9845,1.071389293357986,16.978729721645465
COPPER_SCRAP,MATCHED,2024-03,W0,2024-02-29,113,2,627.739,591.522,567.654958090926,587.7875162081166,588.4956613521355,9845,1.6380559600246527,16.522063054978798
COPPER_SCRAP,MATCHED,2024-03,W1,2024-03-07,113,2,627.739,591.522,567.654958090926,587.7875162081166,588.4956613521355,9865,1.6380559600246527,16.522063054978798
COPPER_SCRAP,MATCHED,2024-03,W2,2024-03-14,114,1,627.739,607.695,599.6568020108236,599.0485970343966,602.2370527375149,9881,1.022271985535182,15.088108255593564
COPPER_SCRAP,MATCHED,2024-03,W3,2024-03-21,114,1,627.739,607.695,599.6568020108236,599.0485970343966,602.2370527375149,9892,1.022271985535182,15.088108255593564
COPPER_SCRAP,MATCHED,2024-03,W4,2024-03-31,114,1,627.739,607.695,599.6568020108236,599.0485970343966,602.2370527375149,9900,1.022271985535182,15.088108255593564
COPPER_SCRAP,MATCHED,2024-04,W0,2024-03-31,114,2,665.994,607.695,588.4029415661626,586.6577339358298,594.23528667255,9900,1.022271985535182,13.378108255593565
COPPER_SCRAP,MATCHED,2024-04,W1,2024-04-07,114,2,665.994,607.695,588.4029415661626,586.6577339358298,594.23528667255,9920,1.022271985535182,13.378108255593565
COPPER_SCRAP,MATCHED,2024-04,W2,2024-04-14,115,1,665.994,635.23,633.115634695215,626.8561582974635,629.9297084489378,9933,0.9099589209145716,11.824951235873465
COPPER_SCRAP,MATCHED,2024-04,W3,2024-04-21,115,1,665.994,635.23,633.115634695215,626.8561582974635,629.9297084489378,9945,0.9099589209145716,11.824951235873465
COPPER_SCRAP,MATCHED,2024-04,W4,2024-04-30,115,1,665.994,635.23,633.115634695215,626.8561582974635,629.9297084489378,9969,0.9099589209145716,11.824951235873465
COPPER_SCRAP,MATCHED,2024-05,W0,2024-04-30,115,2,716.708,635.23,636.6299382930232,625.0880953363412,623.4827727815497,9969,1.352250587581238,15.770992902540131
COPPER_SCRAP,MATCHED,2024-05,W1,2024-05-07,115,2,716.708,635.23,636.6299382930232,625.0880953363412,623.4827727815497,9994,1.352250587581238,15.770992902540131
COPPER_SCRAP,MATCHED,2024-05,W2,2024-05-14,116,1,716.708,664.851,673.7288825367891,658.3100130374154,661.2725976801237,10004,1.0397167400066325,13.15733414161102
COPPER_SCRAP,MATCHED,2024-05,W3,2024-05-21,116,1,716.708,664.851,673.7288825367891,658.3100130374154,661.2725976801237,10020,1.0397167400066325,13.15733414161102
COPPER_SCRAP,MATCHED,2024-05,W4,2024-05-31,116,1,716.708,664.851,673.7288825367891,658.3100130374154,661.2725976801237,10042,1.0397167400066325,13.15733414161102
COPPER_SCRAP,MATCHED,2024-06,W0,2024-05-31,116,2,682.783,664.851,677.9498629097184,659.7508317896334,678.9139728807306,10042,0.000870770375245522,11.5758618089991
COPPER_SCRAP,MATCHED,2024-06,W1,2024-06-07,116,2,682.783,664.851,677.9498629097184,659.7508317896334,678.9139728807306,10076,0.000870770375245522,11.5758618089991
COPPER_SCRAP,MATCHED,2024-06,W2,2024-06-14,117,1,682.783,731.154,760.4059675058684,733.821206717874,738.7829867997542,10100,0.22850070198711947,13.285560000580078
COPPER_SCRAP,MATCHED,2024-06,W3,2024-06-21,117,1,682.783,731.154,760.4059675058684,733.821206717874,738.7829867997542,10106,0.22850070198711947,13.285560000580078
COPPER_SCRAP,MATCHED,2024-06,W4,2024-06-30,117,1,682.783,731.154,760.4059675058684,733.821206717874,738.7829867997542,10114,0.22850070198711947,13.285560000580078
COPPER_SCRAP,MATCHED,2024-07,W0,2024-06-30,117,2,697.568,731.154,777.3223669543465,710.7537231040941,719.1966348765591,10114,1.521834035320453,12.38556000058008
COPPER_SCRAP,MATCHED,2024-07,W1,2024-07-07,117,2,697.568,731.154,777.3223669543465,710.7537231040941,719.1966348765591,10132,1.521834035320453,12.38556000058008
COPPER_SCRAP,MATCHED,2024-07,W2,2024-07-14,118,1,697.568,682.481,684.2454312204654,678.4695336100333,682.1249847609328,10142,1.0014331260329725,12.570785468653483
COPPER_SCRAP,MATCHED,2024-07,W3,2024-07-21,118,1,697.568,682.481,684.2454312204654,678.4695336100333,682.1249847609328,10154,1.0014331260329725,12.570785468653483
COPPER_SCRAP,MATCHED,2024-07,W4,2024-07-31,118,1,697.568,682.481,684.2454312204654,678.4695336100333,682.1249847609328,10165,1.0014331260329725,12.570785468653483
COPPER_SCRAP,MATCHED,2024-08,W0,2024-07-31,118,2,634.606,682.481,685.7624850525863,678.129340853025,699.778919646637,10165,0.27476645936630584,11.310785468653483
COPPER_SCRAP,MATCHED,2024-08,W1,2024-08-07,118,2,634.606,682.481,685.7624850525863,678.129340853025,699.778919646637,10178,0.27476645936630584,11.310785468653483
COPPER_SCRAP,MATCHED,2024-08,W2,2024-08-14,119,1,634.606,703.244,703.5235233295513,691.3871341981277,693.9701615755353,10208,0.8535470020139913,10.311315472437915
COPPER_SCRAP,MATCHED,2024-08,W3,2024-08-21,119,1,634.606,703.244,703.5235233295513,691.3871341981277,693.9701615755353,10230,0.8535470020139913,10.311315472437915
COPPER_SCRAP,MATCHED,2024-08,W4,2024-08-31,119,1,634.606,703.244,703.5235233295513,691.3871341981277,693.9701615755353,10248,0.8535470020139913,10.311315472437915
COPPER_SCRAP,MATCHED,2024-09,W0,2024-08-31,119,2,639.548,703.244,702.9406150466376,696.3069300602783,687.2254489298776,10248,0.9045470020139912,16.644494775402638
COPPER_SCRAP,MATCHED,2024-09,W1,2024-09-07,119,2,639.548,703.244,702.9406150466376,696.3069300602783,687.2254489298776,10262,0.9045470020139912,16.644494775402638
COPPER_SCRAP,MATCHED,2024-09,W2,2024-09-14,120,1,639.548,639.757,638.4259696453709,637.9653054477967,644.5908919753624,10292,0.8353618455206864,15.020200156253974
COPPER_SCRAP,MATCHED,2024-09,W3,2024-09-21,120,1,639.548,639.757,638.4259696453709,637.9653054477967,644.5908919753624,10303,0.8353618455206864,15.020200156253974
COPPER_SCRAP,MATCHED,2024-09,W4,2024-09-30,120,1,639.548,639.757,638.4259696453709,637.9653054477967,644.5908919753624,10323,0.8353618455206864,15.020200156253974
COPPER_SCRAP,MATCHED,2024-10,W0,2024-09-30,120,2,664.003,639.757,631.892448808667,648.2034328184249,652.2429959963807,10323,1.511028512187353,13.459965687305735
COPPER_SCRAP,MATCHED,2024-10,W1,2024-10-07,120,2,664.003,639.757,631.892448808667,648.2034328184249,652.2429959963807,10337,1.511028512187353,13.459965687305735
COPPER_SCRAP,MATCHED,2024-10,W2,2024-10-14,121,1,664.003,639.856,627.5013406206625,627.5713708169841,659.190439233263,10353,1.527169676987713,17.154347231385163
COPPER_SCRAP,MATCHED,2024-10,W3,2024-10-21,121,1,664.003,639.856,627.5013406206625,627.5713708169841,659.190439233263,10370,1.527169676987713,17.154347231385163
COPPER_SCRAP,MATCHED,2024-10,W4,2024-10-31,121,1,664.003,639.856,627.5013406206625,627.5713708169841,659.190439233263,10388,1.527169676987713,17.154347231385163
COPPER_SCRAP,MATCHED,2024-11,W0,2024-10-31,121,2,642.581,639.856,633.7390302672147,662.3691039439992,671.4357668532795,10388,0.23383634365437955,14.738389117211872
COPPER_SCRAP,MATCHED,2024-11,W1,2024-11-07,121,2,642.581,639.856,633.7390302672147,662.3691039439992,671.4357668532795,10409,0.23383634365437955,14.738389117211872
COPPER_SCRAP,MATCHED,2024-11,W2,2024-11-14,122,1,642.581,669.612,679.6493475283985,679.7279185888634,673.8674662857659,10444,0.8175131494300143,16.268338894663
COPPER_SCRAP,MATCHED,2024-11,W3,2024-11-21,122,1,642.581,669.612,679.6493475283985,679.7279185888634,673.8674662857659,10467,0.8175131494300143,16.268338894663
COPPER_SCRAP,MATCHED,2024-11,W4,2024-11-30,122,1,642.581,669.612,679.6493475283985,679.7279185888634,673.8674662857659,10481,0.8175131494300143,16.268338894663
COPPER_SCRAP,MATCHED,2024-12,W0,2024-11-30,122,2,650.009,669.612,701.0090992907316,688.6926560683825,689.0702053583009,10481,1.384179816096681,15.818338894662999
COPPER_SCRAP,MATCHED,2024-12,W1,2024-12-07,122,2,650.009,669.612,701.0090992907316,688.6926560683825,689.0702053583009,10499,1.384179816096681,15.818338894662999
COPPER_SCRAP,MATCHED,2024-12,W2,2024-12-14,123,1,650.009,642.098,645.0603453803784,654.9243538824951,658.3608953066381,10524,0.8627342848632278,15.23157174738196
COPPER_SCRAP,MATCHED,2024-12,W3,2024-12-21,123,1,650.009,642.098,645.0603453803784,654.9243538824951,658.3608953066381,10545,0.8627342848632278,15.23157174738196
COPPER_SCRAP,MATCHED,2024-12,W4,2024-12-31,123,1,650.009,642.098,645.0603453803784,654.9243538824951,658.3608953066381,10564,0.8627342848632278,15.23157174738196
COPPER_SCRAP,MATCHED,2025-01,W0,2024-12-31,123,2,653.567,642.098,640.4596250881282,669.9118206314945,675.0426522591267,10564,0.8627342848632278,16.18157174738196
COPPER_SCRAP,MATCHED,2025-01,W1,2025-01-07,123,2,653.567,642.098,640.4596250881282,669.9118206314945,675.0426522591267,10575,0.8627342848632278,16.18157174738196
COPPER_SCRAP,MATCHED,2025-01,W2,2025-01-14,124,1,653.567,655.592,654.9597908262872,669.6401120858565,673.9798390148421,10588,0.8302656434600169,15.382461960487824
COPPER_SCRAP,MATCHED,2025-01,W3,2025-01-21,124,1,653.567,655.592,654.9597908262872,669.6401120858565,673.9798390148421,10596,0.8302656434600169,15.382461960487824
COPPER_SCRAP,MATCHED,2025-01,W4,2025-01-31,124,1,653.567,655.592,654.9597908262872,669.6401120858565,673.9798390148421,10622,0.8302656434600169,15.382461960487824
COPPER_SCRAP,MATCHED,2025-02,W0,2025-01-31,124,2,669.057,655.592,647.1972594032045,682.045367439605,664.1946268915237,10622,0.8302656434600169,13.475795293821157
COPPER_SCRAP,MATCHED,2025-02,W1,2025-02-07,124,2,669.057,655.592,647.1972594032045,682.045367439605,664.1946268915237,10634,0.8302656434600169,13.475795293821157
COPPER_SCRAP,MATCHED,2025-02,W2,2025-02-14,125,1,669.057,658.439,653.8697481176582,653.1517053881242,651.1860116654636,10648,0.7590108193652257,13.713329267449717
COPPER_SCRAP,MATCHED,2025-02,W3,2025-02-21,125,1,669.057,658.439,653.8697481176582,653.1517053881242,651.1860116654636,10667,0.7590108193652257,13.713329267449717
COPPER_SCRAP,MATCHED,2025-02,W4,2025-02-28,125,1,669.057,658.439,653.8697481176582,653.1517053881242,651.1860116654636,10680,0.7590108193652257,13.713329267449717
COPPER_SCRAP,MATCHED,2025-03,W0,2025-02-28,125,2,700.656,658.439,651.0501501269008,655.5607237976925,659.0801038984865,10680,1.5356774860318927,15.889995934116385
COPPER_SCRAP,MATCHED,2025-03,W1,2025-03-07,125,2,700.656,658.439,651.0501501269008,655.5607237976925,659.0801038984865,10701,1.5356774860318927,15.889995934116385
COPPER_SCRAP,MATCHED,2025-03,W2,2025-03-14,126,1,700.656,672.234,668.3373615759642,672.2678643222554,670.9844468068671,10720,1.5000500994082202,14.394284561443758
COPPER_SCRAP,MATCHED,2025-03,W3,2025-03-21,126,1,700.656,672.234,668.3373615759642,672.2678643222554,670.9844468068671,10728,1.5000500994082202,14.394284561443758
COPPER_SCRAP,MATCHED,2025-03,W4,2025-03-31,126,1,700.656,672.234,668.3373615759642,672.2678643222554,670.9844468068671,10741,1.5000500994082202,14.394284561443758
COPPER_SCRAP,MATCHED,2025-04,W0,2025-03-31,126,2,650.684,672.234,657.8144860621456,672.6942058510032,666.1206747761653,10741,1.5000500994082202,13.21761789477709
COPPER_SCRAP,MATCHED,2025-04,W1,2025-04-07,126,2,650.684,672.234,657.8144860621456,672.6942058510032,666.1206747761653,10763,1.5000500994082202,13.21761789477709
COPPER_SCRAP,MATCHED,2025-04,W2,2025-04-14,127,1,650.684,688.854,685.7427863605604,687.4255864602192,671.254231028475,10785,2.154741025062698,13.77158868522305
COPPER_SCRAP,MATCHED,2025-04,W3,2025-04-21,127,1,650.684,688.854,685.7427863605604,687.4255864602192,671.254231028475,10795,2.154741025062698,13.77158868522305
COPPER_SCRAP,MATCHED,2025-04,W4,2025-04-30,127,1,650.684,688.854,685.7427863605604,687.4255864602192,671.254231028475,10805,2.154741025062698,13.77158868522305
COPPER_SCRAP,MATCHED,2025-05,W0,2025-04-30,127,2,661.141,688.854,672.168413467561,687.5600055288796,675.6697320731162,10805,1.378074358396031,13.831588685223048
COPPER_SCRAP,MATCHED,2025-05,W1,2025-05-07,127,2,661.141,688.854,672.168413467561,687.5600055288796,675.6697320731162,10824,1.378074358396031,13.831588685223048
COPPER_SCRAP,MATCHED,2025-05,W2,2025-05-14,127,2,661.141,688.854,672.168413467561,687.5600055288796,675.6697320731162,10842,1.378074358396031,13.831588685223048
COPPER_SCRAP,MATCHED,2025-05,W3,2025-05-21,128,1,661.141,633.817,623.2132589247116,646.5338160105729,644.7087751699759,10862,1.901581681988876,13.595046642843158
COPPER_SCRAP,MATCHED,2025-05,W4,2025-05-31,128,1,661.141,633.817,623.2132589247116,646.5338160105729,644.7087751699759,10889,1.901581681988876,13.595046642843158
COPPER_SCRAP,MATCHED,2025-06,W0,2025-05-31,128,2,684.33,633.817,602.542840778044,640.9643493202032,638.6752017812946,10889,2.678248348655543,12.135046642843161
COPPER_SCRAP,MATCHED,2025-06,W1,2025-06-07,128,2,684.33,633.817,602.542840778044,640.9643493202032,638.6752017812946,10906,2.678248348655543,12.135046642843161
COPPER_SCRAP,MATCHED,2025-06,W2,2025-06-14,129,1,684.33,662.723,653.1119368149807,670.5988684138824,647.4546949219239,10927,2.401856643730766,11.336228000100263
COPPER_SCRAP,MATCHED,2025-06,W3,2025-06-21,129,1,684.33,662.723,653.1119368149807,670.5988684138824,647.4546949219239,10942,2.401856643730766,11.336228000100263
COPPER_SCRAP,MATCHED,2025-06,W4,2025-06-30,129,1,684.33,662.723,653.1119368149807,670.5988684138824,647.4546949219239,10956,2.401856643730766,11.336228000100263
COPPER_SCRAP,MATCHED,2025-07,W0,2025-06-30,129,2,708.808,662.723,634.7740348519983,689.5398347384363,630.6860161007039,10956,1.1435233103974327,11.092894666766929
COPPER_SCRAP,MATCHED,2025-07,W1,2025-07-07,129,2,708.808,662.723,634.7740348519983,689.5398347384363,630.6860161007039,10970,1.1435233103974327,11.092894666766929
COPPER_SCRAP,MATCHED,2025-07,W2,2025-07-14,129,2,708.808,662.723,634.7740348519983,689.5398347384363,630.6860161007039,10988,1.1435233103974327,11.092894666766929
COPPER_SCRAP,MATCHED,2025-07,W3,2025-07-21,130,1,708.808,681.057,672.2399540920169,675.1123918139652,637.6325191882731,10999,1.7740245581335952,9.339651730969557
COPPER_SCRAP,MATCHED,2025-07,W4,2025-07-31,130,1,708.808,681.057,672.2399540920169,675.1123918139652,637.6325191882731,11020,1.7740245581335952,9.339651730969557
COPPER_SCRAP,MATCHED,2025-08,W0,2025-07-31,130,2,691.96,681.057,691.4857277037307,691.4822954483859,638.7531473092821,11020,2.255691224800262,11.356318397636223
COPPER_SCRAP,MATCHED,2025-08,W1,2025-08-07,130,2,691.96,681.057,691.4857277037307,691.4822954483859,638.7531473092821,11035,2.255691224800262,11.356318397636223
COPPER_SCRAP,MATCHED,2025-08,W2,2025-08-14,131,1,691.96,706.018,705.2091458303653,713.8564291009732,715.296582931766,11057,1.5394074863481655,9.65298904175752
COPPER_SCRAP,MATCHED,2025-08,W3,2025-08-21,131,1,691.96,706.018,705.2091458303653,713.8564291009732,715.296582931766,11073,1.5394074863481655,9.65298904175752
COPPER_SCRAP,MATCHED,2025-08,W4,2025-08-31,131,1,691.96,706.018,705.2091458303653,713.8564291009732,715.296582931766,11105,1.5394074863481655,9.65298904175752
COPPER_SCRAP,MATCHED,2025-09,W0,2025-08-31,131,2,678.306,706.018,709.9847987970355,714.2861673837757,639.1712304788427,11105,3.3160741530148323,10.999655708424186
COPPER_SCRAP,MATCHED,2025-09,W1,2025-09-07,131,2,678.306,706.018,709.9847987970355,714.2861673837757,639.1712304788427,11115,3.3160741530148323,10.999655708424186
COPPER_SCRAP,MATCHED,2025-09,W2,2025-09-14,132,1,678.306,654.019,652.1145364058734,698.3109870989657,691.8960092921488,11139,3.291271869961229,11.648537883961456
COPPER_SCRAP,MATCHED,2025-09,W3,2025-09-21,132,1,678.306,654.019,652.1145364058734,698.3109870989657,691.8960092921488,11156,3.291271869961229,11.648537883961456
COPPER_SCRAP,MATCHED,2025-09,W4,2025-09-30,132,1,678.306,654.019,652.1145364058734,698.3109870989657,691.8960092921488,11177,3.291271869961229,11.648537883961456
COPPER_SCRAP,MATCHED,2025-10,W0,2025-09-30,132,2,736.02,654.019,641.0594331982859,738.055843975422,649.5902841228074,11177,0.769702856144244,10.335204550628125
COPPER_SCRAP,MATCHED,2025-10,W1,2025-10-07,132,2,736.02,654.019,641.0594331982859,738.055843975422,649.5902841228074,11197,0.769702856144244,10.335204550628125
COPPER_SCRAP,MATCHED,2025-10,W2,2025-10-14,132,2,736.02,654.019,641.0594331982859,738.055843975422,649.5902841228074,11197,0.769702856144244,10.335204550628125
COPPER_SCRAP,MATCHED,2025-10,W3,2025-10-21,132,2,736.02,654.019,641.0594331982859,738.055843975422,649.5902841228074,11199,0.769702856144244,10.335204550628125
COPPER_SCRAP,MATCHED,2025-10,W4,2025-10-31,132,2,736.02,654.019,641.0594331982859,738.055843975422,649.5902841228074,11200,0.769702856144244,10.335204550628125
COPPER_SCRAP,MATCHED,2025-11,W0,2025-10-31,131,3,752.87,654.019,638.04452625507,707.094719118161,708.798268167136,11200,1.514605203294562,9.608537883961459
COPPER_SCRAP,MATCHED,2025-11,W1,2025-11-07,131,3,752.87,654.019,638.04452625507,707.094719118161,708.798268167136,11202,1.514605203294562,9.608537883961459
COPPER_SCRAP,MATCHED,2025-11,W2,2025-11-14,131,3,752.87,654.019,638.04452625507,707.094719118161,708.798268167136,11205,1.514605203294562,9.608537883961459
COPPER_SCRAP,MATCHED,2025-11,W3,2025-11-21,131,3,752.87,654.019,638.04452625507,707.094719118161,708.798268167136,11216,1.514605203294562,9.608537883961459
COPPER_SCRAP,MATCHED,2025-11,W4,2025-11-30,133,2,752.87,683.836,670.9622693488566,741.117938598708,642.9442669166561,11230,2.915021972610559,10.493744150755756
COPPER_SCRAP,MATCHED,2025-12,W0,2025-11-30,132,3,778.209,683.836,671.4302165002612,784.94232788235,776.4503894097361,11230,5.245021972610559,13.111827922409175
COPPER_SCRAP,MATCHED,2025-12,W1,2025-12-07,132,3,778.209,683.836,671.4302165002612,784.94232788235,776.4503894097361,11244,5.245021972610559,13.111827922409175
COPPER_SCRAP,MATCHED,2025-12,W2,2025-12-14,132,3,778.209,683.836,671.4302165002612,784.94232788235,776.4503894097361,11257,5.245021972610559,13.111827922409175
COPPER_SCRAP,MATCHED,2025-12,W3,2025-12-21,132,3,778.209,683.836,671.4302165002612,784.94232788235,776.4503894097361,11273,5.245021972610559,13.111827922409175
COPPER_SCRAP,MATCHED,2025-12,W4,2025-12-31,132,3,778.209,683.836,671.4302165002612,784.94232788235,776.4503894097361,11293,5.245021972610559,13.111827922409175
COPPER_SCRAP,MATCHED,2026-01,W0,2025-12-31,131,4,827.951,683.836,665.5287495658581,754.1492392321063,750.457767368878,11293,2.674188639277226,10.89849458907584
COPPER_SCRAP,MATCHED,2026-01,W1,2026-01-07,131,4,827.951,683.836,665.5287495658581,754.1492392321063,750.457767368878,11293,2.674188639277226,10.89849458907584
COPPER_SCRAP,MATCHED,2026-01,W2,2026-01-14,131,4,827.951,683.836,665.5287495658581,754.1492392321063,750.457767368878,11293,2.674188639277226,10.89849458907584
COPPER_SCRAP,MATCHED,2026-01,W3,2026-01-21,131,4,827.951,683.836,665.5287495658581,754.1492392321063,750.457767368878,11293,2.674188639277226,10.89849458907584
COPPER_SCRAP,MATCHED,2026-01,W4,2026-01-31,131,4,827.951,683.836,665.5287495658581,754.1492392321063,750.457767368878,11293,2.674188639277226,10.89849458907584
COPPER_SCRAP,MAXIMUM,2021-12,W0,2021-11-30,86,2,649.54,647.0,623.7609097330261,623.7630495636774,624.9879435624243,8214,0.7892608319201777,7.876546492864518
COPPER_SCRAP,MAXIMUM,2021-12,W1,2021-12-07,86,2,649.54,647.0,623.7609097330261,623.7630495636774,624.9879435624243,8236,0.7892608319201777,7.876546492864518
COPPER_SCRAP,MAXIMUM,2021-12,W2,2021-12-14,88,1,649.54,651.691,640.1856620709367,646.9640446260755,646.9600302397937,8254,0.8895707561971457,7.070569030934873
COPPER_SCRAP,MAXIMUM,2021-12,W3,2021-12-21,88,1,649.54,651.691,640.1856620709367,646.9640446260755,646.9600302397937,8257,0.8895707561971457,7.070569030934873
COPPER_SCRAP,MAXIMUM,2021-12,W4,2021-12-31,88,1,649.54,651.691,640.1856620709367,646.9640446260755,646.9600302397937,8274,0.8895707561971457,7.070569030934873
COPPER_SCRAP,MAXIMUM,2022-01,W0,2021-12-31,87,2,666.758,651.691,615.5918115206995,621.7418620882719,622.8164901929717,8274,-0.06552689665253641,7.033902364268206
COPPER_SCRAP,MAXIMUM,2022-01,W1,2022-01-07,87,2,666.758,651.691,615.5918115206995,621.7418620882719,622.8164901929717,8300,-0.06552689665253641,7.033902364268206
COPPER_SCRAP,MAXIMUM,2022-01,W2,2022-01-14,89,1,666.758,649.553,638.8101304606547,642.9156060012083,642.7867011638963,8306,-0.20855070215115723,6.942685195158336
COPPER_SCRAP,MAXIMUM,2022-01,W3,2022-01-21,89,1,666.758,649.553,638.8101304606547,642.9156060012083,642.7867011638963,8312,-0.20855070215115723,6.942685195158336
COPPER_SCRAP,MAXIMUM,2022-01,W4,2022-01-31,89,1,666.758,649.553,638.8101304606547,642.9156060012083,642.7867011638963,8322,-0.20855070215115723,6.942685195158336
COPPER_SCRAP,MAXIMUM,2022-02,W0,2022-01-31,88,2,675.849,649.553,630.1674123522192,630.2453747759838,630.9419523850281,8322,0.3581159645155094,6.376018528491669
COPPER_SCRAP,MAXIMUM,2022-02,W1,2022-02-07,88,2,675.849,649.553,630.1674123522192,630.2453747759838,630.9419523850281,8347,0.3581159645155094,6.376018528491669
COPPER_SCRAP,MAXIMUM,2022-02,W2,2022-02-14,88,2,675.849,649.553,630.1674123522192,630.2453747759838,630.9419523850281,8364,0.3581159645155094,6.376018528491669
COPPER_SCRAP,MAXIMUM,2022-02,W3,2022-02-21,90,1,675.849,663.88,656.9119844636767,663.6011495509904,663.4748312921848,8373,-0.4701424652577497,6.062772998555637
COPPER_SCRAP,MAXIMUM,2022-02,W4,2022-02-28,90,1,675.849,663.88,656.9119844636767,663.6011495509904,663.4748312921848,8386,-0.4701424652577497,6.062772998555637
COPPER_SCRAP,MAXIMUM,2022-03,W0,2022-02-28,89,2,686.743,663.88,629.4469019977973,632.2812175969791,632.3902742842731,8386,0.8731908680755838,7.3394396652223035
COPPER_SCRAP,MAXIMUM,2022-03,W1,2022-03-07,89,2,686.743,663.88,629.4469019977973,632.2812175969791,632.3902742842731,8407,0.8731908680755838,7.3394396652223035
COPPER_SCRAP,MAXIMUM,2022-03,W2,2022-03-14,89,2,686.743,663.88,629.4469019977973,632.2812175969791,632.3902742842731,8424,0.8731908680755838,7.3394396652223035
COPPER_SCRAP,MAXIMUM,2022-03,W3,2022-03-21,91,1,686.743,670.573,656.556565704948,657.1185783636348,657.4727574891552,8434,0.5009590392805119,6.6924381829902435
COPPER_SCRAP,MAXIMUM,2022-03,W4,2022-03-31,91,1,686.743,670.573,656.556565704948,657.1185783636348,657.4727574891552,8447,0.5009590392805119,6.6924381829902435
COPPER_SCRAP,MAXIMUM,2022-04,W0,2022-03-31,90,2,696.886,670.573,634.1564764138824,635.9020006842676,636.9765657818073,8447,1.3286257059471787,11.063604849656912
COPPER_SCRAP,MAXIMUM,2022-04,W1,2022-04-07,90,2,696.886,670.573,634.1564764138824,635.9020006842676,636.9765657818073,8465,1.3286257059471787,11.063604849656912
COPPER_SCRAP,MAXIMUM,2022-04,W2,2022-04-14,92,1,696.886,682.145,674.0318357820763,677.9572522301844,678.4328115947515,8485,2.247034081548021,11.693074471784113
COPPER_SCRAP,MAXIMUM,2022-04,W3,2022-04-21,92,1,696.886,682.145,674.0318357820763,677.9572522301844,678.4328115947515,8490,2.247034081548021,11.693074471784113
COPPER_SCRAP,MAXIMUM,2022-04,W4,2022-04-30,92,1,696.886,682.145,674.0318357820763,677.9572522301844,678.4328115947515,8495,2.247034081548021,11.693074471784113
COPPER_SCRAP,MAXIMUM,2022-05,W0,2022-04-30,91,2,645.087,682.145,642.9101889849037,644.1335911136152,644.8679185810955,8495,1.419367414881354,9.510915610293257
COPPER_SCRAP,MAXIMUM,2022-05,W1,2022-05-07,91,2,645.087,682.145,642.9101889849037,644.1335911136152,644.8679185810955,8511,1.419367414881354,9.510915610293257
COPPER_SCRAP,MAXIMUM,2022-05,W2,2022-05-14,93,1,645.087,703.917,693.7463976634185,700.0776401579109,700.5644114377254,8524,3.005201587978131,13.720635559137193
COPPER_SCRAP,MAXIMUM,2022-05,W3,2022-05-21,93,1,645.087,703.917,693.7463976634185,700.0776401579109,700.5644114377254,8536,3.005201587978131,13.720635559137193
COPPER_SCRAP,MAXIMUM,2022-05,W4,2022-05-31,93,1,645.087,703.917,693.7463976634185,700.0776401579109,700.5644114377254,8547,3.005201587978131,13.720635559137193
COPPER_SCRAP,MAXIMUM,2022-06,W0,2022-05-31,92,2,627.662,703.917,697.5063516645605,699.3936286808619,699.8295598359143,8547,2.2285349213114642,13.783968892470526
COPPER_SCRAP,MAXIMUM,2022-06,W1,2022-06-07,92,2,627.662,703.917,697.5063516645605,699.3936286808619,699.8295598359143,8579,2.2285349213114642,13.783968892470526
COPPER_SCRAP,MAXIMUM,2022-06,W2,2022-06-14,94,1,627.662,647.628,644.9691756627738,645.9543326472325,645.8044537143716,8601,2.8866780102573895,15.48894843244085
COPPER_SCRAP,MAXIMUM,2022-06,W3,2022-06-21,94,1,627.662,647.628,644.9691756627738,645.9543326472325,645.8044537143716,8606,2.8866780102573895,15.48894843244085
COPPER_SCRAP,MAXIMUM,2022-06,W4,2022-06-30,94,1,627.662,647.628,644.9691756627738,645.9543326472325,645.8044537143716,8619,2.8866780102573895,15.48894843244085
COPPER_SCRAP,MAXIMUM,2022-07,W0,2022-06-30,93,2,532.319,647.628,639.9286068565041,644.7795286783681,645.0456123427689,8619,3.3020946769240562,15.425615099107517
COPPER_SCRAP,MAXIMUM,2022-07,W1,2022-07-07,93,2,532.319,647.628,639.9286068565041,644.7795286783681,645.0456123427689,8636,3.3020946769240562,15.425615099107517
COPPER_SCRAP,MAXIMUM,2022-07,W2,2022-07-14,95,1,532.319,627.124,617.0892960289121,611.7064022265267,611.7816104215814,8646,3.2043366738833643,16.76082017787907
COPPER_SCRAP,MAXIMUM,2022-07,W3,2022-07-21,95,1,532.319,627.124,617.0892960289121,611.7064022265267,611.7816104215814,8655,3.2043366738833643,16.76082017787907
COPPER_SCRAP,MAXIMUM,2022-07,W4,2022-07-31,95,1,532.319,627.124,617.0892960289121,611.7064022265267,611.7816104215814,8664,3.2043366738833643,16.76082017787907
COPPER_SCRAP,MAXIMUM,2022-08,W0,2022-07-31,94,2,548.367,627.124,616.6927338662375,616.5208307933342,616.3030961270114,8664,3.1770952355461124,13.74082017787907
COPPER_SCRAP,MAXIMUM,2022-08,W1,2022-08-07,94,2,548.367,627.124,616.6927338662375,616.5208307933342,616.3030961270114,8689,3.1770952355461124,13.74082017787907
COPPER_SCRAP,MAXIMUM,2022-08,W2,2022-08-14,96,1,548.367,574.332,567.6678608759971,553.5473773248985,553.0750556190105,8696,3.4301990300106535,14.847632224109653
COPPER_SCRAP,MAXIMUM,2022-08,W3,2022-08-21,96,1,548.367,574.332,567.6678608759971,553.5473773248985,553.0750556190105,8703,3.4301990300106535,14.847632224109653
COPPER_SCRAP,MAXIMUM,2022-08,W4,2022-08-31,96,1,548.367,574.332,567.6678608759971,553.5473773248985,553.0750556190105,8727,3.4301990300106535,14.847632224109653
COPPER_SCRAP,MAXIMUM,2022-09,W0,2022-08-31,95,2,554.965,574.332,562.0740118640423,539.4599226498984,542.8105667938795,8727,3.0668656966773202,18.464298890776327
COPPER_SCRAP,MAXIMUM,2022-09,W1,2022-09-07,95,2,554.965,574.332,562.0740118640423,539.4599226498984,542.8105667938795,8746,3.0668656966773202,18.464298890776327
COPPER_SCRAP,MAXIMUM,2022-09,W2,2022-09-14,97,1,554.965,550.329,534.3227478218674,516.1710607633767,515.5587419608288,8778,3.234639269184285,16.995649063759327
COPPER_SCRAP,MAXIMUM,2022-09,W3,2022-09-21,97,1,554.965,550.329,534.3227478218674,516.1710607633767,515.5587419608288,8790,3.234639269184285,16.995649063759327
COPPER_SCRAP,MAXIMUM,2022-09,W4,2022-09-30,97,1,554.965,550.329,534.3227478218674,516.1710607633767,515.5587419608288,8816,3.234639269184285,16.995649063759327
COPPER_SCRAP,MAXIMUM,2022-10,W0,2022-09-30,96,2,539.245,550.329,543.8123485515172,505.84464884043734,493.497768504454,8816,3.234639269184285,19.006592792189842
COPPER_SCRAP,MAXIMUM,2022-10,W1,2022-10-07,96,2,539.245,550.329,543.8123485515172,505.84464884043734,493.497768504454,8830,3.234639269184285,19.006592792189842
COPPER_SCRAP,MAXIMUM,2022-10,W2,2022-10-14,98,1,539.245,556.301,569.5316500409144,568.5813869280043,567.7761748707001,8844,2.9757634219449667,20.449192384980588
COPPER_SCRAP,MAXIMUM,2022-10,W3,2022-10-21,98,1,539.245,556.301,569.5316500409144,568.5813869280043,567.7761748707001,8857,2.9757634219449667,20.449192384980588
COPPER_SCRAP,MAXIMUM,2022-10,W4,2022-10-31,98,1,539.245,556.301,569.5316500409144,568.5813869280043,567.7761748707001,8874,2.9757634219449667,20.449192384980588
COPPER_SCRAP,MAXIMUM,2022-11,W0,2022-10-31,97,2,588.507,556.301,569.6401291751341,560.7798403296757,559.8679451538293,8874,2.4090967552783003,18.878067604140625
COPPER_SCRAP,MAXIMUM,2022-11,W1,2022-11-07,97,2,588.507,556.301,569.6401291751341,560.7798403296757,559.8679451538293,8892,2.4090967552783003,18.878067604140625
COPPER_SCRAP,MAXIMUM,2022-11,W2,2022-11-14,97,2,588.507,556.301,569.6401291751341,560.7798403296757,559.8679451538293,8896,2.4090967552783003,18.878067604140625
COPPER_SCRAP,MAXIMUM,2022-11,W3,2022-11-21,99,1,588.507,538.946,523.0145522721409,515.9703376399556,519.0496630230389,8907,2.1952998541611874,21.47851908258314
COPPER_SCRAP,MAXIMUM,2022-11,W4,2022-11-30,99,1,588.507,538.946,523.0145522721409,515.9703376399556,519.0496630230389,8915,2.1952998541611874,21.47851908258314
COPPER_SCRAP,MAXIMUM,2022-12,W0,2022-11-30,98,2,600.617,538.946,500.08948201519047,499.524576566189,498.72257455838763,8915,2.6040140341994134,17.185185749249797
COPPER_SCRAP,MAXIMUM,2022-12,W1,2022-12-07,98,2,600.617,538.946,500.08948201519047,499.524576566189,498.72257455838763,8939,2.6040140341994134,17.185185749249797
COPPER_SCRAP,MAXIMUM,2022-12,W2,2022-12-14,100,1,600.617,591.179,578.4524416843171,580.0521956641905,579.903263231291,8948,1.9710757074757645,18.20022602499398
COPPER_SCRAP,MAXIMUM,2022-12,W3,2022-12-21,100,1,600.617,591.179,578.4524416843171,580.0521956641905,579.903263231291,8964,1.9710757074757645,18.20022602499398
COPPER_SCRAP,MAXIMUM,2022-12,W4,2022-12-31,100,1,600.617,591.179,578.4524416843171,580.0521956641905,579.903263231291,8996,1.9710757074757645,18.20022602499398
COPPER_SCRAP,MAXIMUM,2023-01,W0,2022-12-31,99,2,617.438,591.179,560.0148591192022,560.2928043675477,560.4784419214152,8996,1.5708602143842567,23.033559358327327
COPPER_SCRAP,MAXIMUM,2023-01,W1,2023-01-07,99,2,617.438,591.179,560.0148591192022,560.2928043675477,560.4784419214152,9008,1.5708602143842567,23.033559358327327
COPPER_SCRAP,MAXIMUM,2023-01,W2,2023-01-14,99,2,617.438,591.179,560.0148591192022,560.2928043675477,560.4784419214152,9023,1.5708602143842567,23.033559358327327
COPPER_SCRAP,MAXIMUM,2023-01,W3,2023-01-21,101,1,617.438,600.084,580.4812881540328,584.0072125968932,584.5857726212977,9028,1.3649449986797773,20.31899858688324
COPPER_SCRAP,MAXIMUM,2023-01,W4,2023-01-31,101,1,617.438,600.084,580.4812881540328,584.0072125968932,584.5857726212977,9036,1.3649449986797773,20.31899858688324
COPPER_SCRAP,MAXIMUM,2023-02,W0,2023-01-31,100,2,622.791,600.084,559.3442395409047,559.4399892556775,559.4676700208709,9036,2.6582783320131105,18.3456652535499
COPPER_SCRAP,MAXIMUM,2023-02,W1,2023-02-07,100,2,622.791,600.084,559.3442395409047,559.4399892556775,559.4676700208709,9059,2.6582783320131105,18.3456652535499
COPPER_SCRAP,MAXIMUM,2023-02,W2,2023-02-14,100,2,622.791,600.084,559.3442395409047,559.4399892556775,559.4676700208709,9075,2.6582783320131105,18.3456652535499
COPPER_SCRAP,MAXIMUM,2023-02,W3,2023-02-21,102,1,622.791,618.359,603.717109765146,616.6830954098615,608.0558052228056,9086,2.2128172715854335,19.681800266384382
COPPER_SCRAP,MAXIMUM,2023-02,W4,2023-02-28,102,1,622.791,618.359,603.717109765146,616.6830954098615,608.0558052228056,9100,2.2128172715854335,19.681800266384382
COPPER_SCRAP,MAXIMUM,2023-03,W0,2023-02-28,101,2,624.212,618.359,574.5301623592782,574.5368759112329,580.7722757282838,9100,1.4861506049187667,21.30962579454191
COPPER_SCRAP,MAXIMUM,2023-03,W1,2023-03-07,101,2,624.212,618.359,574.5301623592782,574.5368759112329,580.7722757282838,9127,1.4861506049187667,21.30962579454191
COPPER_SCRAP,MAXIMUM,2023-03,W2,2023-03-14,101,2,624.212,618.359,574.5301623592782,574.5368759112329,580.7722757282838,9146,1.4861506049187667,21.30962579454191
COPPER_SCRAP,MAXIMUM,2023-03,W3,2023-03-21,103,1,624.212,626.528,611.3623534407527,613.9075257523534,614.1742180928795,9153,2.13057070227712,20.913407588382167
COPPER_SCRAP,MAXIMUM,2023-03,W4,2023-03-31,103,1,624.212,626.528,611.3623534407527,613.9075257523534,614.1742180928795,9165,2.13057070227712,20.913407588382167
COPPER_SCRAP,MAXIMUM,2023-04,W0,2023-03-31,102,2,621.739,626.528,593.0536051922904,593.0201567817642,593.5536782651349,9165,2.140416720325202,18.515797193284985
COPPER_SCRAP,MAXIMUM,2023-04,W1,2023-04-07,102,2,621.739,626.528,593.0536051922904,593.0201567817642,593.5536782651349,9192,2.140416720325202,18.515797193284985
COPPER_SCRAP,MAXIMUM,2023-04,W2,2023-04-14,104,1,621.739,625.646,609.2707955308277,615.6667657706121,616.0078314303737,9210,2.0827663490915,19.387209803618884
COPPER_SCRAP,MAXIMUM,2023-04,W3,2023-04-21,104,1,621.739,625.646,609.2707955308277,615.6667657706121,616.0078314303737,9222,2.0827663490915,19.387209803618884
COPPER_SCRAP,MAXIMUM,2023-04,W4,2023-04-30,104,1,621.739,625.646,609.2707955308277,615.6667657706121,616.0078314303737,9226,2.0827663490915,19.387209803618884
COPPER_SCRAP,MAXIMUM,2023-05,W0,2023-04-30,103,2,604.814,625.646,608.4630283372323,608.4470115874718,608.8681813544658,9226,2.044337179114826,19.92054313695222
COPPER_SCRAP,MAXIMUM,2023-05,W1,2023-05-07,103,2,604.814,625.646,608.4630283372323,608.4470115874718,608.8681813544658,9245,2.044337179114826,19.92054313695222
COPPER_SCRAP,MAXIMUM,2023-05,W2,2023-05-14,105,1,604.814,628.942,619.7732196793867,618.7156318187867,620.1668384261702,9255,1.9502196960948588,18.66356434529254
COPPER_SCRAP,MAXIMUM,2023-05,W3,2023-05-21,105,1,604.814,628.942,619.7732196793867,618.7156318187867,620.1668384261702,9271,1.9502196960948588,18.66356434529254
COPPER_SCRAP,MAXIMUM,2023-05,W4,2023-05-31,105,1,604.814,628.942,619.7732196793867,618.7156318187867,620.1668384261702,9287,1.9502196960948588,18.66356434529254
COPPER_SCRAP,MAXIMUM,2023-06,W0,2023-05-31,104,2,607.693,628.942,612.4525501811992,619.715404825593,613.8557798732944,9287,1.6202685225196998,20.243564345292544
COPPER_SCRAP,MAXIMUM,2023-06,W1,2023-06-07,104,2,607.693,628.942,612.4525501811992,619.715404825593,613.8557798732944,9316,1.6202685225196998,20.243564345292544
COPPER_SCRAP,MAXIMUM,2023-06,W2,2023-06-14,106,1,607.693,598.975,584.9724841399989,584.9942897215525,586.097118399933,9331,1.3430370645022225,19.928352259150056
COPPER_SCRAP,MAXIMUM,2023-06,W3,2023-06-21,106,1,607.693,598.975,584.9724841399989,584.9942897215525,586.097118399933,9340,1.3430370645022225,19.928352259150056
COPPER_SCRAP,MAXIMUM,2023-06,W4,2023-06-30,106,1,607.693,598.975,584.9724841399989,584.9942897215525,586.097118399933,9360,1.3430370645022225,19.928352259150056
COPPER_SCRAP,MAXIMUM,2023-07,W0,2023-06-30,105,2,607.231,598.975,590.837594529701,600.231463376925,600.135580944988,9360,1.6561203978355559,19.447018925816717
COPPER_SCRAP,MAXIMUM,2023-07,W1,2023-07-07,105,2,607.231,598.975,590.837594529701,600.231463376925,600.135580944988,9379,1.6561203978355559,19.447018925816717
COPPER_SCRAP,MAXIMUM,2023-07,W2,2023-07-14,107,1,607.231,600.607,600.6638641322613,585.2762259180663,603.6901091493422,9397,1.2143205685361205,19.28838670631665
COPPER_SCRAP,MAXIMUM,2023-07,W3,2023-07-21,107,1,607.231,600.607,600.6638641322613,585.2762259180663,603.6901091493422,9406,1.2143205685361205,19.28838670631665
COPPER_SCRAP,MAXIMUM,2023-07,W4,2023-07-31,107,1,607.231,600.607,600.6638641322613,585.2762259180663,603.6901091493422,9417,1.2143205685361205,19.28838670631665
COPPER_SCRAP,MAXIMUM,2023-08,W0,2023-07-31,106,2,602.917,600.607,592.9113519271461,585.1190917382849,586.916100574899,9417,0.6958205685361205,17.459084593686562
COPPER_SCRAP,MAXIMUM,2023-08,W1,2023-08-07,106,2,602.917,600.607,592.9113519271461,585.1190917382849,586.916100574899,9441,0.6958205685361205,17.459084593686562
COPPER_SCRAP,MAXIMUM,2023-08,W2,2023-08-14,108,1,602.917,606.549,601.9239538829977,590.2040107981865,602.913712618868,9452,0.6479912055946238,16.63687005060723
COPPER_SCRAP,MAXIMUM,2023-08,W3,2023-08-21,108,1,602.917,606.549,601.9239538829977,590.2040107981865,602.913712618868,9462,0.6479912055946238,16.63687005060723
COPPER_SCRAP,MAXIMUM,2023-08,W4,2023-08-31,108,1,602.917,606.549,601.9239538829977,590.2040107981865,602.913712618868,9480,0.6479912055946238,16.63687005060723
COPPER_SCRAP,MAXIMUM,2023-09,W0,2023-08-31,107,2,599.074,606.549,597.7283066163529,585.9820255457179,587.5329231930548,9480,1.2146578722612904,17.43687005060723
COPPER_SCRAP,MAXIMUM,2023-09,W1,2023-09-07,107,2,599.074,606.549,597.7283066163529,585.9820255457179,587.5329231930548,9504,1.2146578722612904,17.43687005060723
COPPER_SCRAP,MAXIMUM,2023-09,W2,2023-09-14,109,1,599.074,600.347,595.5868957260373,595.0237099383564,595.8327949950447,9523,0.8145850974343811,15.530351973840707
COPPER_SCRAP,MAXIMUM,2023-09,W3,2023-09-21,109,1,599.074,600.347,595.5868957260373,595.0237099383564,595.8327949950447,9529,0.8145850974343811,15.530351973840707
COPPER_SCRAP,MAXIMUM,2023-09,W4,2023-09-30,109,1,599.074,600.347,595.5868957260373,595.0237099383564,595.8327949950447,9548,0.8145850974343811,15.530351973840707
COPPER_SCRAP,MAXIMUM,2023-10,W0,2023-09-30,108,2,583.059,600.347,590.1007911566082,583.192829055387,582.8737042885931,9548,2.0779184307677143,17.882185307174037
COPPER_SCRAP,MAXIMUM,2023-10,W1,2023-10-07,108,2,583.059,600.347,590.1007911566082,583.192829055387,582.8737042885931,9572,2.0779184307677143,17.882185307174037
COPPER_SCRAP,MAXIMUM,2023-10,W2,2023-10-14,110,1,583.059,597.798,593.9328485832942,593.9441645323903,593.83209504887,9583,1.9939459284770142,17.44868949376522
COPPER_SCRAP,MAXIMUM,2023-10,W3,2023-10-21,110,1,583.059,597.798,593.9328485832942,593.9441645323903,593.83209504887,9588,1.9939459284770142,17.44868949376522
COPPER_SCRAP,MAXIMUM,2023-10,W4,2023-10-31,110,1,583.059,597.798,593.9328485832942,593.9441645323903,593.83209504887,9602,1.9939459284770142,17.44868949376522
COPPER_SCRAP,MAXIMUM,2023-11,W0,2023-10-31,109,2,585.86,597.798,573.3374135225702,598.1512381812485,600.1049499117329,9602,0.730612595143681,15.097780193954282
COPPER_SCRAP,MAXIMUM,2023-11,W1,2023-11-07,109,2,585.86,597.798,573.3374135225702,598.1512381812485,600.1049499117329,9627,0.730612595143681,15.097780193954282
COPPER_SCRAP,MAXIMUM,2023-11,W2,2023-11-14,109,2,585.86,597.798,573.3374135225702,598.1512381812485,600.1049499117329,9644,0.730612595143681,15.097780193954282
COPPER_SCRAP,MAXIMUM,2023-11,W3,2023-11-21,111,1,585.86,578.459,564.0950867478954,564.1354297061563,564.8098147230957,9657,1.8596758203243176,16.244272233148173
COPPER_SCRAP,MAXIMUM,2023-11,W4,2023-11-30,111,1,585.86,578.459,564.0950867478954,564.1354297061563,564.8098147230957,9674,1.8596758203243176,16.244272233148173
COPPER_SCRAP,MAXIMUM,2023-12,W0,2023-11-30,110,2,596.211,578.459,545.8397898007497,545.9535968498985,552.8801465527614,9674,1.8596758203243176,15.219239337271038
COPPER_SCRAP,MAXIMUM,2023-12,W1,2023-12-07,110,2,596.211,578.459,545.8397898007497,545.9535968498985,552.8801465527614,9701,1.8596758203243176,15.219239337271038
COPPER_SCRAP,MAXIMUM,2023-12,W2,2023-12-14,112,1,596.211,586.701,574.762061210211,590.884307783439,583.3645532484586,9720,1.6904737122954883,14.604253606406889
COPPER_SCRAP,MAXIMUM,2023-12,W3,2023-12-21,112,1,596.211,586.701,574.762061210211,590.884307783439,583.3645532484586,9727,1.6904737122954883,14.604253606406889
COPPER_SCRAP,MAXIMUM,2023-12,W4,2023-12-31,112,1,596.211,586.701,574.762061210211,590.884307783439,583.3645532484586,9743,1.6904737122954883,14.604253606406889
COPPER_SCRAP,MAXIMUM,2024-01,W0,2023-12-31,111,2,593.74,586.701,562.346195503335,594.0380516967873,593.3858141377463,9743,1.9125782547551151,20.079691482199856
COPPER_SCRAP,MAXIMUM,2024-01,W1,2024-01-07,111,2,593.74,586.701,562.346195503335,594.0380516967873,593.3858141377463,9757,1.9125782547551151,20.079691482199856
COPPER_SCRAP,MAXIMUM,2024-01,W2,2024-01-14,113,1,593.74,612.757,604.9926856795946,612.2517965252616,615.3970752569122,9770,1.777260789231189,18.48603007653561
COPPER_SCRAP,MAXIMUM,2024-01,W3,2024-01-21,113,1,593.74,612.757,604.9926856795946,612.2517965252616,615.3970752569122,9778,1.777260789231189,18.48603007653561
COPPER_SCRAP,MAXIMUM,2024-01,W4,2024-01-31,113,1,593.74,612.757,604.9926856795946,612.2517965252616,615.3970752569122,9788,1.777260789231189,18.48603007653561
COPPER_SCRAP,MAXIMUM,2024-02,W0,2024-01-31,112,2,603.118,612.757,600.8451854660079,607.6173353214344,616.3808824052809,9788,0.9131774558978558,13.501946743202273
COPPER_SCRAP,MAXIMUM,2024-02,W1,2024-02-07,112,2,603.118,612.757,600.8451854660079,607.6173353214344,616.3808824052809,9813,0.9131774558978558,13.501946743202273
COPPER_SCRAP,MAXIMUM,2024-02,W2,2024-02-14,112,2,603.118,612.757,600.8451854660079,607.6173353214344,616.3808824052809,9824,0.9131774558978558,13.501946743202273
COPPER_SCRAP,MAXIMUM,2024-02,W3,2024-02-21,114,1,603.118,591.522,582.2300174427958,587.7807059608075,591.2254004679315,9830,1.071389293357986,16.978729721645465
COPPER_SCRAP,MAXIMUM,2024-02,W4,2024-02-29,114,1,603.118,591.522,582.2300174427958,587.7807059608075,591.2254004679315,9845,1.071389293357986,16.978729721645465
COPPER_SCRAP,MAXIMUM,2024-03,W0,2024-02-29,113,2,627.739,591.522,567.654958090926,587.7875162081166,588.4956613521355,9845,1.6380559600246527,16.522063054978798
COPPER_SCRAP,MAXIMUM,2024-03,W1,2024-03-07,113,2,627.739,591.522,567.654958090926,587.7875162081166,588.4956613521355,9865,1.6380559600246527,16.522063054978798
COPPER_SCRAP,MAXIMUM,2024-03,W2,2024-03-14,115,1,627.739,607.695,599.703896155751,599.4546095855972,602.6957114309727,9881,1.022271985535182,15.088108255593564
COPPER_SCRAP,MAXIMUM,2024-03,W3,2024-03-21,115,1,627.739,607.695,599.703896155751,599.4546095855972,602.6957114309727,9892,1.022271985535182,15.088108255593564
COPPER_SCRAP,MAXIMUM,2024-03,W4,2024-03-31,115,1,627.739,607.695,599.703896155751,599.4546095855972,602.6957114309727,9900,1.022271985535182,15.088108255593564
COPPER_SCRAP,MAXIMUM,2024-04,W0,2024-03-31,114,2,665.994,607.695,588.4029415661626,586.6577339358298,594.23528667255,9900,1.022271985535182,13.378108255593565
COPPER_SCRAP,MAXIMUM,2024-04,W1,2024-04-07,114,2,665.994,607.695,588.4029415661626,586.6577339358298,594.23528667255,9920,1.022271985535182,13.378108255593565
COPPER_SCRAP,MAXIMUM,2024-04,W2,2024-04-14,116,1,665.994,635.23,633.1528978648722,627.3800890192883,631.6695437688697,9933,0.9099589209145716,11.824951235873465
COPPER_SCRAP,MAXIMUM,2024-04,W3,2024-04-21,116,1,665.994,635.23,633.1528978648722,627.3800890192883,631.6695437688697,9945,0.9099589209145716,11.824951235873465
COPPER_SCRAP,MAXIMUM,2024-04,W4,2024-04-30,116,1,665.994,635.23,633.1528978648722,627.3800890192883,631.6695437688697,9969,0.9099589209145716,11.824951235873465
COPPER_SCRAP,MAXIMUM,2024-05,W0,2024-04-30,115,2,716.708,635.23,636.6299382930232,625.0880953363412,623.4827727815497,9969,1.352250587581238,15.770992902540131
COPPER_SCRAP,MAXIMUM,2024-05,W1,2024-05-07,115,2,716.708,635.23,636.6299382930232,625.0880953363412,623.4827727815497,9994,1.352250587581238,15.770992902540131
COPPER_SCRAP,MAXIMUM,2024-05,W2,2024-05-14,117,1,716.708,664.851,673.7505062340092,658.7826162005856,661.8663075698221,10004,1.0397167400066325,13.15733414161102
COPPER_SCRAP,MAXIMUM,2024-05,W3,2024-05-21,117,1,716.708,664.851,673.7505062340092,658.7826162005856,661.8663075698221,10020,1.0397167400066325,13.15733414161102
COPPER_SCRAP,MAXIMUM,2024-05,W4,2024-05-31,117,1,716.708,664.851,673.7505062340092,658.7826162005856,661.8663075698221,10042,1.0397167400066325,13.15733414161102
COPPER_SCRAP,MAXIMUM,2024-06,W0,2024-05-31,116,2,682.783,664.851,677.9498629097184,659.7508317896334,678.9139728807306,10042,0.000870770375245522,11.5758618089991
COPPER_SCRAP,MAXIMUM,2024-06,W1,2024-06-07,116,2,682.783,664.851,677.9498629097184,659.7508317896334,678.9139728807306,10076,0.000870770375245522,11.5758618089991
COPPER_SCRAP,MAXIMUM,2024-06,W2,2024-06-14,118,1,682.783,731.154,760.4308281854853,734.5106458714536,733.0082428240956,10100,0.22850070198711947,13.285560000580078
COPPER_SCRAP,MAXIMUM,2024-06,W3,2024-06-21,118,1,682.783,731.154,760.4308281854853,734.5106458714536,733.0082428240956,10106,0.22850070198711947,13.285560000580078
COPPER_SCRAP,MAXIMUM,2024-06,W4,2024-06-30,118,1,682.783,731.154,760.4308281854853,734.5106458714536,733.0082428240956,10114,0.22850070198711947,13.285560000580078
COPPER_SCRAP,MAXIMUM,2024-07,W0,2024-06-30,117,2,697.568,731.154,777.3223669543465,710.7537231040941,719.1966348765591,10114,1.521834035320453,12.38556000058008
COPPER_SCRAP,MAXIMUM,2024-07,W1,2024-07-07,117,2,697.568,731.154,777.3223669543465,710.7537231040941,719.1966348765591,10132,1.521834035320453,12.38556000058008
COPPER_SCRAP,MAXIMUM,2024-07,W2,2024-07-14,119,1,697.568,682.481,684.2834055063814,678.7155154640141,682.4437711030836,10142,1.0014331260329725,12.570785468653483
COPPER_SCRAP,MAXIMUM,2024-07,W3,2024-07-21,119,1,697.568,682.481,684.2834055063814,678.7155154640141,682.4437711030836,10154,1.0014331260329725,12.570785468653483
COPPER_SCRAP,MAXIMUM,2024-07,W4,2024-07-31,119,1,697.568,682.481,684.2834055063814,678.7155154640141,682.4437711030836,10165,1.0014331260329725,12.570785468653483
COPPER_SCRAP,MAXIMUM,2024-08,W0,2024-07-31,118,2,634.606,682.481,685.7624850525863,678.129340853025,699.778919646637,10165,0.27476645936630584,11.310785468653483
COPPER_SCRAP,MAXIMUM,2024-08,W1,2024-08-07,118,2,634.606,682.481,685.7624850525863,678.129340853025,699.778919646637,10178,0.27476645936630584,11.310785468653483
COPPER_SCRAP,MAXIMUM,2024-08,W2,2024-08-14,120,1,634.606,703.244,703.5029900636304,692.5612587419206,695.2072477142133,10208,0.8535470020139913,10.311315472437915
COPPER_SCRAP,MAXIMUM,2024-08,W3,2024-08-21,120,1,634.606,703.244,703.5029900636304,692.5612587419206,695.2072477142133,10230,0.8535470020139913,10.311315472437915
COPPER_SCRAP,MAXIMUM,2024-08,W4,2024-08-31,120,1,634.606,703.244,703.5029900636304,692.5612587419206,695.2072477142133,10248,0.8535470020139913,10.311315472437915
COPPER_SCRAP,MAXIMUM,2024-09,W0,2024-08-31,119,2,639.548,703.244,702.9406150466376,696.3069300602783,687.2254489298776,10248,0.9045470020139912,16.644494775402638
COPPER_SCRAP,MAXIMUM,2024-09,W1,2024-09-07,119,2,639.548,703.244,702.9406150466376,696.3069300602783,687.2254489298776,10262,0.9045470020139912,16.644494775402638
COPPER_SCRAP,MAXIMUM,2024-09,W2,2024-09-14,121,1,639.548,639.757,638.4049229932998,638.0524856055407,639.42691049846,10292,0.8353618455206864,15.020200156253974
COPPER_SCRAP,MAXIMUM,2024-09,W3,2024-09-21,121,1,639.548,639.757,638.4049229932998,638.0524856055407,639.42691049846,10303,0.8353618455206864,15.020200156253974
COPPER_SCRAP,MAXIMUM,2024-09,W4,2024-09-30,121,1,639.548,639.757,638.4049229932998,638.0524856055407,639.42691049846,10323,0.8353618455206864,15.020200156253974
COPPER_SCRAP,MAXIMUM,2024-10,W0,2024-09-30,120,2,664.003,639.757,631.892448808667,648.2034328184249,652.2429959963807,10323,1.511028512187353,13.459965687305735
COPPER_SCRAP,MAXIMUM,2024-10,W1,2024-10-07,120,2,664.003,639.757,631.892448808667,648.2034328184249,652.2429959963807,10337,1.511028512187353,13.459965687305735
COPPER_SCRAP,MAXIMUM,2024-10,W2,2024-10-14,122,1,664.003,639.856,627.5016853785917,627.572053487819,631.4448505523004,10353,1.527169676987713,17.154347231385163
COPPER_SCRAP,MAXIMUM,2024-10,W3,2024-10-21,122,1,664.003,639.856,627.5016853785917,627.572053487819,631.4448505523004,10370,1.527169676987713,17.154347231385163
COPPER_SCRAP,MAXIMUM,2024-10,W4,2024-10-31,122,1,664.003,639.856,627.5016853785917,627.572053487819,631.4448505523004,10388,1.527169676987713,17.154347231385163
COPPER_SCRAP,MAXIMUM,2024-11,W0,2024-10-31,121,2,642.581,639.856,633.7390302672147,662.3691039439992,671.4357668532795,10388,0.23383634365437955,14.738389117211872
COPPER_SCRAP,MAXIMUM,2024-11,W1,2024-11-07,121,2,642.581,639.856,633.7390302672147,662.3691039439992,671.4357668532795,10409,0.23383634365437955,14.738389117211872
COPPER_SCRAP,MAXIMUM,2024-11,W2,2024-11-14,123,1,642.581,669.612,679.6661623322457,679.7450918519501,673.7043459502077,10444,0.8175131494300143,16.268338894663
COPPER_SCRAP,MAXIMUM,2024-11,W3,2024-11-21,123,1,642.581,669.612,679.6661623322457,679.7450918519501,673.7043459502077,10467,0.8175131494300143,16.268338894663
COPPER_SCRAP,MAXIMUM,2024-11,W4,2024-11-30,123,1,642.581,669.612,679.6661623322457,679.7450918519501,673.7043459502077,10481,0.8175131494300143,16.268338894663
COPPER_SCRAP,MAXIMUM,2024-12,W0,2024-11-30,122,2,650.009,669.612,701.0090992907316,688.6926560683825,689.0702053583009,10481,1.384179816096681,15.818338894662999
COPPER_SCRAP,MAXIMUM,2024-12,W1,2024-12-07,122,2,650.009,669.612,701.0090992907316,688.6926560683825,689.0702053583009,10499,1.384179816096681,15.818338894662999
COPPER_SCRAP,MAXIMUM,2024-12,W2,2024-12-14,124,1,650.009,642.098,645.0834273153035,654.3240970466171,657.7584629950015,10524,0.8627342848632278,15.23157174738196
COPPER_SCRAP,MAXIMUM,2024-12,W3,2024-12-21,124,1,650.009,642.098,645.0834273153035,654.3240970466171,657.7584629950015,10545,0.8627342848632278,15.23157174738196
COPPER_SCRAP,MAXIMUM,2024-12,W4,2024-12-31,124,1,650.009,642.098,645.0834273153035,654.3240970466171,657.7584629950015,10564,0.8627342848632278,15.23157174738196
COPPER_SCRAP,MAXIMUM,2025-01,W0,2024-12-31,123,2,653.567,642.098,640.4596250881282,669.9118206314945,675.0426522591267,10564,0.8627342848632278,16.18157174738196
COPPER_SCRAP,MAXIMUM,2025-01,W1,2025-01-07,123,2,653.567,642.098,640.4596250881282,669.9118206314945,675.0426522591267,10575,0.8627342848632278,16.18157174738196
COPPER_SCRAP,MAXIMUM,2025-01,W2,2025-01-14,125,1,653.567,655.592,653.2903125238304,669.2668204624388,673.6389464732451,10588,0.8302656434600169,15.382461960487824
COPPER_SCRAP,MAXIMUM,2025-01,W3,2025-01-21,125,1,653.567,655.592,653.2903125238304,669.2668204624388,673.6389464732451,10596,0.8302656434600169,15.382461960487824
COPPER_SCRAP,MAXIMUM,2025-01,W4,2025-01-31,125,1,653.567,655.592,653.2903125238304,669.2668204624388,673.6389464732451,10622,0.8302656434600169,15.382461960487824
COPPER_SCRAP,MAXIMUM,2025-02,W0,2025-01-31,124,2,669.057,655.592,647.1972594032045,682.045367439605,664.1946268915237,10622,0.8302656434600169,13.475795293821157
COPPER_SCRAP,MAXIMUM,2025-02,W1,2025-02-07,124,2,669.057,655.592,647.1972594032045,682.045367439605,664.1946268915237,10634,0.8302656434600169,13.475795293821157
COPPER_SCRAP,MAXIMUM,2025-02,W2,2025-02-14,126,1,669.057,658.439,653.8763879413173,652.9554756549824,659.4316157424473,10648,0.7590108193652257,13.713329267449717
COPPER_SCRAP,MAXIMUM,2025-02,W3,2025-02-21,126,1,669.057,658.439,653.8763879413173,652.9554756549824,659.4316157424473,10667,0.7590108193652257,13.713329267449717
COPPER_SCRAP,MAXIMUM,2025-02,W4,2025-02-28,126,1,669.057,658.439,653.8763879413173,652.9554756549824,659.4316157424473,10680,0.7590108193652257,13.713329267449717
COPPER_SCRAP,MAXIMUM,2025-03,W0,2025-02-28,125,2,700.656,658.439,651.0501501269008,655.5607237976925,659.0801038984865,10680,1.5356774860318927,15.889995934116385
COPPER_SCRAP,MAXIMUM,2025-03,W1,2025-03-07,125,2,700.656,658.439,651.0501501269008,655.5607237976925,659.0801038984865,10701,1.5356774860318927,15.889995934116385
COPPER_SCRAP,MAXIMUM,2025-03,W2,2025-03-14,127,1,700.656,672.234,668.3544941122201,672.4810494863341,671.4299874028917,10720,1.5000500994082202,14.394284561443758
COPPER_SCRAP,MAXIMUM,2025-03,W3,2025-03-21,127,1,700.656,672.234,668.3544941122201,672.4810494863341,671.4299874028917,10728,1.5000500994082202,14.394284561443758
COPPER_SCRAP,MAXIMUM,2025-03,W4,2025-03-31,127,1,700.656,672.234,668.3544941122201,672.4810494863341,671.4299874028917,10741,1.5000500994082202,14.394284561443758
COPPER_SCRAP,MAXIMUM,2025-04,W0,2025-03-31,126,2,650.684,672.234,657.8144860621456,672.6942058510032,666.1206747761653,10741,1.5000500994082202,13.21761789477709
COPPER_SCRAP,MAXIMUM,2025-04,W1,2025-04-07,126,2,650.684,672.234,657.8144860621456,672.6942058510032,666.1206747761653,10763,1.5000500994082202,13.21761789477709
COPPER_SCRAP,MAXIMUM,2025-04,W2,2025-04-14,128,1,650.684,688.854,685.7474429223774,687.7315610007257,672.0049076213968,10785,2.154741025062698,13.77158868522305
COPPER_SCRAP,MAXIMUM,2025-04,W3,2025-04-21,128,1,650.684,688.854,685.7474429223774,687.7315610007257,672.0049076213968,10795,2.154741025062698,13.77158868522305
COPPER_SCRAP,MAXIMUM,2025-04,W4,2025-04-30,128,1,650.684,688.854,685.7474429223774,687.7315610007257,672.0049076213968,10805,2.154741025062698,13.77158868522305
COPPER_SCRAP,MAXIMUM,2025-05,W0,2025-04-30,127,2,661.141,688.854,672.168413467561,687.5600055288796,675.6697320731162,10805,1.378074358396031,13.831588685223048
COPPER_SCRAP,MAXIMUM,2025-05,W1,2025-05-07,127,2,661.141,688.854,672.168413467561,687.5600055288796,675.6697320731162,10824,1.378074358396031,13.831588685223048
COPPER_SCRAP,MAXIMUM,2025-05,W2,2025-05-14,127,2,661.141,688.854,672.168413467561,687.5600055288796,675.6697320731162,10842,1.378074358396031,13.831588685223048
COPPER_SCRAP,MAXIMUM,2025-05,W3,2025-05-21,129,1,661.141,633.817,623.2635456670197,646.5643654669686,645.4131667087976,10862,1.901581681988876,13.595046642843158
COPPER_SCRAP,MAXIMUM,2025-05,W4,2025-05-31,129,1,661.141,633.817,623.2635456670197,646.5643654669686,645.4131667087976,10889,1.901581681988876,13.595046642843158
COPPER_SCRAP,MAXIMUM,2025-06,W0,2025-05-31,128,2,684.33,633.817,602.542840778044,640.9643493202032,638.6752017812946,10889,2.678248348655543,12.135046642843161
COPPER_SCRAP,MAXIMUM,2025-06,W1,2025-06-07,128,2,684.33,633.817,602.542840778044,640.9643493202032,638.6752017812946,10906,2.678248348655543,12.135046642843161
COPPER_SCRAP,MAXIMUM,2025-06,W2,2025-06-14,130,1,684.33,662.723,653.070627075112,670.7070836181605,648.3008757661214,10927,2.401856643730766,11.336228000100263
COPPER_SCRAP,MAXIMUM,2025-06,W3,2025-06-21,130,1,684.33,662.723,653.070627075112,670.7070836181605,648.3008757661214,10942,2.401856643730766,11.336228000100263
COPPER_SCRAP,MAXIMUM,2025-06,W4,2025-06-30,130,1,684.33,662.723,653.070627075112,670.7070836181605,648.3008757661214,10956,2.401856643730766,11.336228000100263
COPPER_SCRAP,MAXIMUM,2025-07,W0,2025-06-30,129,2,708.808,662.723,634.7740348519983,689.5398347384363,630.6860161007039,10956,1.1435233103974327,11.092894666766929
COPPER_SCRAP,MAXIMUM,2025-07,W1,2025-07-07,129,2,708.808,662.723,634.7740348519983,689.5398347384363,630.6860161007039,10970,1.1435233103974327,11.092894666766929
COPPER_SCRAP,MAXIMUM,2025-07,W2,2025-07-14,129,2,708.808,662.723,634.7740348519983,689.5398347384363,630.6860161007039,10988,1.1435233103974327,11.092894666766929
COPPER_SCRAP,MAXIMUM,2025-07,W3,2025-07-21,131,1,708.808,681.057,672.2424649795546,675.4508953579428,638.9293583919728,10999,1.7740245581335952,9.339651730969557
COPPER_SCRAP,MAXIMUM,2025-07,W4,2025-07-31,131,1,708.808,681.057,672.2424649795546,675.4508953579428,638.9293583919728,11020,1.7740245581335952,9.339651730969557
COPPER_SCRAP,MAXIMUM,2025-08,W0,2025-07-31,130,2,691.96,681.057,691.4857277037307,691.4822954483859,638.7531473092821,11020,2.255691224800262,11.356318397636223
COPPER_SCRAP,MAXIMUM,2025-08,W1,2025-08-07,130,2,691.96,681.057,691.4857277037307,691.4822954483859,638.7531473092821,11035,2.255691224800262,11.356318397636223
COPPER_SCRAP,MAXIMUM,2025-08,W2,2025-08-14,132,1,691.96,706.018,705.2339134253054,713.974443702278,715.5071303206314,11057,1.5394074863481655,9.65298904175752
COPPER_SCRAP,MAXIMUM,2025-08,W3,2025-08-21,132,1,691.96,706.018,705.2339134253054,713.974443702278,715.5071303206314,11073,1.5394074863481655,9.65298904175752
COPPER_SCRAP,MAXIMUM,2025-08,W4,2025-08-31,132,1,691.96,706.018,705.2339134253054,713.974443702278,715.5071303206314,11105,1.5394074863481655,9.65298904175752
COPPER_SCRAP,MAXIMUM,2025-09,W0,2025-08-31,131,2,678.306,706.018,709.9847987970355,714.2861673837757,639.1712304788427,11105,3.3160741530148323,10.999655708424186
COPPER_SCRAP,MAXIMUM,2025-09,W1,2025-09-07,131,2,678.306,706.018,709.9847987970355,714.2861673837757,639.1712304788427,11115,3.3160741530148323,10.999655708424186
COPPER_SCRAP,MAXIMUM,2025-09,W2,2025-09-14,133,1,678.306,654.019,652.1206633300299,698.0927580221569,691.4310362380156,11139,3.291271869961229,11.648537883961456
COPPER_SCRAP,MAXIMUM,2025-09,W3,2025-09-21,133,1,678.306,654.019,652.1206633300299,698.0927580221569,691.4310362380156,11156,3.291271869961229,11.648537883961456
COPPER_SCRAP,MAXIMUM,2025-09,W4,2025-09-30,133,1,678.306,654.019,652.1206633300299,698.0927580221569,691.4310362380156,11177,3.291271869961229,11.648537883961456
COPPER_SCRAP,MAXIMUM,2025-10,W0,2025-09-30,132,2,736.02,654.019,641.0594331982859,738.055843975422,649.5902841228074,11177,0.769702856144244,10.335204550628125
COPPER_SCRAP,MAXIMUM,2025-10,W1,2025-10-07,132,2,736.02,654.019,641.0594331982859,738.055843975422,649.5902841228074,11197,0.769702856144244,10.335204550628125
COPPER_SCRAP,MAXIMUM,2025-10,W2,2025-10-14,132,2,736.02,654.019,641.0594331982859,738.055843975422,649.5902841228074,11197,0.769702856144244,10.335204550628125
COPPER_SCRAP,MAXIMUM,2025-10,W3,2025-10-21,132,2,736.02,654.019,641.0594331982859,738.055843975422,649.5902841228074,11199,0.769702856144244,10.335204550628125
COPPER_SCRAP,MAXIMUM,2025-10,W4,2025-10-31,132,2,736.02,654.019,641.0594331982859,738.055843975422,649.5902841228074,11200,0.769702856144244,10.335204550628125
COPPER_SCRAP,MAXIMUM,2025-11,W0,2025-10-31,132,3,752.87,654.019,638.3304754885461,742.9138122008294,671.9141149941903,11200,1.514605203294562,9.608537883961459
COPPER_SCRAP,MAXIMUM,2025-11,W1,2025-11-07,132,3,752.87,654.019,638.3304754885461,742.9138122008294,671.9141149941903,11202,1.514605203294562,9.608537883961459
COPPER_SCRAP,MAXIMUM,2025-11,W2,2025-11-14,132,3,752.87,654.019,638.3304754885461,742.9138122008294,671.9141149941903,11205,1.514605203294562,9.608537883961459
COPPER_SCRAP,MAXIMUM,2025-11,W3,2025-11-21,132,3,752.87,654.019,638.3304754885461,742.9138122008294,671.9141149941903,11216,1.514605203294562,9.608537883961459
COPPER_SCRAP,MAXIMUM,2025-11,W4,2025-11-30,133,2,752.87,683.836,670.9622693488566,741.117938598708,642.9442669166561,11230,2.915021972610559,10.493744150755756
COPPER_SCRAP,MAXIMUM,2025-12,W0,2025-11-30,133,3,778.209,683.836,671.6733705102097,783.851909759394,776.1829004949743,11230,5.245021972610559,13.111827922409175
COPPER_SCRAP,MAXIMUM,2025-12,W1,2025-12-07,133,3,778.209,683.836,671.6733705102097,783.851909759394,776.1829004949743,11244,5.245021972610559,13.111827922409175
COPPER_SCRAP,MAXIMUM,2025-12,W2,2025-12-14,133,3,778.209,683.836,671.6733705102097,783.851909759394,776.1829004949743,11257,5.245021972610559,13.111827922409175
COPPER_SCRAP,MAXIMUM,2025-12,W3,2025-12-21,133,3,778.209,683.836,671.6733705102097,783.851909759394,776.1829004949743,11273,5.245021972610559,13.111827922409175
COPPER_SCRAP,MAXIMUM,2025-12,W4,2025-12-31,133,3,778.209,683.836,671.6733705102097,783.851909759394,776.1829004949743,11293,5.245021972610559,13.111827922409175
COPPER_SCRAP,MAXIMUM,2026-01,W0,2025-12-31,132,4,827.951,683.836,665.7785430108652,752.7376362241093,781.8571674885704,11293,2.674188639277226,10.89849458907584
COPPER_SCRAP,MAXIMUM,2026-01,W1,2026-01-07,132,4,827.951,683.836,665.7785430108652,752.7376362241093,781.8571674885704,11293,2.674188639277226,10.89849458907584
COPPER_SCRAP,MAXIMUM,2026-01,W2,2026-01-14,132,4,827.951,683.836,665.7785430108652,752.7376362241093,781.8571674885704,11293,2.674188639277226,10.89849458907584
COPPER_SCRAP,MAXIMUM,2026-01,W3,2026-01-21,132,4,827.951,683.836,665.7785430108652,752.7376362241093,781.8571674885704,11293,2.674188639277226,10.89849458907584
COPPER_SCRAP,MAXIMUM,2026-01,W4,2026-01-31,132,4,827.951,683.836,665.7785430108652,752.7376362241093,781.8571674885704,11293,2.674188639277226,10.89849458907584
CRUDE_OIL,MATCHED,2021-12,W0,2021-11-30,86,2,197.098,223.0,209.35482902581907,209.36707624888726,209.1029435509942,8214,0.47704116170618516,6.280025523540752
CRUDE_OIL,MATCHED,2021-12,W1,2021-12-07,86,2,197.098,223.0,209.35482902581907,209.36707624888726,209.1029435509942,8236,0.47704116170618516,6.280025523540752
CRUDE_OIL,MATCHED,2021-12,W2,2021-12-14,87,1,197.098,229.786,226.974582863272,226.9789317136631,226.93544986123007,8254,0.6515027342281426,5.879266334920736
CRUDE_OIL,MATCHED,2021-12,W3,2021-12-21,87,1,197.098,229.786,226.974582863272,226.9789317136631,226.93544986123007,8257,0.6515027342281426,5.879266334920736
CRUDE_OIL,MATCHED,2021-12,W4,2021-12-31,87,1,197.098,229.786,226.974582863272,226.9789317136631,226.93544986123007,8274,0.6515027342281426,5.879266334920736
CRUDE_OIL,MATCHED,2022-01,W0,2021-12-31,87,2,226.752,229.786,214.99848441977662,214.9776172394371,214.49026003632179,8274,-0.3035949186215394,7.012599668254069
CRUDE_OIL,MATCHED,2022-01,W1,2022-01-07,87,2,226.752,229.786,214.99848441977662,214.9776172394371,214.49026003632179,8300,-0.3035949186215394,7.012599668254069
CRUDE_OIL,MATCHED,2022-01,W2,2022-01-14,88,1,226.752,188.414,170.4133322236474,170.40978028730808,182.72869838288568,8306,-0.4178943965230768,6.057004857545126
CRUDE_OIL,MATCHED,2022-01,W3,2022-01-21,88,1,226.752,188.414,170.4133322236474,170.40978028730808,182.72869838288568,8312,-0.4178943965230768,6.057004857545126
CRUDE_OIL,MATCHED,2022-01,W4,2022-01-31,88,1,226.752,188.414,170.4133322236474,170.40978028730808,182.72869838288568,8322,-0.4178943965230768,6.057004857545126
CRUDE_OIL,MATCHED,2022-02,W0,2022-01-31,88,2,254.864,188.414,178.88107169035632,178.87566242335424,178.6718017330745,8322,0.14877227014358985,5.490338190878459
CRUDE_OIL,MATCHED,2022-02,W1,2022-02-07,88,2,254.864,188.414,178.88107169035632,178.87566242335424,178.6718017330745,8347,0.14877227014358985,5.490338190878459
CRUDE_OIL,MATCHED,2022-02,W2,2022-02-14,88,2,254.864,188.414,178.88107169035632,178.87566242335424,178.6718017330745,8364,0.14877227014358985,5.490338190878459
CRUDE_OIL,MATCHED,2022-02,W3,2022-02-21,89,1,254.864,225.358,215.3427364045392,215.35629201743416,215.29489337657458,8373,-0.8080290608425609,5.715543192385498
CRUDE_OIL,MATCHED,2022-02,W4,2022-02-28,89,1,254.864,225.358,215.3427364045392,215.35629201743416,214.77538108598782,8386,-0.03136239417589426,6.492209859052164
CRUDE_OIL,MATCHED,2022-03,W0,2022-02-28,89,2,281.88,225.358,206.33857084392017,206.35577328407314,212.1118286071536,8386,-0.24136239417589422,5.148876525718832
CRUDE_OIL,MATCHED,2022-03,W1,2022-03-07,89,2,281.88,225.358,206.33857084392017,206.35577328407314,212.06431008581347,8407,-0.24136239417589422,5.682209859052165
CRUDE_OIL,MATCHED,2022-03,W2,2022-03-14,89,2,281.88,225.358,206.33857084392017,206.35577328407314,211.8518620755621,8424,0.5353042724907724,6.458876525718831
CRUDE_OIL,MATCHED,2022-03,W3,2022-03-21,90,1,281.88,258.867,253.1972382101892,253.23099632400334,235.81187183223545,8434,1.822934069863446,8.006674837976522
CRUDE_OIL,MATCHED,2022-03,W4,2022-03-31,90,1,281.88,258.867,253.1972382101892,253.23099632400334,235.81187183223545,8447,1.822934069863446,8.006674837976522
CRUDE_OIL,MATCHED,2022-04,W0,2022-03-31,90,2,283.471,258.867,226.9033124776985,226.9872563032024,226.52156764426513,8447,-0.29706593013655436,8.086674837976522
CRUDE_OIL,MATCHED,2022-04,W1,2022-04-07,90,2,283.471,258.867,226.9033124776985,226.9872563032024,226.52156764426513,8465,-0.29706593013655436,8.086674837976522
CRUDE_OIL,MATCHED,2022-04,W2,2022-04-14,91,1,283.471,274.271,270.6839114828087,270.7002531127076,270.2282858741016,8485,2.056389739911773,10.125573201574035
CRUDE_OIL,MATCHED,2022-04,W3,2022-04-21,91,1,283.471,274.271,270.6839114828087,270.7002531127076,270.2282858741016,8490,2.056389739911773,10.125573201574035
CRUDE_OIL,MATCHED,2022-04,W4,2022-04-30,91,1,283.471,274.271,270.6839114828087,270.7002531127076,270.2282858741016,8495,2.056389739911773,10.125573201574035
CRUDE_OIL,MATCHED,2022-05,W0,2022-04-30,91,2,289.411,274.271,246.66849640341238,246.7188325324753,247.0673777074055,8495,1.8463897399117726,9.958906534907367
CRUDE_OIL,MATCHED,2022-05,W1,2022-05-07,91,2,289.411,274.271,246.66849640341238,246.7188325324753,247.03172591902097,8511,1.8463897399117726,10.4922398682407
CRUDE_OIL,MATCHED,2022-05,W2,2022-05-14,92,1,289.411,290.16,288.33875127141545,288.33806713636886,288.36829968791017,8524,2.092460421547317,12.184816472691198
CRUDE_OIL,MATCHED,2022-05,W3,2022-05-21,92,1,289.411,290.16,288.33875127141545,288.33806713636886,288.36829968791017,8536,2.092460421547317,12.184816472691198
CRUDE_OIL,MATCHED,2022-05,W4,2022-05-31,92,1,289.411,290.16,288.33875127141545,288.33806713636886,288.3160439168099,8547,2.092460421547317,14.31814980602453
CRUDE_OIL,MATCHED,2022-06,W0,2022-05-31,92,2,326.056,290.16,281.5380431786694,281.54307977182395,282.14876092138815,8547,2.092460421547317,9.824816472691198
CRUDE_OIL,MATCHED,2022-06,W1,2022-06-07,92,2,326.056,290.16,281.5380431786694,281.54307977182395,282.1364986158966,8579,2.092460421547317,10.891483139357865
CRUDE_OIL,MATCHED,2022-06,W2,2022-06-14,93,1,326.056,281.504,272.68669295658594,272.6926077028856,272.65064951433544,8601,2.0897183299903475,14.464742677939352
CRUDE_OIL,MATCHED,2022-06,W3,2022-06-21,93,1,326.056,281.504,272.68669295658594,272.6926077028856,272.65064951433544,8606,2.0897183299903475,14.464742677939352
CRUDE_OIL,MATCHED,2022-06,W4,2022-06-30,93,1,326.056,281.504,272.68669295658594,272.6926077028856,272.65064951433544,8619,2.0897183299903475,14.464742677939352
CRUDE_OIL,MATCHED,2022-07,W0,2022-06-30,93,2,275.308,281.504,262.59524324173816,262.6738984896594,270.3689796884219,8619,2.5051349966570147,14.934742677939353
CRUDE_OIL,MATCHED,2022-07,W1,2022-07-07,93,2,275.308,281.504,262.59524324173816,262.6738984896594,270.36691529198885,8636,2.5051349966570147,15.468076011272686
CRUDE_OIL,MATCHED,2022-07,W2,2022-07-14,94,1,275.308,343.497,367.42268599130057,367.4723159504312,367.87966061879104,8646,2.506440028583753,15.819970142814086
CRUDE_OIL,MATCHED,2022-07,W3,2022-07-21,94,1,275.308,343.497,367.42268599130057,367.4723159504312,367.87966061879104,8655,2.506440028583753,15.819970142814086
CRUDE_OIL,MATCHED,2022-07,W4,2022-07-31,94,1,275.308,343.497,367.42268599130057,367.4723159504312,367.87966061879104,8664,2.506440028583753,15.819970142814086
CRUDE_OIL,MATCHED,2022-08,W0,2022-07-31,94,2,258.826,343.497,368.69016706450526,368.7935047178346,368.28059608406363,8664,2.1158652569131675,11.73330347614742
CRUDE_OIL,MATCHED,2022-08,W1,2022-08-07,94,2,258.826,343.497,368.69016706450526,368.7935047178346,368.37997810256593,8689,2.1158652569131675,13.33330347614742
CRUDE_OIL,MATCHED,2022-08,W2,2022-08-14,95,1,258.826,267.122,245.72499324488183,245.7090229784766,245.30822228376206,8696,2.4537878231883097,14.556224776254796
CRUDE_OIL,MATCHED,2022-08,W3,2022-08-21,95,1,258.826,267.122,245.72499324488183,245.7090229784766,245.2290317020917,8703,2.4537878231883097,16.156224776254795
CRUDE_OIL,MATCHED,2022-08,W4,2022-08-31,95,1,258.826,267.122,245.72499324488183,245.7090229784766,245.2290317020917,8727,2.4537878231883097,16.156224776254795
CRUDE_OIL,MATCHED,2022-09,W0,2022-08-31,95,2,241.987,267.122,229.91197819423348,230.08749686274535,231.52177174018942,8727,2.4537878231883097,14.439558109588129
CRUDE_OIL,MATCHED,2022-09,W1,2022-09-07,95,2,241.987,267.122,229.91197819423348,230.08749686274535,231.52177174018942,8746,2.4537878231883097,14.439558109588129
CRUDE_OIL,MATCHED,2022-09,W2,2022-09-14,96,1,241.987,257.91,255.3192843330231,255.3277313005905,254.67783943173072,8778,2.382930247641744,16.39296451825064
CRUDE_OIL,MATCHED,2022-09,W3,2022-09-21,96,1,241.987,257.91,255.3192843330231,255.3277313005905,254.62909427596202,8790,2.382930247641744,16.926297851583975
CRUDE_OIL,MATCHED,2022-09,W4,2022-09-30,96,1,241.987,257.91,255.3192843330231,255.3277313005905,254.53160396442468,8816,2.382930247641744,17.992964518250645
CRUDE_OIL,MATCHED,2022-10,W0,2022-09-30,96,2,247.665,257.91,239.3935679205909,239.49255901391348,234.55528425993197,8816,2.382930247641744,15.896297851583974
CRUDE_OIL,MATCHED,2022-10,W1,2022-10-07,96,2,247.665,257.91,239.3935679205909,239.49255901391348,234.55528425993197,8830,2.382930247641744,15.896297851583974
CRUDE_OIL,MATCHED,2022-10,W2,2022-10-14,97,1,247.665,250.595,233.55362112439133,238.75987884022612,235.7367886335599,8844,2.147566203191693,18.616317681532074
CRUDE_OIL,MATCHED,2022-10,W3,2022-10-21,97,1,247.665,250.595,233.55362112439133,238.75987884022612,235.7367886335599,8857,2.147566203191693,18.616317681532074
CRUDE_OIL,MATCHED,2022-10,W4,2022-10-31,97,1,247.665,250.595,233.55362112439133,238.75987884022612,235.68448879770585,8874,2.147566203191693,19.25965101486541
CRUDE_OIL,MATCHED,2022-11,W0,2022-10-31,97,2,241.614,250.595,225.14945951556433,225.24530897865444,225.14257423795107,8874,1.5808995365250267,17.343692900692115
CRUDE_OIL,MATCHED,2022-11,W1,2022-11-07,97,2,241.614,250.595,225.14945951556433,225.24530897865444,225.14257423795107,8892,1.5808995365250267,17.343692900692115
CRUDE_OIL,MATCHED,2022-11,W2,2022-11-14,97,2,241.614,250.595,225.14945951556433,225.24530897865444,225.14257423795107,8896,1.5808995365250267,17.343692900692115
CRUDE_OIL,MATCHED,2022-11,W3,2022-11-21,98,1,241.614,249.344,241.16282064208508,251.69899332182456,251.59371953187417,8907,1.6091662208187367,18.389511463894973
CRUDE_OIL,MATCHED,2022-11,W4,2022-11-30,98,1,241.614,249.344,241.16282064208508,251.69899332182456,251.59371953187417,8915,1.6091662208187367,18.389511463894973
CRUDE_OIL,MATCHED,2022-12,W0,2022-11-30,98,2,209.831,249.344,233.93953684647275,233.99997695365985,234.01558274666183,8915,1.8853157641599076,16.339511463894965
CRUDE_OIL,MATCHED,2022-12,W1,2022-12-07,98,2,209.831,249.344,233.93953684647275,233.99997695365985,234.01227685972202,8939,1.8853157641599076,17.406178130561635
CRUDE_OIL,MATCHED,2022-12,W2,2022-12-14,99,1,209.831,241.975,233.9811660737266,244.92092877877064,244.93285269082406,8948,1.271532984422059,16.691608009913317
CRUDE_OIL,MATCHED,2022-12,W3,2022-12-21,99,1,209.831,241.975,233.9811660737266,244.92092877877064,244.87010014859447,8964,1.271532984422059,17.758274676579987
CRUDE_OIL,MATCHED,2022-12,W4,2022-12-31,99,1,209.831,241.975,233.9811660737266,244.92092877877064,244.80734760636489,8996,1.271532984422059,18.824941343246657
CRUDE_OIL,MATCHED,2023-01,W0,2022-12-31,99,2,207.365,241.975,225.43568081134134,225.48192744495233,225.2754163047225,8996,1.0348174913305512,17.258274676579987
CRUDE_OIL,MATCHED,2023-01,W1,2023-01-07,99,2,207.365,241.975,225.43568081134134,225.48192744495233,225.2754163047225,9008,1.0348174913305512,17.258274676579987
CRUDE_OIL,MATCHED,2023-01,W2,2023-01-14,99,2,207.365,241.975,225.43568081134134,225.48192744495233,225.2976849825127,9023,1.0348174913305512,18.324941343246657
CRUDE_OIL,MATCHED,2023-01,W3,2023-01-21,100,1,207.365,205.481,195.37741933144184,200.78205669027676,200.53690052613572,9028,0.7543202707639909,18.665258886536076
CRUDE_OIL,MATCHED,2023-01,W4,2023-01-31,100,1,207.365,205.481,195.37741933144184,200.78205669027676,200.53690052613572,9036,0.7543202707639909,18.665258886536076
CRUDE_OIL,MATCHED,2023-02,W0,2023-01-31,100,2,214.227,205.481,185.96179802103268,186.00623776318415,185.90186007417023,9036,1.3209869374306575,17.03192555320274
CRUDE_OIL,MATCHED,2023-02,W1,2023-02-07,100,2,214.227,205.481,185.96179802103268,186.00623776318415,185.89452240791374,9059,1.3209869374306575,17.565258886536075
CRUDE_OIL,MATCHED,2023-02,W2,2023-02-14,100,2,214.227,205.481,185.96179802103268,186.00623776318415,185.88977850007063,9075,1.3209869374306575,18.09859221986941
CRUDE_OIL,MATCHED,2023-02,W3,2023-02-21,101,1,214.227,204.019,194.95148277498333,196.56127275340992,199.83507870200881,9086,0.9510357195137704,18.82927393839587
CRUDE_OIL,MATCHED,2023-02,W4,2023-02-28,101,1,214.227,204.019,194.95148277498333,196.56127275340992,199.83507870200881,9100,0.9510357195137704,18.82927393839587
CRUDE_OIL,MATCHED,2023-03,W0,2023-02-28,101,2,198.961,204.019,182.34594136295664,182.40616321688864,182.3363698093719,9100,0.9510357195137704,17.64594060506253
CRUDE_OIL,MATCHED,2023-03,W1,2023-03-07,101,2,198.961,204.019,182.34594136295664,182.40616321688864,182.3103559261226,9127,0.9510357195137704,18.7126072717292
CRUDE_OIL,MATCHED,2023-03,W2,2023-03-14,101,2,198.961,204.019,182.34594136295664,182.40616321688864,182.3103559261226,9146,0.9510357195137704,18.7126072717292
CRUDE_OIL,MATCHED,2023-03,W3,2023-03-21,102,1,198.961,222.316,212.64136379105994,211.12874040757598,210.9516384027005,9153,1.0369972417246514,19.413817724523998
CRUDE_OIL,MATCHED,2023-03,W4,2023-03-31,102,1,198.961,222.316,212.64136379105994,211.12874040757598,210.9516384027005,9165,1.0369972417246514,19.413817724523998
CRUDE_OIL,MATCHED,2023-04,W0,2023-03-31,102,2,221.208,222.316,193.55921249403056,193.625808990357,193.4668194560365,9165,1.046843259772733,15.263817724523987
CRUDE_OIL,MATCHED,2023-04,W1,2023-04-07,102,2,221.208,222.316,193.55921249403056,193.625808990357,193.478613801289,9192,1.046843259772733,15.79715105785732
CRUDE_OIL,MATCHED,2023-04,W2,2023-04-14,103,1,221.208,193.978,180.2553984362212,180.45866950404385,183.5693279668971,9210,1.1312250296004849,16.744105786424207
CRUDE_OIL,MATCHED,2023-04,W3,2023-04-21,103,1,221.208,193.978,180.2553984362212,180.45866950404385,183.5693279668971,9222,1.1312250296004849,16.744105786424207
CRUDE_OIL,MATCHED,2023-04,W4,2023-04-30,103,1,221.208,193.978,180.2553984362212,180.45866950404385,183.5700467241016,9226,1.1312250296004849,16.744105786424207
CRUDE_OIL,MATCHED,2023-05,W0,2023-04-30,103,2,199.51,193.978,169.41810833401192,169.9857443289661,169.8735031571955,9226,1.092795859623811,18.344105786424212
CRUDE_OIL,MATCHED,2023-05,W1,2023-05-07,103,2,199.51,193.978,169.41810833401192,169.9857443289661,169.8735031571955,9245,1.092795859623811,18.344105786424212
CRUDE_OIL,MATCHED,2023-05,W2,2023-05-14,104,1,199.51,225.601,216.58327013784793,216.6382046487226,220.5878383502917,9255,1.0006326901683127,15.921421590529542
CRUDE_OIL,MATCHED,2023-05,W3,2023-05-21,104,1,199.51,225.601,216.58327013784793,216.6382046487226,220.59527151800614,9271,1.0006326901683127,16.454754923862875
CRUDE_OIL,MATCHED,2023-05,W4,2023-05-31,104,1,199.51,225.601,216.58327013784793,216.6382046487226,220.60270468572057,9287,1.0006326901683127,16.98808825719621
CRUDE_OIL,MATCHED,2023-06,W0,2023-05-31,104,2,191.18,225.601,200.98046605423764,201.04870845037692,200.5184122664125,9287,0.6706815165931538,15.388088257196209
CRUDE_OIL,MATCHED,2023-06,W1,2023-06-07,104,2,191.18,225.601,200.98046605423764,201.04870845037692,200.52300227814152,9316,0.6706815165931538,15.388088257196209
CRUDE_OIL,MATCHED,2023-06,W2,2023-06-14,105,1,191.18,200.235,182.29494286505897,182.3316484762221,182.3733882505264,9331,0.650493348825649,15.717758754222352
CRUDE_OIL,MATCHED,2023-06,W3,2023-06-21,105,1,191.18,200.235,182.29494286505897,182.3316484762221,182.37411942796777,9340,0.650493348825649,15.717758754222352
CRUDE_OIL,MATCHED,2023-06,W4,2023-06-30,105,1,191.18,200.235,182.29494286505897,182.3316484762221,182.3831544490005,9360,0.650493348825649,16.251092087555687
CRUDE_OIL,MATCHED,2023-07,W0,2023-06-30,105,2,207.341,200.235,172.34559583894915,173.3370258583266,178.5328579662332,9360,0.44507668215898244,16.28442542088902
CRUDE_OIL,MATCHED,2023-07,W1,2023-07-07,105,2,207.341,200.235,172.34559583894915,173.3370258583266,178.5328579662332,9379,0.44507668215898244,16.28442542088902
CRUDE_OIL,MATCHED,2023-07,W2,2023-07-14,106,1,207.341,187.219,178.21780263514253,178.2683665579293,176.13157649891784,9397,0.1578586426787889,15.531702236062074
CRUDE_OIL,MATCHED,2023-07,W3,2023-07-21,106,1,207.341,187.219,178.21780263514253,178.2683665579293,176.1511559029596,9406,0.1578586426787889,16.598368902728744
CRUDE_OIL,MATCHED,2023-07,W4,2023-07-31,106,1,207.341,187.219,178.21780263514253,178.2683665579293,176.1511559029596,9417,0.1578586426787889,16.598368902728744
CRUDE_OIL,MATCHED,2023-08,W0,2023-07-31,106,2,224.147,187.219,169.19047066568703,169.34454287508302,163.38523198485566,9417,0.1578586426787889,13.398368902728741
CRUDE_OIL,MATCHED,2023-08,W1,2023-08-07,106,2,224.147,187.219,169.19047066568703,169.34454287508302,163.42311649170773,9441,0.1578586426787889,13.931702236062074
CRUDE_OIL,MATCHED,2023-08,W2,2023-08-14,107,1,224.147,207.04,197.08798470274056,204.72292087175578,204.78950172046703,9452,-0.24144206328409346,14.107588907897695
CRUDE_OIL,MATCHED,2023-08,W3,2023-08-21,107,1,224.147,207.04,197.08798470274056,204.72292087175578,204.78950172046703,9462,-0.24144206328409346,14.107588907897695
CRUDE_OIL,MATCHED,2023-08,W4,2023-08-31,107,1,224.147,207.04,197.08798470274056,204.72292087175578,204.78950172046703,9480,-0.24144206328409346,14.107588907897695
CRUDE_OIL,MATCHED,2023-09,W0,2023-08-31,107,2,247.165,207.04,182.69634453807677,184.27454654243252,189.88311878035358,9480,0.3252246033825732,14.907588907897694
CRUDE_OIL,MATCHED,2023-09,W1,2023-09-07,107,2,247.165,207.04,182.69634453807677,184.27454654243252,189.9289570870559,9504,0.3252246033825732,15.440922241231027
CRUDE_OIL,MATCHED,2023-09,W2,2023-09-14,108,1,247.165,226.394,217.53895924483874,227.5535590600661,228.23774259695819,9523,-0.09213947067139583,14.161451862349388
CRUDE_OIL,MATCHED,2023-09,W3,2023-09-21,108,1,247.165,226.394,217.53895924483874,227.5535590600661,228.23774259695819,9529,-0.09213947067139583,14.161451862349388
CRUDE_OIL,MATCHED,2023-09,W4,2023-09-30,108,1,247.165,226.394,217.53895924483874,227.5535590600661,228.2037154644256,9548,-0.09213947067139583,14.694785195682721
CRUDE_OIL,MATCHED,2023-10,W0,2023-09-30,108,2,238.834,226.394,205.77740870468892,213.90133035212168,212.95520648070402,9548,-0.6588061373380625,12.294785195682723
CRUDE_OIL,MATCHED,2023-10,W1,2023-10-07,108,2,238.834,226.394,205.77740870468892,213.90133035212168,212.95520648070402,9572,-0.6588061373380625,12.294785195682723
CRUDE_OIL,MATCHED,2023-10,W2,2023-10-14,109,1,238.834,247.071,241.57414167863297,252.14376973692532,251.46026527767117,9583,-0.4747053543719969,12.681380554423372
CRUDE_OIL,MATCHED,2023-10,W3,2023-10-21,109,1,238.834,247.071,241.57414167863297,252.14376973692532,251.46026527767117,9588,-0.4747053543719969,12.681380554423372
CRUDE_OIL,MATCHED,2023-10,W4,2023-10-31,109,1,238.834,247.071,241.57414167863297,252.14376973692532,251.46026527767117,9602,-0.4747053543719969,12.681380554423372
CRUDE_OIL,MATCHED,2023-11,W0,2023-10-31,109,2,215.826,247.071,230.31845371413183,251.4211470889246,251.60834662032988,9602,0.09196131229466975,13.426630116103288
CRUDE_OIL,MATCHED,2023-11,W1,2023-11-07,109,2,215.826,247.071,230.31845371413183,251.4211470889246,251.60313468057296,9627,0.09196131229466975,13.426630116103288
CRUDE_OIL,MATCHED,2023-11,W2,2023-11-14,109,2,215.826,247.071,230.31845371413183,251.4211470889246,251.56957019489641,9644,0.09196131229466975,13.959963449436621
CRUDE_OIL,MATCHED,2023-11,W3,2023-11-21,110,1,215.826,240.147,231.1544477224079,236.80676034035616,237.08774674331903,9657,-0.1603621354214626,13.091445665849117
CRUDE_OIL,MATCHED,2023-11,W4,2023-11-30,110,1,215.826,240.147,231.1544477224079,236.80676034035616,237.08774674331903,9674,-0.1603621354214626,13.091445665849117
CRUDE_OIL,MATCHED,2023-12,W0,2023-11-30,110,2,193.028,240.147,222.82182938690295,238.89318703694016,239.36956237444085,9674,-0.1603621354214626,10.576412769971979
CRUDE_OIL,MATCHED,2023-12,W1,2023-12-07,110,2,193.028,240.147,222.82182938690295,238.89318703694016,239.36956237444085,9701,-0.1603621354214626,10.576412769971979
CRUDE_OIL,MATCHED,2023-12,W2,2023-12-14,111,1,193.028,216.064,208.14914899774385,211.2776718842727,211.46017151459486,9720,0.028545353029456266,10.80921919220714
CRUDE_OIL,MATCHED,2023-12,W3,2023-12-21,111,1,193.028,216.064,208.14914899774385,211.2776718842727,211.46017151459486,9727,0.028545353029456266,10.80921919220714
CRUDE_OIL,MATCHED,2023-12,W4,2023-12-31,111,1,193.028,216.064,208.14914899774385,211.2776718842727,211.43708776168933,9743,0.028545353029456266,11.452552525540472
CRUDE_OIL,MATCHED,2024-01,W0,2023-12-31,111,2,201.535,216.064,201.0090952567414,214.47564563328208,214.53461644852968,9743,0.028545353029456266,12.825885858873805
CRUDE_OIL,MATCHED,2024-01,W1,2024-01-07,111,2,201.535,216.064,201.0090952567414,214.47564563328208,214.53461644852968,9757,0.028545353029456266,12.825885858873805
CRUDE_OIL,MATCHED,2024-01,W2,2024-01-14,112,1,201.535,187.244,178.59583111300807,184.1216572553895,184.27629450354797,9770,0.17459127387743734,11.37656057414556
CRUDE_OIL,MATCHED,2024-01,W3,2024-01-21,112,1,201.535,187.244,178.59583111300807,184.1216572553895,184.2581167134958,9778,0.17459127387743734,11.909893907478894
CRUDE_OIL,MATCHED,2024-01,W4,2024-01-31,112,1,201.535,187.244,178.59583111300807,184.1216572553895,184.2581167134958,9788,0.17459127387743734,11.909893907478894
CRUDE_OIL,MATCHED,2024-02,W0,2024-01-31,112,2,212.353,187.244,175.70859319437665,188.51522758440223,188.28801192429697,9788,-0.3920753927892293,10.459893907478895
CRUDE_OIL,MATCHED,2024-02,W1,2024-02-07,112,2,212.353,187.244,175.70859319437665,188.51522758440223,188.28801192429697,9813,-0.3920753927892293,10.459893907478895
CRUDE_OIL,MATCHED,2024-02,W2,2024-02-14,112,2,212.353,187.244,175.70859319437665,188.51522758440223,188.28801192429697,9824,-0.3920753927892293,10.459893907478895
CRUDE_OIL,MATCHED,2024-02,W3,2024-02-21,113,1,212.353,204.115,200.4405821796621,202.65107122479236,202.8148365796437,9830,-0.2796243110218273,11.305861171464597
CRUDE_OIL,MATCHED,2024-02,W4,2024-02-29,113,1,212.353,204.115,200.4405821796621,202.65107122479236,202.77579295783156,9845,-0.2796243110218273,12.372527838131264
CRUDE_OIL,MATCHED,2024-03,W0,2024-02-29,113,2,215.952,204.115,195.13451579896048,204.87365532784028,204.78589611208304,9845,0.2870423556448394,9.672527838131264
CRUDE_OIL,MATCHED,2024-03,W1,2024-03-07,113,2,215.952,204.115,195.13451579896048,204.87365532784028,204.78245597628774,9865,0.2870423556448394,9.672527838131264
CRUDE_OIL,MATCHED,2024-03,W2,2024-03-14,114,1,215.952,217.705,214.35226753186186,220.46072116143245,216.8296747505422,9881,-0.22981518171431992,9.509705048899589
CRUDE_OIL,MATCHED,2024-03,W3,2024-03-21,114,1,215.952,217.705,214.35226753186186,220.46072116143245,216.81454584432646,9892,-0.22981518171431992,9.509705048899589
CRUDE_OIL,MATCHED,2024-03,W4,2024-03-31,114,1,215.952,217.705,214.35226753186186,220.46072116143245,216.81454584432646,9900,-0.22981518171431992,9.509705048899589
CRUDE_OIL,MATCHED,2024-04,W0,2024-03-31,114,2,234.282,217.705,204.84182683880223,216.4216538170678,216.06980999414685,9900,-0.22981518171431992,9.509705048899589
CRUDE_OIL,MATCHED,2024-04,W1,2024-04-07,114,2,234.282,217.705,204.84182683880223,216.4216538170678,216.06980999414685,9920,-0.22981518171431992,9.509705048899589
CRUDE_OIL,MATCHED,2024-04,W2,2024-04-14,115,1,234.282,211.085,205.7350310160839,209.82090410619944,209.76119190690116,9933,-0.3261105809986027,7.169224276179071
CRUDE_OIL,MATCHED,2024-04,W3,2024-04-21,115,1,234.282,211.085,205.7350310160839,209.82090410619944,209.76119190690116,9945,-0.3261105809986027,7.169224276179071
CRUDE_OIL,MATCHED,2024-04,W4,2024-04-30,115,1,234.282,211.085,205.7350310160839,209.82090410619944,209.76119190690116,9969,-0.3261105809986027,7.169224276179071
CRUDE_OIL,MATCHED,2024-05,W0,2024-04-30,115,2,217.159,211.085,197.95089815638394,205.61405873948118,204.88026827962136,9969,-0.3261105809986027,9.185890942845738
CRUDE_OIL,MATCHED,2024-05,W1,2024-05-07,115,2,217.159,211.085,197.95089815638394,205.61405873948118,204.91938621693896,9994,-0.3261105809986027,9.719224276179071
CRUDE_OIL,MATCHED,2024-05,W2,2024-05-14,116,1,217.159,237.985,233.75568451555074,242.2162782770655,242.72521539512303,10004,-0.2981227070286475,7.7969065536532955
CRUDE_OIL,MATCHED,2024-05,W3,2024-05-21,116,1,217.159,237.985,233.75568451555074,242.2162782770655,242.71980113291534,10020,-0.2981227070286475,7.7969065536532955
CRUDE_OIL,MATCHED,2024-05,W4,2024-05-31,116,1,217.159,237.985,233.75568451555074,242.2162782770655,242.71980113291534,10042,-0.2981227070286475,7.7969065536532955
CRUDE_OIL,MATCHED,2024-06,W0,2024-05-31,116,2,216.608,237.985,224.15693284861658,225.8641048081522,225.06838970111855,10042,-0.8647893736953141,6.763573220319962
CRUDE_OIL,MATCHED,2024-06,W1,2024-06-07,116,2,216.608,237.985,224.15693284861658,225.8641048081522,225.0709892138199,10076,-0.8647893736953141,6.763573220319962
CRUDE_OIL,MATCHED,2024-06,W2,2024-06-14,117,1,216.608,214.721,204.2995407833439,210.49323281076826,210.81026452689713,10100,-0.7179796382572835,8.293363247196503
CRUDE_OIL,MATCHED,2024-06,W3,2024-06-21,117,1,216.608,214.721,204.2995407833439,210.49323281076826,210.81026452689713,10106,-0.7179796382572835,8.293363247196503
CRUDE_OIL,MATCHED,2024-06,W4,2024-06-30,117,1,216.608,214.721,204.2995407833439,210.49323281076826,210.81026452689713,10114,-0.7179796382572835,8.293363247196503
CRUDE_OIL,MATCHED,2024-07,W0,2024-06-30,117,2,224.405,214.721,199.83402595559468,205.28669195193692,204.7378455374135,10114,-0.15131297159061688,6.776696580529835
CRUDE_OIL,MATCHED,2024-07,W1,2024-07-07,117,2,224.405,214.721,199.83402595559468,205.28669195193692,204.7378455374135,10132,-0.15131297159061688,6.776696580529835
CRUDE_OIL,MATCHED,2024-07,W2,2024-07-14,118,1,224.405,216.569,211.6191732818492,215.494778443668,219.62979903748848,10142,-0.5413253634594302,6.92416755518103
CRUDE_OIL,MATCHED,2024-07,W3,2024-07-21,118,1,224.405,216.569,211.6191732818492,215.494778443668,219.62574669048846,10154,-0.5413253634594302,6.92416755518103
CRUDE_OIL,MATCHED,2024-07,W4,2024-07-31,118,1,224.405,216.569,211.6191732818492,215.494778443668,219.62574669048846,10165,-0.5413253634594302,6.92416755518103
CRUDE_OIL,MATCHED,2024-08,W0,2024-07-31,118,2,213.906,216.569,205.86115492732023,212.5579081305574,212.14982330624494,10165,-0.5413253634594302,6.92416755518103
CRUDE_OIL,MATCHED,2024-08,W1,2024-08-07,118,2,213.906,216.569,205.86115492732023,212.5579081305574,212.14982330624494,10178,-0.5413253634594302,6.92416755518103
CRUDE_OIL,MATCHED,2024-08,W2,2024-08-14,119,1,213.906,228.894,224.81736477309255,233.177696507332,233.53570850223412,10208,-0.38840942998444744,6.446531304257869
CRUDE_OIL,MATCHED,2024-08,W3,2024-08-21,119,1,213.906,228.894,224.81736477309255,233.177696507332,233.502548066653,10230,-0.38840942998444744,7.513197970924535
CRUDE_OIL,MATCHED,2024-08,W4,2024-08-31,119,1,213.906,228.894,224.81736477309255,233.177696507332,233.4859678488624,10248,-0.38840942998444744,8.046531304257869
CRUDE_OIL,MATCHED,2024-09,W0,2024-08-31,119,2,185.951,228.894,218.09206163480945,227.325247850288,227.16824895708191,10248,-0.9550760966511141,8.379864637591202
CRUDE_OIL,MATCHED,2024-09,W1,2024-09-07,119,2,185.951,228.894,218.09206163480945,227.325247850288,227.23222188852094,10262,-0.9550760966511141,9.446531304257869
CRUDE_OIL,MATCHED,2024-09,W2,2024-09-14,120,1,185.951,215.147,206.3733981086475,214.66852165059044,214.75771830316623,10292,-0.8578776560419825,10.635599702538755
CRUDE_OIL,MATCHED,2024-09,W3,2024-09-21,120,1,185.951,215.147,206.3733981086475,214.66852165059044,214.75771830316623,10303,-0.8578776560419825,10.635599702538755
CRUDE_OIL,MATCHED,2024-09,W4,2024-09-30,120,1,185.951,215.147,206.3733981086475,214.66852165059044,214.73747418508952,10323,-0.8578776560419825,11.168933035872088
CRUDE_OIL,MATCHED,2024-10,W0,2024-09-30,120,2,195.992,215.147,198.5960051305962,216.8190918507425,216.73954851266384,10323,-0.2912109893753159,8.505599702538756
CRUDE_OIL,MATCHED,2024-10,W1,2024-10-07,120,2,195.992,215.147,198.5960051305962,216.8190918507425,216.7249129874855,10337,-0.2912109893753159,9.03893303587209
CRUDE_OIL,MATCHED,2024-10,W2,2024-10-14,121,1,195.992,178.34,167.3291880089218,185.9984106378774,186.0933077531225,10353,-0.6643794381207049,11.533850586000643
CRUDE_OIL,MATCHED,2024-10,W3,2024-10-21,121,1,195.992,178.34,167.3291880089218,185.9984106378774,186.0933077531225,10370,-0.6643794381207049,11.533850586000643
CRUDE_OIL,MATCHED,2024-10,W4,2024-10-31,121,1,195.992,178.34,167.3291880089218,185.9984106378774,186.07935534165205,10388,-0.6643794381207049,12.067183919333976
CRUDE_OIL,MATCHED,2024-11,W0,2024-10-31,121,2,189.72,178.34,171.03494486975183,193.1975356538563,192.81466792638952,10388,-1.2310461047873715,10.377892471827352
CRUDE_OIL,MATCHED,2024-11,W1,2024-11-07,121,2,189.72,178.34,171.03494486975183,193.1975356538563,192.81466792638952,10409,-1.2310461047873715,10.377892471827352
CRUDE_OIL,MATCHED,2024-11,W2,2024-11-14,122,1,189.72,197.566,195.30384642118727,202.72809939682526,202.79785966085984,10444,-1.0779575938870514,11.387939480177295
CRUDE_OIL,MATCHED,2024-11,W3,2024-11-21,122,1,189.72,197.566,195.30384642118727,202.72809939682526,202.77321311606073,10467,-1.0779575938870514,12.454606146843961
CRUDE_OIL,MATCHED,2024-11,W4,2024-11-30,122,1,189.72,197.566,195.30384642118727,202.72809939682526,202.77321311606073,10481,-1.0779575938870514,12.454606146843961
CRUDE_OIL,MATCHED,2024-12,W0,2024-11-30,122,2,189.942,197.566,187.57914193591216,202.5447162832708,202.48257558468842,10481,-0.5112909272203848,9.871272813510629
CRUDE_OIL,MATCHED,2024-12,W1,2024-12-07,122,2,189.942,197.566,187.57914193591216,202.5447162832708,202.48257558468842,10499,-0.5112909272203848,9.871272813510629
CRUDE_OIL,MATCHED,2024-12,W2,2024-12-14,123,1,189.942,190.054,182.70987339462826,188.01536895675864,186.65281409546384,10524,-0.7837652169803334,10.235321201739604
CRUDE_OIL,MATCHED,2024-12,W3,2024-12-21,123,1,189.942,190.054,182.70987339462826,188.01536895675864,186.62422662212194,10545,-0.7837652169803334,11.30198786840627
CRUDE_OIL,MATCHED,2024-12,W4,2024-12-31,123,1,189.942,190.054,182.70987339462826,188.01536895675864,186.62422662212194,10564,-0.7837652169803334,11.30198786840627
CRUDE_OIL,MATCHED,2025-01,W0,2024-12-31,123,2,211.855,190.054,177.43454537848945,192.27772725082104,192.2640312034279,10564,-0.7837652169803334,11.718654535072936
CRUDE_OIL,MATCHED,2025-01,W1,2025-01-07,123,2,211.855,190.054,177.43454537848945,192.27772725082104,192.2640312034279,10575,-0.7837652169803334,11.718654535072936
CRUDE_OIL,MATCHED,2025-01,W2,2025-01-14,124,1,211.855,191.434,189.9049129299744,194.6673862096976,194.75648018790935,10588,-0.6068748339272074,11.162277402417477
CRUDE_OIL,MATCHED,2025-01,W3,2025-01-21,124,1,211.855,191.434,189.9049129299744,194.6673862096976,194.75648018790935,10596,-0.6068748339272074,11.162277402417477
CRUDE_OIL,MATCHED,2025-01,W4,2025-01-31,124,1,211.855,191.434,189.9049129299744,194.6673862096976,194.75648018790935,10622,-0.6068748339272074,11.162277402417477
CRUDE_OIL,MATCHED,2025-02,W0,2025-01-31,124,2,203.762,191.434,186.12104762838376,195.02289052000424,194.97802495089405,10622,-0.6068748339272074,10.322277402417477
CRUDE_OIL,MATCHED,2025-02,W1,2025-02-07,124,2,203.762,191.434,186.12104762838376,195.02289052000424,194.97802495089405,10634,-0.6068748339272074,10.322277402417477
CRUDE_OIL,MATCHED,2025-02,W2,2025-02-14,125,1,203.762,218.513,219.10307531141763,215.12463356468683,215.27499709399092,10648,-0.4668241226931106,10.227893089997957
CRUDE_OIL,MATCHED,2025-02,W3,2025-02-21,125,1,203.762,218.513,219.10307531141763,215.12463356468683,215.27499709399092,10667,-0.4668241226931106,10.227893089997957
CRUDE_OIL,MATCHED,2025-02,W4,2025-02-28,125,1,203.762,218.513,219.10307531141763,215.12463356468683,215.27499709399092,10680,-0.4668241226931106,10.227893089997957
CRUDE_OIL,MATCHED,2025-03,W0,2025-02-28,125,2,190.263,218.513,206.538566250062,204.17192945493423,204.93326497706414,10680,0.30984254397355615,11.537893089997958
CRUDE_OIL,MATCHED,2025-03,W1,2025-03-07,125,2,190.263,218.513,206.538566250062,204.17192945493423,204.93326497706414,10701,0.30984254397355615,11.537893089997958
CRUDE_OIL,MATCHED,2025-03,W2,2025-03-14,126,1,190.263,208.109,200.48131935939077,203.6452254699655,203.8193665567484,10720,0.42069147687405417,10.459333019836253
CRUDE_OIL,MATCHED,2025-03,W3,2025-03-21,126,1,190.263,208.109,200.48131935939077,203.6452254699655,203.8193665567484,10728,0.42069147687405417,10.459333019836253
CRUDE_OIL,MATCHED,2025-03,W4,2025-03-31,126,1,190.263,208.109,200.48131935939077,203.6452254699655,203.8193665567484,10741,0.42069147687405417,10.459333019836253
CRUDE_OIL,MATCHED,2025-04,W0,2025-03-31,126,2,178.033,208.109,194.1069789373105,201.02085624811156,201.78760107467838,10741,0.42069147687405417,9.392666353169586
CRUDE_OIL,MATCHED,2025-04,W1,2025-04-07,126,2,178.033,208.109,194.1069789373105,201.02085624811156,201.78760107467838,10763,0.42069147687405417,9.392666353169586
CRUDE_OIL,MATCHED,2025-04,W2,2025-04-14,127,1,178.033,189.949,187.84134270029668,193.86909186923134,194.01322101399546,10785,1.2692587888427929,9.75784284962807
CRUDE_OIL,MATCHED,2025-04,W3,2025-04-21,127,1,178.033,189.949,187.84134270029668,193.86909186923134,194.01322101399546,10795,1.2692587888427929,9.75784284962807
CRUDE_OIL,MATCHED,2025-04,W4,2025-04-30,127,1,178.033,189.949,187.84134270029668,193.86909186923134,194.01322101399546,10805,1.2692587888427929,9.75784284962807
CRUDE_OIL,MATCHED,2025-05,W0,2025-04-30,127,2,174.359,189.949,182.05314003749814,192.77839744895803,192.68043432971808,10805,0.49259212217612613,10.574509516294734
CRUDE_OIL,MATCHED,2025-05,W1,2025-05-07,127,2,174.359,189.949,182.05314003749814,192.77839744895803,192.68043432971808,10824,0.49259212217612613,10.574509516294734
CRUDE_OIL,MATCHED,2025-05,W2,2025-05-14,127,2,174.359,189.949,182.05314003749814,192.77839744895803,192.68043432971808,10842,0.49259212217612613,10.574509516294734
CRUDE_OIL,MATCHED,2025-05,W3,2025-05-21,128,1,174.359,181.322,175.2238668158228,184.98481530089236,185.07594602651545,10862,1.1142051932952637,10.269063309239062
CRUDE_OIL,MATCHED,2025-05,W4,2025-05-31,128,1,174.359,181.322,175.2238668158228,184.98481530089236,185.07594602651545,10889,1.1142051932952637,10.269063309239062
CRUDE_OIL,MATCHED,2025-06,W0,2025-05-31,128,2,185.929,181.322,171.2225224491994,192.95296521366598,193.99044906794646,10889,1.8908718599619305,8.809063309239065
CRUDE_OIL,MATCHED,2025-06,W1,2025-06-07,128,2,185.929,181.322,171.2225224491994,192.95296521366598,193.99044906794646,10906,1.8908718599619305,8.809063309239065
CRUDE_OIL,MATCHED,2025-06,W2,2025-06-14,129,1,185.929,180.607,176.14201210207833,184.5040854606636,184.5779901546061,10927,1.8171753827694084,8.90711610347724
CRUDE_OIL,MATCHED,2025-06,W3,2025-06-21,129,1,185.929,180.607,176.14201210207833,184.5040854606636,184.5779901546061,10942,1.8171753827694084,8.90711610347724
CRUDE_OIL,MATCHED,2025-06,W4,2025-06-30,129,1,185.929,180.607,176.14201210207833,184.5040854606636,184.5779901546061,10956,1.8171753827694084,8.90711610347724
CRUDE_OIL,MATCHED,2025-07,W0,2025-06-30,129,2,188.348,180.607,172.30863381703548,195.25789614571514,191.80343449301787,10956,0.558842049436075,8.663782770143905
CRUDE_OIL,MATCHED,2025-07,W1,2025-07-07,129,2,188.348,180.607,172.30863381703548,195.25789614571514,191.80343449301787,10970,0.558842049436075,8.663782770143905
CRUDE_OIL,MATCHED,2025-07,W2,2025-07-14,129,2,188.348,180.607,172.30863381703548,195.25789614571514,191.80343449301787,10988,0.558842049436075,8.663782770143905
CRUDE_OIL,MATCHED,2025-07,W3,2025-07-21,130,1,188.348,174.668,171.25183363832838,195.11978525678757,194.48910905539384,10999,1.2494178293242126,7.380277720583342
CRUDE_OIL,MATCHED,2025-07,W4,2025-07-31,130,1,188.348,174.668,171.25183363832838,195.11978525678757,195.0246959143885,11020,1.2494178293242126,9.513611053916675
CRUDE_OIL,MATCHED,2025-08,W0,2025-07-31,130,2,180.585,174.668,169.457686975076,200.15791208028747,195.79323894411806,11020,1.7310844959908793,7.263611053916676
CRUDE_OIL,MATCHED,2025-08,W1,2025-08-07,130,2,180.585,174.668,169.457686975076,200.15791208028747,195.97284881505595,11035,1.7310844959908793,7.906944387250009
CRUDE_OIL,MATCHED,2025-08,W2,2025-08-14,131,1,180.585,187.057,182.89037453354766,189.73006129881435,189.64021175262988,11057,1.2067271648870803,9.147838010326998
CRUDE_OIL,MATCHED,2025-08,W3,2025-08-21,131,1,180.585,187.057,182.89037453354766,189.73006129881435,189.64021175262988,11073,1.2067271648870803,9.147838010326998
CRUDE_OIL,MATCHED,2025-08,W4,2025-08-31,131,1,180.585,187.057,182.89037453354766,189.73006129881435,189.64021175262988,11105,1.2067271648870803,9.147838010326998
CRUDE_OIL,MATCHED,2025-09,W0,2025-08-31,131,2,178.79,187.057,176.5031535654102,202.11099342922074,199.88766179172433,11105,1.9833938315537472,9.054504676993666
CRUDE_OIL,MATCHED,2025-09,W1,2025-09-07,131,2,178.79,187.057,176.5031535654102,202.11099342922074,199.88766179172433,11115,1.9833938315537472,9.054504676993666
CRUDE_OIL,MATCHED,2025-09,W2,2025-09-14,132,1,178.79,185.033,180.69758198570142,188.9271456049146,189.16120791740516,11139,1.990133354976423,10.41579043147537
CRUDE_OIL,MATCHED,2025-09,W3,2025-09-21,132,1,178.79,185.033,180.69758198570142,188.9271456049146,189.16120791740516,11156,1.990133354976423,10.41579043147537
CRUDE_OIL,MATCHED,2025-09,W4,2025-09-30,132,1,178.79,185.033,180.69758198570142,188.9271456049146,189.16120791740516,11177,1.990133354976423,10.41579043147537
CRUDE_OIL,MATCHED,2025-10,W0,2025-09-30,132,2,169.123,185.033,177.5316930686855,189.91295955094827,189.34572047943902,11177,0.46856434115943824,8.189123764808704
CRUDE_OIL,MATCHED,2025-10,W1,2025-10-07,132,2,169.123,185.033,177.5316930686855,189.91295955094827,189.40426310374173,11197,0.46856434115943824,8.189123764808704
CRUDE_OIL,MATCHED,2025-10,W2,2025-10-14,132,2,169.123,185.033,177.5316930686855,189.91295955094827,189.40426310374173,11197,0.46856434115943824,8.189123764808704
CRUDE_OIL,MATCHED,2025-10,W3,2025-10-21,132,2,169.123,185.033,177.5316930686855,189.91295955094827,189.40426310374173,11199,0.46856434115943824,8.189123764808704
CRUDE_OIL,MATCHED,2025-10,W4,2025-10-31,132,2,169.123,185.033,177.5316930686855,189.91295955094827,189.40426310374173,11200,0.46856434115943824,8.189123764808704
CRUDE_OIL,MATCHED,2025-11,W0,2025-10-31,132,3,166.553,185.033,175.13287896880226,200.2029640621974,200.10106210884024,11200,1.2134666883097562,9.062457098142037
CRUDE_OIL,MATCHED,2025-11,W1,2025-11-07,132,3,166.553,185.033,175.13287896880226,200.2029640621974,200.10106210884024,11202,1.2134666883097562,9.062457098142037
CRUDE_OIL,MATCHED,2025-11,W2,2025-11-14,132,3,166.553,185.033,175.13287896880226,200.2029640621974,200.10106210884024,11205,1.2134666883097562,9.062457098142037
CRUDE_OIL,MATCHED,2025-11,W3,2025-11-21,132,3,166.553,185.033,175.13287896880226,200.2029640621974,200.10106210884024,11216,1.2134666883097562,9.062457098142037
CRUDE_OIL,MATCHED,2025-11,W4,2025-11-30,133,2,166.553,177.582,172.98604012040684,186.3242487257852,186.42509497463155,11230,1.853341395524604,9.650711823073285
CRUDE_OIL,MATCHED,2025-12,W0,2025-11-30,133,3,161.815,177.582,171.0622860248624,187.3014703489215,190.34031812427227,11230,4.183341395524604,12.268795594726704
CRUDE_OIL,MATCHED,2025-12,W1,2025-12-07,133,3,161.815,177.582,171.0622860248624,187.3014703489215,190.34031812427227,11244,4.183341395524604,12.268795594726704
CRUDE_OIL,MATCHED,2025-12,W2,2025-12-14,133,3,161.815,177.582,171.0622860248624,187.3014703489215,190.4469925262681,11257,4.183341395524604,12.802128928060037
CRUDE_OIL,MATCHED,2025-12,W3,2025-12-21,133,3,161.815,177.582,171.0622860248624,187.3014703489215,190.4469925262681,11273,4.183341395524604,12.802128928060037
CRUDE_OIL,MATCHED,2025-12,W4,2025-12-31,133,3,161.815,177.582,171.0622860248624,187.3014703489215,190.4469925262681,11293,4.183341395524604,12.802128928060037
CRUDE_OIL,MATCHED,2026-01,W0,2025-12-31,133,4,164.664,177.582,169.53871168315698,201.59858343647178,188.52395352246623,11293,1.6125080621912706,9.522128928060036
CRUDE_OIL,MATCHED,2026-01,W1,2026-01-07,133,4,164.664,177.582,169.53871168315698,201.59858343647178,188.52395352246623,11293,1.6125080621912706,9.522128928060036
CRUDE_OIL,MATCHED,2026-01,W2,2026-01-14,133,4,164.664,177.582,169.53871168315698,201.59858343647178,188.52395352246623,11293,1.6125080621912706,9.522128928060036
CRUDE_OIL,MATCHED,2026-01,W3,2026-01-21,133,4,164.664,177.582,169.53871168315698,201.59858343647178,188.52395352246623,11293,1.6125080621912706,9.522128928060036
CRUDE_OIL,MATCHED,2026-01,W4,2026-01-31,133,4,164.664,177.582,169.53871168315698,201.59858343647178,188.52395352246623,11293,1.6125080621912706,9.522128928060036
CRUDE_OIL,MAXIMUM,2021-12,W0,2021-11-30,144,2,197.098,223.0,239.6415303521042,204.89389418548842,225.05626773435944,8214,0.47704116170618516,6.280025523540752
CRUDE_OIL,MAXIMUM,2021-12,W1,2021-12-07,144,2,197.098,223.0,239.6415303521042,204.89389418548842,225.05626773435944,8236,0.47704116170618516,6.280025523540752
CRUDE_OIL,MAXIMUM,2021-12,W2,2021-12-14,146,1,197.098,229.786,233.5814845458571,233.54631166745116,231.0067941377958,8254,0.6515027342281426,5.879266334920736
CRUDE_OIL,MAXIMUM,2021-12,W3,2021-12-21,146,1,197.098,229.786,233.5814845458571,233.54631166745116,231.0067941377958,8257,0.6515027342281426,5.879266334920736
CRUDE_OIL,MAXIMUM,2021-12,W4,2021-12-31,146,1,197.098,229.786,233.5814845458571,233.54631166745116,231.0067941377958,8274,0.6515027342281426,5.879266334920736
CRUDE_OIL,MAXIMUM,2022-01,W0,2021-12-31,145,2,226.752,229.786,233.71803589682355,232.79708737564584,232.05847214024726,8274,-0.3035949186215394,7.012599668254069
CRUDE_OIL,MAXIMUM,2022-01,W1,2022-01-07,145,2,226.752,229.786,233.71803589682355,232.79708737564584,232.05847214024726,8300,-0.3035949186215394,7.012599668254069
CRUDE_OIL,MAXIMUM,2022-01,W2,2022-01-14,147,1,226.752,188.414,192.67666310367352,192.61250994446888,192.27160882861483,8306,-0.4178943965230768,6.057004857545126
CRUDE_OIL,MAXIMUM,2022-01,W3,2022-01-21,147,1,226.752,188.414,192.67666310367352,192.61250994446888,192.27160882861483,8312,-0.4178943965230768,6.057004857545126
CRUDE_OIL,MAXIMUM,2022-01,W4,2022-01-31,147,1,226.752,188.414,192.67666310367352,192.61250994446888,192.27160882861483,8322,-0.4178943965230768,6.057004857545126
CRUDE_OIL,MAXIMUM,2022-02,W0,2022-01-31,146,2,254.864,188.414,195.05029494655355,194.0303645027545,193.6573568721383,8322,0.14877227014358985,5.490338190878459
CRUDE_OIL,MAXIMUM,2022-02,W1,2022-02-07,146,2,254.864,188.414,195.05029494655355,194.0303645027545,193.6573568721383,8347,0.14877227014358985,5.490338190878459
CRUDE_OIL,MAXIMUM,2022-02,W2,2022-02-14,146,2,254.864,188.414,195.05029494655355,194.0303645027545,193.6573568721383,8364,0.14877227014358985,5.490338190878459
CRUDE_OIL,MAXIMUM,2022-02,W3,2022-02-21,148,1,254.864,225.358,226.7973396855973,226.74372005855676,226.50726734523812,8373,-0.8080290608425609,5.715543192385498
CRUDE_OIL,MAXIMUM,2022-02,W4,2022-02-28,148,1,254.864,225.358,226.7973396855973,226.74372005855676,226.0672015235569,8386,-0.03136239417589426,6.492209859052164
CRUDE_OIL,MAXIMUM,2022-03,W0,2022-02-28,147,2,281.88,225.358,229.39985649246324,229.29786128290482,228.8943917320812,8386,-0.24136239417589422,5.148876525718832
CRUDE_OIL,MAXIMUM,2022-03,W1,2022-03-07,147,2,281.88,225.358,229.39985649246324,229.29786128290482,228.85461500535646,8407,-0.24136239417589422,5.682209859052165
CRUDE_OIL,MAXIMUM,2022-03,W2,2022-03-14,147,2,281.88,225.358,229.39985649246324,229.29786128290482,228.70285010469036,8424,0.5353042724907724,6.458876525718831
CRUDE_OIL,MAXIMUM,2022-03,W3,2022-03-21,149,1,281.88,258.867,248.94904014040478,248.88334393654947,247.74955549287148,8434,1.822934069863446,8.006674837976522
CRUDE_OIL,MAXIMUM,2022-03,W4,2022-03-31,149,1,281.88,258.867,248.94904014040478,248.88334393654947,247.74955549287148,8447,1.822934069863446,8.006674837976522
CRUDE_OIL,MAXIMUM,2022-04,W0,2022-03-31,148,2,283.471,258.867,250.13520823689205,249.97498652856794,249.28821529336255,8447,-0.29706593013655436,8.086674837976522
CRUDE_OIL,MAXIMUM,2022-04,W1,2022-04-07,148,2,283.471,258.867,250.13520823689205,249.97498652856794,249.28821529336255,8465,-0.29706593013655436,8.086674837976522
CRUDE_OIL,MAXIMUM,2022-04,W2,2022-04-14,150,1,283.471,274.271,270.5912058122385,270.55343157339166,269.9776732605475,8485,2.056389739911773,10.125573201574035
CRUDE_OIL,MAXIMUM,2022-04,W3,2022-04-21,150,1,283.471,274.271,270.5912058122385,270.55343157339166,269.9776732605475,8490,2.056389739911773,10.125573201574035
CRUDE_OIL,MAXIMUM,2022-04,W4,2022-04-30,150,1,283.471,274.271,270.5912058122385,270.55343157339166,269.9776732605475,8495,2.056389739911773,10.125573201574035
CRUDE_OIL,MAXIMUM,2022-05,W0,2022-04-30,149,2,289.411,274.271,270.3345434607844,270.2366098506253,270.06691231950515,8495,1.8463897399117726,9.958906534907367
CRUDE_OIL,MAXIMUM,2022-05,W1,2022-05-07,149,2,289.411,274.271,270.3345434607844,270.2366098506253,270.04641719208826,8511,1.8463897399117726,10.4922398682407
CRUDE_OIL,MAXIMUM,2022-05,W2,2022-05-14,151,1,289.411,290.16,285.8842124038604,285.85197438013586,285.59966254102886,8524,2.092460421547317,12.184816472691198
CRUDE_OIL,MAXIMUM,2022-05,W3,2022-05-21,151,1,289.411,290.16,285.8842124038604,285.85197438013586,285.59966254102886,8536,2.092460421547317,12.184816472691198
CRUDE_OIL,MAXIMUM,2022-05,W4,2022-05-31,151,1,289.411,290.16,285.8842124038604,285.85197438013586,285.5415256940274,8547,2.092460421547317,14.31814980602453
CRUDE_OIL,MAXIMUM,2022-06,W0,2022-05-31,150,2,326.056,290.16,288.15920486930537,288.0739750291546,288.4087447177456,8547,2.092460421547317,9.824816472691198
CRUDE_OIL,MAXIMUM,2022-06,W1,2022-06-07,150,2,326.056,290.16,288.15920486930537,288.0739750291546,288.42431597779677,8579,2.092460421547317,10.891483139357865
CRUDE_OIL,MAXIMUM,2022-06,W2,2022-06-14,152,1,326.056,281.504,278.4268156388637,278.40388467136114,278.08636774301954,8601,2.0897183299903475,14.464742677939352
CRUDE_OIL,MAXIMUM,2022-06,W3,2022-06-21,152,1,326.056,281.504,278.4268156388637,278.40388467136114,278.08636774301954,8606,2.0897183299903475,14.464742677939352
CRUDE_OIL,MAXIMUM,2022-06,W4,2022-06-30,152,1,326.056,281.504,278.4268156388637,278.40388467136114,278.08636774301954,8619,2.0897183299903475,14.464742677939352
CRUDE_OIL,MAXIMUM,2022-07,W0,2022-06-30,151,2,275.308,281.504,282.50674781363665,282.4339926624556,283.05305631201594,8619,2.5051349966570147,14.934742677939353
CRUDE_OIL,MAXIMUM,2022-07,W1,2022-07-07,151,2,275.308,281.504,282.50674781363665,282.4339926624556,283.0614873290445,8636,2.5051349966570147,15.468076011272686
CRUDE_OIL,MAXIMUM,2022-07,W2,2022-07-14,153,1,275.308,343.497,334.78652792007995,334.84154802173487,335.52863456488626,8646,2.506440028583753,15.819970142814086
CRUDE_OIL,MAXIMUM,2022-07,W3,2022-07-21,153,1,275.308,343.497,334.78652792007995,334.84154802173487,335.52863456488626,8655,2.506440028583753,15.819970142814086
CRUDE_OIL,MAXIMUM,2022-07,W4,2022-07-31,153,1,275.308,343.497,334.78652792007995,334.84154802173487,335.52863456488626,8664,2.506440028583753,15.819970142814086
CRUDE_OIL,MAXIMUM,2022-08,W0,2022-07-31,152,2,258.826,343.497,367.25167934245724,367.20640050879274,339.91068690374817,8664,2.1158652569131675,11.73330347614742
CRUDE_OIL,MAXIMUM,2022-08,W1,2022-08-07,152,2,258.826,343.497,367.25167934245724,367.20640050879274,340.13309438350416,8689,2.1158652569131675,13.33330347614742
CRUDE_OIL,MAXIMUM,2022-08,W2,2022-08-14,154,1,258.826,267.122,269.1070719247607,268.98520303772193,268.43394528936045,8696,2.4537878231883097,14.556224776254796
CRUDE_OIL,MAXIMUM,2022-08,W3,2022-08-21,154,1,258.826,267.122,269.1070719247607,268.98520303772193,268.36839633334404,8703,2.4537878231883097,16.156224776254795
CRUDE_OIL,MAXIMUM,2022-08,W4,2022-08-31,154,1,258.826,267.122,269.1070719247607,268.98520303772193,268.36839633334404,8727,2.4537878231883097,16.156224776254795
CRUDE_OIL,MAXIMUM,2022-09,W0,2022-08-31,153,2,241.987,267.122,259.40137806092997,259.3040896465744,271.8307229967297,8727,2.4537878231883097,14.439558109588129
CRUDE_OIL,MAXIMUM,2022-09,W1,2022-09-07,153,2,241.987,267.122,259.40137806092997,259.3040896465744,271.8307229967297,8746,2.4537878231883097,14.439558109588129
CRUDE_OIL,MAXIMUM,2022-09,W2,2022-09-14,155,1,241.987,257.91,265.78250659079424,265.6487983395442,264.8270974968045,8778,2.382930247641744,16.39296451825064
CRUDE_OIL,MAXIMUM,2022-09,W3,2022-09-21,155,1,241.987,257.91,265.78250659079424,265.6487983395442,264.79443030951666,8790,2.382930247641744,16.926297851583975
CRUDE_OIL,MAXIMUM,2022-09,W4,2022-09-30,155,1,241.987,257.91,265.78250659079424,265.6487983395442,264.72909593494086,8816,2.382930247641744,17.992964518250645
CRUDE_OIL,MAXIMUM,2022-10,W0,2022-09-30,154,2,247.665,257.91,267.9074645897757,267.67257410769963,267.17593482052473,8816,2.382930247641744,15.896297851583974
CRUDE_OIL,MAXIMUM,2022-10,W1,2022-10-07,154,2,247.665,257.91,267.9074645897757,267.67257410769963,267.17593482052473,8830,2.382930247641744,15.896297851583974
CRUDE_OIL,MAXIMUM,2022-10,W2,2022-10-14,156,1,247.665,250.595,253.27994397445184,253.16893305413444,252.16787000093922,8844,2.147566203191693,18.616317681532074
CRUDE_OIL,MAXIMUM,2022-10,W3,2022-10-21,156,1,247.665,250.595,253.27994397445184,253.16893305413444,252.16787000093922,8857,2.147566203191693,18.616317681532074
CRUDE_OIL,MAXIMUM,2022-10,W4,2022-10-31,156,1,247.665,250.595,253.27994397445184,253.16893305413444,252.11990391278084,8874,2.147566203191693,19.25965101486541
CRUDE_OIL,MAXIMUM,2022-11,W0,2022-10-31,155,2,241.614,250.595,247.35929370314963,247.1205773709221,245.6025098176813,8874,1.5808995365250267,17.343692900692115
CRUDE_OIL,MAXIMUM,2022-11,W1,2022-11-07,155,2,241.614,250.595,247.35929370314963,247.1205773709221,245.6025098176813,8892,1.5808995365250267,17.343692900692115
CRUDE_OIL,MAXIMUM,2022-11,W2,2022-11-14,155,2,241.614,250.595,247.35929370314963,247.1205773709221,245.6025098176813,8896,1.5808995365250267,17.343692900692115
CRUDE_OIL,MAXIMUM,2022-11,W3,2022-11-21,157,1,241.614,249.344,249.7886742075466,249.70928572609319,248.89325019812694,8907,1.6091662208187367,18.389511463894973
CRUDE_OIL,MAXIMUM,2022-11,W4,2022-11-30,157,1,241.614,249.344,249.7886742075466,249.70928572609319,248.89325019812694,8915,1.6091662208187367,18.389511463894973
CRUDE_OIL,MAXIMUM,2022-12,W0,2022-11-30,156,2,209.831,249.344,252.11060600620928,251.9253802095325,250.63671335133046,8915,1.8853157641599076,16.339511463894965
CRUDE_OIL,MAXIMUM,2022-12,W1,2022-12-07,156,2,209.831,249.344,252.11060600620928,251.9253802095325,250.50255761074703,8939,1.8853157641599076,17.406178130561635
CRUDE_OIL,MAXIMUM,2022-12,W2,2022-12-14,158,1,209.831,241.975,241.55945356906707,241.52088749369216,238.13812402373352,8948,1.271532984422059,16.691608009913317
CRUDE_OIL,MAXIMUM,2022-12,W3,2022-12-21,158,1,209.831,241.975,241.55945356906707,241.52088749369216,238.06445490685024,8964,1.271532984422059,17.758274676579987
CRUDE_OIL,MAXIMUM,2022-12,W4,2022-12-31,158,1,209.831,241.975,241.55945356906707,241.52088749369216,237.990785789967,8996,1.271532984422059,18.824941343246657
CRUDE_OIL,MAXIMUM,2023-01,W0,2022-12-31,157,2,207.365,241.975,240.68326921293965,240.61563305982895,239.08012941124795,8996,1.0348174913305512,17.258274676579987
CRUDE_OIL,MAXIMUM,2023-01,W1,2023-01-07,157,2,207.365,241.975,240.68326921293965,240.61563305982895,239.08012941124795,9008,1.0348174913305512,17.258274676579987
CRUDE_OIL,MAXIMUM,2023-01,W2,2023-01-14,157,2,207.365,241.975,240.68326921293965,240.61563305982895,238.94391532305562,9023,1.0348174913305512,18.324941343246657
CRUDE_OIL,MAXIMUM,2023-01,W3,2023-01-21,159,1,207.365,205.481,209.23308955101174,209.15217424869044,207.59911567687072,9028,0.7543202707639909,18.665258886536076
CRUDE_OIL,MAXIMUM,2023-01,W4,2023-01-31,159,1,207.365,205.481,209.23308955101174,209.15217424869044,207.59911567687072,9036,0.7543202707639909,18.665258886536076
CRUDE_OIL,MAXIMUM,2023-02,W0,2023-01-31,158,2,214.227,205.481,210.15440716274694,211.64587728842545,210.79663650215798,9036,1.3209869374306575,17.03192555320274
CRUDE_OIL,MAXIMUM,2023-02,W1,2023-02-07,158,2,214.227,205.481,210.15440716274694,211.64587728842545,210.74868935444826,9059,1.3209869374306575,17.565258886536075
CRUDE_OIL,MAXIMUM,2023-02,W2,2023-02-14,158,2,214.227,205.481,210.15440716274694,211.64587728842545,210.71350659283513,9075,1.3209869374306575,18.09859221986941
CRUDE_OIL,MAXIMUM,2023-02,W3,2023-02-21,160,1,214.227,204.019,202.8345167634501,202.72048487883353,201.25453184584114,9086,0.9510357195137704,18.82927393839587
CRUDE_OIL,MAXIMUM,2023-02,W4,2023-02-28,160,1,214.227,204.019,202.8345167634501,202.72048487883353,201.25453184584114,9100,0.9510357195137704,18.82927393839587
CRUDE_OIL,MAXIMUM,2023-03,W0,2023-02-28,159,2,198.961,204.019,209.15716348180135,206.78604505675872,205.40028122405062,9100,0.9510357195137704,17.64594060506253
CRUDE_OIL,MAXIMUM,2023-03,W1,2023-03-07,159,2,198.961,204.019,209.15716348180135,206.78604505675872,205.2970920049818,9127,0.9510357195137704,18.7126072717292
CRUDE_OIL,MAXIMUM,2023-03,W2,2023-03-14,159,2,198.961,204.019,209.15716348180135,206.78604505675872,205.2970920049818,9146,0.9510357195137704,18.7126072717292
CRUDE_OIL,MAXIMUM,2023-03,W3,2023-03-21,161,1,198.961,222.316,219.3036046893738,219.20580459697794,218.03757538628895,9153,1.0369972417246514,19.413817724523998
CRUDE_OIL,MAXIMUM,2023-03,W4,2023-03-31,161,1,198.961,222.316,219.3036046893738,219.20580459697794,218.03757538628895,9165,1.0369972417246514,19.413817724523998
CRUDE_OIL,MAXIMUM,2023-04,W0,2023-03-31,160,2,221.208,222.316,215.2647868902156,213.6030338063487,213.9762476802769,9165,1.046843259772733,15.263817724523987
CRUDE_OIL,MAXIMUM,2023-04,W1,2023-04-07,160,2,221.208,222.316,215.2647868902156,213.6030338063487,213.91421030074287,9192,1.046843259772733,15.79715105785732
CRUDE_OIL,MAXIMUM,2023-04,W2,2023-04-14,162,1,221.208,193.978,194.4710468362595,194.357389261957,198.00028923382752,9210,1.1312250296004849,16.744105786424207
CRUDE_OIL,MAXIMUM,2023-04,W3,2023-04-21,162,1,221.208,193.978,194.4710468362595,194.357389261957,198.00028923382752,9222,1.1312250296004849,16.744105786424207
CRUDE_OIL,MAXIMUM,2023-04,W4,2023-04-30,162,1,221.208,193.978,194.4710468362595,194.357389261957,197.9948407800299,9226,1.1312250296004849,16.744105786424207
CRUDE_OIL,MAXIMUM,2023-05,W0,2023-04-30,161,2,199.51,193.978,197.92277800428272,196.86169081099817,196.27352724284302,9226,1.092795859623811,18.344105786424212
CRUDE_OIL,MAXIMUM,2023-05,W1,2023-05-07,161,2,199.51,193.978,197.92277800428272,196.86169081099817,196.27352724284302,9245,1.092795859623811,18.344105786424212
CRUDE_OIL,MAXIMUM,2023-05,W2,2023-05-14,163,1,199.51,225.601,224.75301538288255,224.748051311073,224.36297340018345,9255,1.0006326901683127,15.921421590529542
CRUDE_OIL,MAXIMUM,2023-05,W3,2023-05-21,163,1,199.51,225.601,224.75301538288255,224.748051311073,224.3531427341306,9271,1.0006326901683127,16.454754923862875
CRUDE_OIL,MAXIMUM,2023-05,W4,2023-05-31,163,1,199.51,225.601,224.75301538288255,224.748051311073,224.3433120680778,9287,1.0006326901683127,16.98808825719621
CRUDE_OIL,MAXIMUM,2023-06,W0,2023-05-31,162,2,191.18,225.601,224.33637370789108,223.25236549608604,222.4824747909139,9287,0.6706815165931538,15.388088257196209
CRUDE_OIL,MAXIMUM,2023-06,W1,2023-06-07,162,2,191.18,225.601,224.33637370789108,223.25236549608604,222.4711584385801,9316,0.6706815165931538,15.388088257196209
CRUDE_OIL,MAXIMUM,2023-06,W2,2023-06-14,164,1,191.18,200.235,198.0109841650416,197.90854893853998,196.77787181015964,9331,0.650493348825649,15.717758754222352
CRUDE_OIL,MAXIMUM,2023-06,W3,2023-06-21,164,1,191.18,200.235,198.0109841650416,197.90854893853998,196.7720322869427,9340,0.650493348825649,15.717758754222352
CRUDE_OIL,MAXIMUM,2023-06,W4,2023-06-30,164,1,191.18,200.235,198.0109841650416,197.90854893853998,196.71951567082544,9360,0.650493348825649,16.251092087555687
CRUDE_OIL,MAXIMUM,2023-07,W0,2023-06-30,163,2,207.341,200.235,197.55097222644227,196.32729886473803,195.42187030720126,9360,0.44507668215898244,16.28442542088902
CRUDE_OIL,MAXIMUM,2023-07,W1,2023-07-07,163,2,207.341,200.235,197.55097222644227,196.32729886473803,195.42187030720126,9379,0.44507668215898244,16.28442542088902
CRUDE_OIL,MAXIMUM,2023-07,W2,2023-07-14,165,1,207.341,187.219,190.48365102919263,190.34626624285573,189.2259860788811,9397,0.1578586426787889,15.531702236062074
CRUDE_OIL,MAXIMUM,2023-07,W3,2023-07-21,165,1,207.341,187.219,190.48365102919263,190.34626624285573,189.11242426662938,9406,0.1578586426787889,16.598368902728744
CRUDE_OIL,MAXIMUM,2023-07,W4,2023-07-31,165,1,207.341,187.219,190.48365102919263,190.34626624285573,189.11242426662938,9417,0.1578586426787889,16.598368902728744
CRUDE_OIL,MAXIMUM,2023-08,W0,2023-07-31,164,2,224.147,187.219,192.7617272605739,192.55528092682533,190.4141260044198,9417,0.1578586426787889,13.398368902728741
CRUDE_OIL,MAXIMUM,2023-08,W1,2023-08-07,164,2,224.147,187.219,192.7617272605739,192.55528092682533,190.33446476828811,9441,0.1578586426787889,13.931702236062074
CRUDE_OIL,MAXIMUM,2023-08,W2,2023-08-14,166,1,224.147,207.04,203.89615943903775,203.79545800771885,202.94914253693037,9452,-0.24144206328409346,14.107588907897695
CRUDE_OIL,MAXIMUM,2023-08,W3,2023-08-21,166,1,224.147,207.04,203.89615943903775,203.79545800771885,202.94914253693037,9462,-0.24144206328409346,14.107588907897695
CRUDE_OIL,MAXIMUM,2023-08,W4,2023-08-31,166,1,224.147,207.04,203.89615943903775,203.79545800771885,202.94914253693037,9480,-0.24144206328409346,14.107588907897695
CRUDE_OIL,MAXIMUM,2023-09,W0,2023-08-31,165,2,247.165,207.04,200.3198112878368,200.11827302092735,198.7291341546007,9480,0.3252246033825732,14.907588907897694
CRUDE_OIL,MAXIMUM,2023-09,W1,2023-09-07,165,2,247.165,207.04,200.3198112878368,200.11827302092735,198.6753658132586,9504,0.3252246033825732,15.440922241231027
CRUDE_OIL,MAXIMUM,2023-09,W2,2023-09-14,167,1,247.165,226.394,222.14989718425502,222.1013834958533,221.63760751598153,9523,-0.09213947067139583,14.161451862349388
CRUDE_OIL,MAXIMUM,2023-09,W3,2023-09-21,167,1,247.165,226.394,222.14989718425502,222.1013834958533,221.63760751598153,9529,-0.09213947067139583,14.161451862349388
CRUDE_OIL,MAXIMUM,2023-09,W4,2023-09-30,167,1,247.165,226.394,222.14989718425502,222.1013834958533,221.59228520769955,9548,-0.09213947067139583,14.694785195682721
CRUDE_OIL,MAXIMUM,2023-10,W0,2023-09-30,166,2,238.834,226.394,215.89280092305034,215.82216284978895,213.65420335738966,9548,-0.6588061373380625,12.294785195682723
CRUDE_OIL,MAXIMUM,2023-10,W1,2023-10-07,166,2,238.834,226.394,215.89280092305034,215.82216284978895,213.65420335738966,9572,-0.6588061373380625,12.294785195682723
CRUDE_OIL,MAXIMUM,2023-10,W2,2023-10-14,168,1,238.834,247.071,244.6052074058899,244.57062583452247,244.46444546439426,9583,-0.4747053543719969,12.681380554423372
CRUDE_OIL,MAXIMUM,2023-10,W3,2023-10-21,168,1,238.834,247.071,244.6052074058899,244.57062583452247,244.46444546439426,9588,-0.4747053543719969,12.681380554423372
CRUDE_OIL,MAXIMUM,2023-10,W4,2023-10-31,168,1,238.834,247.071,244.6052074058899,244.57062583452247,244.46444546439426,9602,-0.4747053543719969,12.681380554423372
CRUDE_OIL,MAXIMUM,2023-11,W0,2023-10-31,167,2,215.826,247.071,234.84828746402948,234.7773890244381,233.98549942199628,9602,0.09196131229466975,13.426630116103288
CRUDE_OIL,MAXIMUM,2023-11,W1,2023-11-07,167,2,215.826,247.071,234.84828746402948,234.7773890244381,233.98102614781217,9627,0.09196131229466975,13.426630116103288
CRUDE_OIL,MAXIMUM,2023-11,W2,2023-11-14,167,2,215.826,247.071,234.84828746402948,234.7773890244381,233.96016159346854,9644,0.09196131229466975,13.959963449436621
CRUDE_OIL,MAXIMUM,2023-11,W3,2023-11-21,169,1,215.826,240.147,235.83517986543615,235.78185440999084,235.6830555779056,9657,-0.1603621354214626,13.091445665849117
CRUDE_OIL,MAXIMUM,2023-11,W4,2023-11-30,169,1,215.826,240.147,235.83517986543615,235.78185440999084,235.6830555779056,9674,-0.1603621354214626,13.091445665849117
CRUDE_OIL,MAXIMUM,2023-12,W0,2023-11-30,168,2,193.028,240.147,228.66197559981705,228.52063003145454,227.79969588300537,9674,-0.1603621354214626,10.576412769971979
CRUDE_OIL,MAXIMUM,2023-12,W1,2023-12-07,168,2,193.028,240.147,228.66197559981705,228.52063003145454,227.79969588300537,9701,-0.1603621354214626,10.576412769971979
CRUDE_OIL,MAXIMUM,2023-12,W2,2023-12-14,170,1,193.028,216.064,215.0965430665126,215.02202550291835,214.89711446421296,9720,0.028545353029456266,10.80921919220714
CRUDE_OIL,MAXIMUM,2023-12,W3,2023-12-21,170,1,193.028,216.064,215.0965430665126,215.02202550291835,214.89711446421296,9727,0.028545353029456266,10.80921919220714
CRUDE_OIL,MAXIMUM,2023-12,W4,2023-12-31,170,1,193.028,216.064,215.0965430665126,215.02202550291835,214.85845510425514,9743,0.028545353029456266,11.452552525540472
CRUDE_OIL,MAXIMUM,2024-01,W0,2023-12-31,169,2,201.535,216.064,214.94274669376736,214.75140331953048,213.95643817522318,9743,0.028545353029456266,12.825885858873805
CRUDE_OIL,MAXIMUM,2024-01,W1,2024-01-07,169,2,201.535,216.064,214.94274669376736,214.75140331953048,213.95643817522318,9757,0.028545353029456266,12.825885858873805
CRUDE_OIL,MAXIMUM,2024-01,W2,2024-01-14,171,1,201.535,187.244,185.897105913487,185.032214221593,184.86498946032697,9770,0.17459127387743734,11.37656057414556
CRUDE_OIL,MAXIMUM,2024-01,W3,2024-01-21,171,1,201.535,187.244,185.897105913487,185.032214221593,184.82538478505205,9778,0.17459127387743734,11.909893907478894
CRUDE_OIL,MAXIMUM,2024-01,W4,2024-01-31,171,1,201.535,187.244,185.897105913487,185.032214221593,184.82538478505205,9788,0.17459127387743734,11.909893907478894
CRUDE_OIL,MAXIMUM,2024-02,W0,2024-01-31,170,2,212.353,187.244,192.26523657910622,190.1777958063435,190.52477094799738,9788,-0.3920753927892293,10.459893907478895
CRUDE_OIL,MAXIMUM,2024-02,W1,2024-02-07,170,2,212.353,187.244,192.26523657910622,190.1777958063435,190.52477094799738,9813,-0.3920753927892293,10.459893907478895
CRUDE_OIL,MAXIMUM,2024-02,W2,2024-02-14,170,2,212.353,187.244,192.26523657910622,190.1777958063435,190.52477094799738,9824,-0.3920753927892293,10.459893907478895
CRUDE_OIL,MAXIMUM,2024-02,W3,2024-02-21,172,1,212.353,204.115,203.77072136678922,203.72140758870532,203.50678052990483,9830,-0.2796243110218273,11.305861171464597
CRUDE_OIL,MAXIMUM,2024-02,W4,2024-02-29,172,1,212.353,204.115,203.77072136678922,203.72140758870532,203.43991803127392,9845,-0.2796243110218273,12.372527838131264
CRUDE_OIL,MAXIMUM,2024-03,W0,2024-02-29,171,2,215.952,204.115,201.745144804628,200.36498131440572,200.14588587684113,9845,0.2870423556448394,9.672527838131264
CRUDE_OIL,MAXIMUM,2024-03,W1,2024-03-07,171,2,215.952,204.115,201.745144804628,200.36498131440572,200.13851414695503,9865,0.2870423556448394,9.672527838131264
CRUDE_OIL,MAXIMUM,2024-03,W2,2024-03-14,173,1,215.952,217.705,214.30745569502818,214.28307903761737,214.2938505439686,9881,-0.22981518171431992,9.509705048899589
CRUDE_OIL,MAXIMUM,2024-03,W3,2024-03-21,173,1,215.952,217.705,214.30745569502818,214.28307903761737,214.27260683248167,9892,-0.22981518171431992,9.509705048899589
CRUDE_OIL,MAXIMUM,2024-03,W4,2024-03-31,173,1,215.952,217.705,214.30745569502818,214.28307903761737,214.27260683248167,9900,-0.22981518171431992,9.509705048899589
CRUDE_OIL,MAXIMUM,2024-04,W0,2024-03-31,172,2,234.282,217.705,210.49165745290034,209.90499305694723,209.68574955755895,9900,-0.22981518171431992,9.509705048899589
CRUDE_OIL,MAXIMUM,2024-04,W1,2024-04-07,172,2,234.282,217.705,210.49165745290034,209.90499305694723,209.68574955755895,9920,-0.22981518171431992,9.509705048899589
CRUDE_OIL,MAXIMUM,2024-04,W2,2024-04-14,174,1,234.282,211.085,212.05145425370594,212.02863993199972,212.20705187026567,9933,-0.3261105809986027,7.169224276179071
CRUDE_OIL,MAXIMUM,2024-04,W3,2024-04-21,174,1,234.282,211.085,212.05145425370594,212.02863993199972,212.20705187026567,9945,-0.3261105809986027,7.169224276179071
CRUDE_OIL,MAXIMUM,2024-04,W4,2024-04-30,174,1,234.282,211.085,212.05145425370594,212.02863993199972,212.20705187026567,9969,-0.3261105809986027,7.169224276179071
CRUDE_OIL,MAXIMUM,2024-05,W0,2024-04-30,173,2,217.159,211.085,208.96856347565551,208.820506021661,208.24034639587137,9969,-0.3261105809986027,9.185890942845738
CRUDE_OIL,MAXIMUM,2024-05,W1,2024-05-07,173,2,217.159,211.085,208.96856347565551,208.820506021661,208.21710815811318,9994,-0.3261105809986027,9.719224276179071
CRUDE_OIL,MAXIMUM,2024-05,W2,2024-05-14,175,1,217.159,237.985,235.27940491940095,235.26594680846316,235.5808447245921,10004,-0.2981227070286475,7.7969065536532955
CRUDE_OIL,MAXIMUM,2024-05,W3,2024-05-21,175,1,217.159,237.985,235.27940491940095,235.26594680846316,235.57328439759942,10020,-0.2981227070286475,7.7969065536532955
CRUDE_OIL,MAXIMUM,2024-05,W4,2024-05-31,175,1,217.159,237.985,235.27940491940095,235.26594680846316,235.57328439759942,10042,-0.2981227070286475,7.7969065536532955
CRUDE_OIL,MAXIMUM,2024-06,W0,2024-05-31,174,2,216.608,237.985,226.64846849160716,226.64976748546334,225.55652343449032,10042,-0.8647893736953141,6.763573220319962
CRUDE_OIL,MAXIMUM,2024-06,W1,2024-06-07,174,2,216.608,237.985,226.64846849160716,226.64976748546334,225.55369950149276,10076,-0.8647893736953141,6.763573220319962
CRUDE_OIL,MAXIMUM,2024-06,W2,2024-06-14,176,1,216.608,214.721,211.5960607167662,211.56635432130946,211.91213325126682,10100,-0.7179796382572835,8.293363247196503
CRUDE_OIL,MAXIMUM,2024-06,W3,2024-06-21,176,1,216.608,214.721,211.5960607167662,211.56635432130946,211.91213325126682,10106,-0.7179796382572835,8.293363247196503
CRUDE_OIL,MAXIMUM,2024-06,W4,2024-06-30,176,1,216.608,214.721,211.5960607167662,211.56635432130946,211.91213325126682,10114,-0.7179796382572835,8.293363247196503
CRUDE_OIL,MAXIMUM,2024-07,W0,2024-06-30,175,2,224.405,214.721,211.18584701344653,211.1672578639248,211.00065758872722,10114,-0.15131297159061688,6.776696580529835
CRUDE_OIL,MAXIMUM,2024-07,W1,2024-07-07,175,2,224.405,214.721,211.18584701344653,211.1672578639248,211.00065758872722,10132,-0.15131297159061688,6.776696580529835
CRUDE_OIL,MAXIMUM,2024-07,W2,2024-07-14,177,1,224.405,216.569,214.72454248792903,214.71225959858918,214.95678963766062,10142,-0.5413253634594302,6.92416755518103
CRUDE_OIL,MAXIMUM,2024-07,W3,2024-07-21,177,1,224.405,216.569,214.72454248792903,214.71225959858918,214.94976635113767,10154,-0.5413253634594302,6.92416755518103
CRUDE_OIL,MAXIMUM,2024-07,W4,2024-07-31,177,1,224.405,216.569,214.72454248792903,214.71225959858918,214.94976635113767,10165,-0.5413253634594302,6.92416755518103
CRUDE_OIL,MAXIMUM,2024-08,W0,2024-07-31,176,2,213.906,216.569,218.25139727331998,218.19203243571886,217.6159769003138,10165,-0.5413253634594302,6.92416755518103
CRUDE_OIL,MAXIMUM,2024-08,W1,2024-08-07,176,2,213.906,216.569,218.25139727331998,218.19203243571886,217.6159769003138,10178,-0.5413253634594302,6.92416755518103
CRUDE_OIL,MAXIMUM,2024-08,W2,2024-08-14,178,1,213.906,228.894,230.90008799014987,230.91088273898134,231.2511011767499,10208,-0.38840942998444744,6.446531304257869
CRUDE_OIL,MAXIMUM,2024-08,W3,2024-08-21,178,1,213.906,228.894,230.90008799014987,230.91088273898134,231.19656406448274,10230,-0.38840942998444744,7.513197970924535
CRUDE_OIL,MAXIMUM,2024-08,W4,2024-08-31,178,1,213.906,228.894,230.90008799014987,230.91088273898134,231.16929550834914,10248,-0.38840942998444744,8.046531304257869
CRUDE_OIL,MAXIMUM,2024-09,W0,2024-08-31,177,2,185.951,228.894,222.2088727285744,222.18240374373383,220.94880988216917,10248,-0.9550760966511141,8.379864637591202
CRUDE_OIL,MAXIMUM,2024-09,W1,2024-09-07,177,2,185.951,228.894,222.2088727285744,222.18240374373383,220.89752479546888,10262,-0.9550760966511141,9.446531304257869
CRUDE_OIL,MAXIMUM,2024-09,W2,2024-09-14,179,1,185.951,215.147,213.63031277494437,213.62414165842657,213.80505608025086,10292,-0.8578776560419825,10.635599702538755
CRUDE_OIL,MAXIMUM,2024-09,W3,2024-09-21,179,1,185.951,215.147,213.63031277494437,213.62414165842657,213.80505608025086,10303,-0.8578776560419825,10.635599702538755
CRUDE_OIL,MAXIMUM,2024-09,W4,2024-09-30,179,1,185.951,215.147,213.63031277494437,213.62414165842657,213.7731057635891,10323,-0.8578776560419825,11.168933035872088
CRUDE_OIL,MAXIMUM,2024-10,W0,2024-09-30,178,2,195.992,215.147,213.32716894781743,213.30076171760624,212.9000693893214,10323,-0.2912109893753159,8.505599702538756
CRUDE_OIL,MAXIMUM,2024-10,W1,2024-10-07,178,2,195.992,215.147,213.32716894781743,213.30076171760624,212.86558197369496,10337,-0.2912109893753159,9.03893303587209
CRUDE_OIL,MAXIMUM,2024-10,W2,2024-10-14,180,1,195.992,178.34,173.34367192365758,173.2868685303123,173.1091361041128,10353,-0.6643794381207049,11.533850586000643
CRUDE_OIL,MAXIMUM,2024-10,W3,2024-10-21,180,1,195.992,178.34,173.34367192365758,173.2868685303123,173.1091361041128,10370,-0.6643794381207049,11.533850586000643
CRUDE_OIL,MAXIMUM,2024-10,W4,2024-10-31,180,1,195.992,178.34,173.34367192365758,173.2868685303123,173.07253586588706,10388,-0.6643794381207049,12.067183919333976
CRUDE_OIL,MAXIMUM,2024-11,W0,2024-10-31,179,2,189.72,178.34,185.98819368130614,185.8787260496691,184.14402648361,10388,-1.2310461047873715,10.377892471827352
CRUDE_OIL,MAXIMUM,2024-11,W1,2024-11-07,179,2,189.72,178.34,185.98819368130614,185.8787260496691,184.14402648361,10409,-1.2310461047873715,10.377892471827352
CRUDE_OIL,MAXIMUM,2024-11,W2,2024-11-14,181,1,189.72,197.566,199.5778559428162,199.53376107669007,199.6152833023475,10444,-1.0779575938870514,11.387939480177295
CRUDE_OIL,MAXIMUM,2024-11,W3,2024-11-21,181,1,189.72,197.566,199.5778559428162,199.53376107669007,199.55364822398258,10467,-1.0779575938870514,12.454606146843961
CRUDE_OIL,MAXIMUM,2024-11,W4,2024-11-30,181,1,189.72,197.566,199.5778559428162,199.53376107669007,199.55364822398258,10481,-1.0779575938870514,12.454606146843961
CRUDE_OIL,MAXIMUM,2024-12,W0,2024-11-30,180,2,189.942,197.566,196.67619712440157,196.53702617424952,195.87489326438975,10481,-0.5112909272203848,9.871272813510629
CRUDE_OIL,MAXIMUM,2024-12,W1,2024-12-07,180,2,189.942,197.566,196.67619712440157,196.53702617424952,195.87489326438975,10499,-0.5112909272203848,9.871272813510629
CRUDE_OIL,MAXIMUM,2024-12,W2,2024-12-14,182,1,189.942,190.054,190.6155155593344,190.56505356542635,190.45407965057143,10524,-0.7837652169803334,10.235321201739604
CRUDE_OIL,MAXIMUM,2024-12,W3,2024-12-21,182,1,189.942,190.054,190.6155155593344,190.56505356542635,190.38776227460724,10545,-0.7837652169803334,11.30198786840627
CRUDE_OIL,MAXIMUM,2024-12,W4,2024-12-31,182,1,189.942,190.054,190.6155155593344,190.56505356542635,190.38776227460724,10564,-0.7837652169803334,11.30198786840627
CRUDE_OIL,MAXIMUM,2025-01,W0,2024-12-31,181,2,211.855,190.054,187.28294232918157,185.95389942219586,186.19592220364066,10564,-0.7837652169803334,11.718654535072936
CRUDE_OIL,MAXIMUM,2025-01,W1,2025-01-07,181,2,211.855,190.054,187.28294232918157,185.95389942219586,186.19592220364066,10575,-0.7837652169803334,11.718654535072936
CRUDE_OIL,MAXIMUM,2025-01,W2,2025-01-14,183,1,211.855,191.434,190.5551513305611,190.50551314322146,190.3780354578576,10588,-0.6068748339272074,11.162277402417477
CRUDE_OIL,MAXIMUM,2025-01,W3,2025-01-21,183,1,211.855,191.434,190.5551513305611,190.50551314322146,190.3780354578576,10596,-0.6068748339272074,11.162277402417477
CRUDE_OIL,MAXIMUM,2025-01,W4,2025-01-31,183,1,211.855,191.434,190.5551513305611,190.50551314322146,190.3780354578576,10622,-0.6068748339272074,11.162277402417477
CRUDE_OIL,MAXIMUM,2025-02,W0,2025-01-31,182,2,203.762,191.434,195.91009823235848,194.41524283342758,193.915208692112,10622,-0.6068748339272074,10.322277402417477
CRUDE_OIL,MAXIMUM,2025-02,W1,2025-02-07,182,2,203.762,191.434,195.91009823235848,194.41524283342758,193.915208692112,10634,-0.6068748339272074,10.322277402417477
CRUDE_OIL,MAXIMUM,2025-02,W2,2025-02-14,184,1,203.762,218.513,221.41877422977623,221.39484503554993,221.54810598430495,10648,-0.4668241226931106,10.227893089997957
CRUDE_OIL,MAXIMUM,2025-02,W3,2025-02-21,184,1,203.762,218.513,221.41877422977623,221.39484503554993,221.54810598430495,10667,-0.4668241226931106,10.227893089997957
CRUDE_OIL,MAXIMUM,2025-02,W4,2025-02-28,184,1,203.762,218.513,221.41877422977623,221.39484503554993,221.54810598430495,10680,-0.4668241226931106,10.227893089997957
CRUDE_OIL,MAXIMUM,2025-03,W0,2025-02-28,183,2,190.263,218.513,212.58050206683936,211.4122117189717,211.75425973904672,10680,0.30984254397355615,11.537893089997958
CRUDE_OIL,MAXIMUM,2025-03,W1,2025-03-07,183,2,190.263,218.513,212.58050206683936,211.4122117189717,211.75425973904672,10701,0.30984254397355615,11.537893089997958
CRUDE_OIL,MAXIMUM,2025-03,W2,2025-03-14,185,1,190.263,208.109,206.3629886961956,206.34220872423407,206.0986414751931,10720,0.42069147687405417,10.459333019836253
CRUDE_OIL,MAXIMUM,2025-03,W3,2025-03-21,185,1,190.263,208.109,206.3629886961956,206.34220872423407,206.0986414751931,10728,0.42069147687405417,10.459333019836253
CRUDE_OIL,MAXIMUM,2025-03,W4,2025-03-31,185,1,190.263,208.109,206.3629886961956,206.34220872423407,206.0986414751931,10741,0.42069147687405417,10.459333019836253
CRUDE_OIL,MAXIMUM,2025-04,W0,2025-03-31,184,2,178.033,208.109,204.35995395826416,203.6108103206469,204.6381780558846,10741,0.42069147687405417,9.392666353169586
CRUDE_OIL,MAXIMUM,2025-04,W1,2025-04-07,184,2,178.033,208.109,204.35995395826416,203.6108103206469,204.6381780558846,10763,0.42069147687405417,9.392666353169586
CRUDE_OIL,MAXIMUM,2025-04,W2,2025-04-14,186,1,178.033,189.949,197.0124744232454,196.71815332081906,197.09153347309868,10785,1.2692587888427929,9.75784284962807
CRUDE_OIL,MAXIMUM,2025-04,W3,2025-04-21,186,1,178.033,189.949,197.0124744232454,196.71815332081906,197.09153347309868,10795,1.2692587888427929,9.75784284962807
CRUDE_OIL,MAXIMUM,2025-04,W4,2025-04-30,186,1,178.033,189.949,197.0124744232454,196.71815332081906,197.09153347309868,10805,1.2692587888427929,9.75784284962807
CRUDE_OIL,MAXIMUM,2025-05,W0,2025-04-30,185,2,174.359,189.949,195.14602619515185,194.49627481265125,194.55528856134862,10805,0.49259212217612613,10.574509516294734
CRUDE_OIL,MAXIMUM,2025-05,W1,2025-05-07,185,2,174.359,189.949,195.14602619515185,194.49627481265125,194.55528856134862,10824,0.49259212217612613,10.574509516294734
CRUDE_OIL,MAXIMUM,2025-05,W2,2025-05-14,185,2,174.359,189.949,195.14602619515185,194.49627481265125,194.55528856134862,10842,0.49259212217612613,10.574509516294734
CRUDE_OIL,MAXIMUM,2025-05,W3,2025-05-21,187,1,174.359,181.322,183.56061280613432,183.56585192417342,183.78350837630222,10862,1.1142051932952637,10.269063309239062
CRUDE_OIL,MAXIMUM,2025-05,W4,2025-05-31,187,1,174.359,181.322,183.56061280613432,183.56585192417342,183.78350837630222,10889,1.1142051932952637,10.269063309239062
CRUDE_OIL,MAXIMUM,2025-06,W0,2025-05-31,186,2,185.929,181.322,183.92274122677503,183.47491697301984,184.32536932887675,10889,1.8908718599619305,8.809063309239065
CRUDE_OIL,MAXIMUM,2025-06,W1,2025-06-07,186,2,185.929,181.322,183.92274122677503,183.47491697301984,184.32536932887675,10906,1.8908718599619305,8.809063309239065
CRUDE_OIL,MAXIMUM,2025-06,W2,2025-06-14,188,1,185.929,180.607,182.63864376327422,182.63555255615185,183.18910973880278,10927,1.8171753827694084,8.90711610347724
CRUDE_OIL,MAXIMUM,2025-06,W3,2025-06-21,188,1,185.929,180.607,182.63864376327422,182.63555255615185,183.18910973880278,10942,1.8171753827694084,8.90711610347724
CRUDE_OIL,MAXIMUM,2025-06,W4,2025-06-30,188,1,185.929,180.607,182.63864376327422,182.63555255615185,183.18910973880278,10956,1.8171753827694084,8.90711610347724
CRUDE_OIL,MAXIMUM,2025-07,W0,2025-06-30,187,2,188.348,180.607,192.1790965234942,191.60513944360753,182.66275311882998,10956,0.558842049436075,8.663782770143905
CRUDE_OIL,MAXIMUM,2025-07,W1,2025-07-07,187,2,188.348,180.607,192.1790965234942,191.60513944360753,182.66275311882998,10970,0.558842049436075,8.663782770143905
CRUDE_OIL,MAXIMUM,2025-07,W2,2025-07-14,187,2,188.348,180.607,192.1790965234942,191.60513944360753,182.66275311882998,10988,0.558842049436075,8.663782770143905
CRUDE_OIL,MAXIMUM,2025-07,W3,2025-07-21,189,1,188.348,174.668,178.05162462974033,178.06047707021725,178.23115997096804,10999,1.2494178293242126,7.380277720583342
CRUDE_OIL,MAXIMUM,2025-07,W4,2025-07-31,189,1,188.348,174.668,178.05162462974033,178.06047707021725,178.17038351301952,11020,1.2494178293242126,9.513611053916675
CRUDE_OIL,MAXIMUM,2025-08,W0,2025-07-31,188,2,180.585,174.668,188.9832566534241,188.7466502087597,192.05503193651762,11020,1.7310844959908793,7.263611053916676
CRUDE_OIL,MAXIMUM,2025-08,W1,2025-08-07,188,2,180.585,174.668,188.9832566534241,188.7466502087597,192.13515484272833,11035,1.7310844959908793,7.906944387250009
CRUDE_OIL,MAXIMUM,2025-08,W2,2025-08-14,190,1,180.585,187.057,187.08742495283022,187.07375613667426,187.29443477168263,11057,1.2067271648870803,9.147838010326998
CRUDE_OIL,MAXIMUM,2025-08,W3,2025-08-21,190,1,180.585,187.057,187.08742495283022,187.07375613667426,187.29443477168263,11073,1.2067271648870803,9.147838010326998
CRUDE_OIL,MAXIMUM,2025-08,W4,2025-08-31,190,1,180.585,187.057,187.08742495283022,187.07375613667426,187.29443477168263,11105,1.2067271648870803,9.147838010326998
CRUDE_OIL,MAXIMUM,2025-09,W0,2025-08-31,189,2,178.79,187.057,191.57584990057092,191.19897473457866,194.70949338640816,11105,1.9833938315537472,9.054504676993666
CRUDE_OIL,MAXIMUM,2025-09,W1,2025-09-07,189,2,178.79,187.057,191.57584990057092,191.19897473457866,194.70949338640816,11115,1.9833938315537472,9.054504676993666
CRUDE_OIL,MAXIMUM,2025-09,W2,2025-09-14,191,1,178.79,185.033,186.6371645703671,186.61064803096585,187.11503327760255,11139,1.990133354976423,10.41579043147537
CRUDE_OIL,MAXIMUM,2025-09,W3,2025-09-21,191,1,178.79,185.033,186.6371645703671,186.61064803096585,187.11503327760255,11156,1.990133354976423,10.41579043147537
CRUDE_OIL,MAXIMUM,2025-09,W4,2025-09-30,191,1,178.79,185.033,186.6371645703671,186.61064803096585,187.11503327760255,11177,1.990133354976423,10.41579043147537
CRUDE_OIL,MAXIMUM,2025-10,W0,2025-09-30,190,2,169.123,185.033,193.45643577468385,193.40810308309403,191.6226986586766,11177,0.46856434115943824,8.189123764808704
CRUDE_OIL,MAXIMUM,2025-10,W1,2025-10-07,190,2,169.123,185.033,193.45643577468385,193.40810308309403,191.66528006973726,11197,0.46856434115943824,8.189123764808704
CRUDE_OIL,MAXIMUM,2025-10,W2,2025-10-14,190,2,169.123,185.033,193.45643577468385,193.40810308309403,191.66528006973726,11197,0.46856434115943824,8.189123764808704
CRUDE_OIL,MAXIMUM,2025-10,W3,2025-10-21,190,2,169.123,185.033,193.45643577468385,193.40810308309403,191.66528006973726,11199,0.46856434115943824,8.189123764808704
CRUDE_OIL,MAXIMUM,2025-10,W4,2025-10-31,190,2,169.123,185.033,193.45643577468385,193.40810308309403,191.66528006973726,11200,0.46856434115943824,8.189123764808704
CRUDE_OIL,MAXIMUM,2025-11,W0,2025-10-31,189,3,166.553,185.033,193.3430058788806,193.1888697888053,193.86349848412573,11200,1.2134666883097562,9.062457098142037
CRUDE_OIL,MAXIMUM,2025-11,W1,2025-11-07,189,3,166.553,185.033,193.3430058788806,193.1888697888053,193.86349848412573,11202,1.2134666883097562,9.062457098142037
CRUDE_OIL,MAXIMUM,2025-11,W2,2025-11-14,189,3,166.553,185.033,193.3430058788806,193.1888697888053,193.86349848412573,11205,1.2134666883097562,9.062457098142037
CRUDE_OIL,MAXIMUM,2025-11,W3,2025-11-21,189,3,166.553,185.033,193.3430058788806,193.1888697888053,193.86349848412573,11216,1.2134666883097562,9.062457098142037
CRUDE_OIL,MAXIMUM,2025-11,W4,2025-11-30,191,2,166.553,177.582,190.68083377040176,190.61101084740653,194.12689881272613,11230,1.853341395524604,9.650711823073285
CRUDE_OIL,MAXIMUM,2025-12,W0,2025-11-30,190,3,161.815,177.582,190.99372656036323,189.69982040648765,198.76186220002756,11230,4.183341395524604,12.268795594726704
CRUDE_OIL,MAXIMUM,2025-12,W1,2025-12-07,190,3,161.815,177.582,190.99372656036323,189.69982040648765,198.76186220002756,11244,4.183341395524604,12.268795594726704
CRUDE_OIL,MAXIMUM,2025-12,W2,2025-12-14,190,3,161.815,177.582,190.99372656036323,189.69982040648765,198.81817759407485,11257,4.183341395524604,12.802128928060037
CRUDE_OIL,MAXIMUM,2025-12,W3,2025-12-21,190,3,161.815,177.582,190.99372656036323,189.69982040648765,198.81817759407485,11273,4.183341395524604,12.802128928060037
CRUDE_OIL,MAXIMUM,2025-12,W4,2025-12-31,190,3,161.815,177.582,190.99372656036323,189.69982040648765,198.81817759407485,11293,4.183341395524604,12.802128928060037
CRUDE_OIL,MAXIMUM,2026-01,W0,2025-12-31,189,4,164.664,177.582,192.25808494026361,190.47028325720655,192.85928308205405,11293,1.6125080621912706,9.522128928060036
CRUDE_OIL,MAXIMUM,2026-01,W1,2026-01-07,189,4,164.664,177.582,192.25808494026361,190.47028325720655,192.85928308205405,11293,1.6125080621912706,9.522128928060036
CRUDE_OIL,MAXIMUM,2026-01,W2,2026-01-14,189,4,164.664,177.582,192.25808494026361,190.47028325720655,192.85928308205405,11293,1.6125080621912706,9.522128928060036
CRUDE_OIL,MAXIMUM,2026-01,W3,2026-01-21,189,4,164.664,177.582,192.25808494026361,190.47028325720655,192.85928308205405,11293,1.6125080621912706,9.522128928060036
CRUDE_OIL,MAXIMUM,2026-01,W4,2026-01-31,189,4,164.664,177.582,192.25808494026361,190.47028325720655,192.85928308205405,11293,1.6125080621912706,9.522128928060036
