target_id,target_month,stage,cutoff,data_block,series_or_event,reference_period,known_at
SCRAP,2021-12,W2,2021-12-14,TARGET_HISTORY,WPU1012,2021-07,2021-12-14
SCRAP,2021-12,W2,2021-12-14,TARGET_HISTORY,WPU1012,2021-08,2021-12-14
SCRAP,2021-12,W2,2021-12-14,TARGET_HISTORY,WPU1012,2021-09,2021-12-14
SCRAP,2021-12,W2,2021-12-14,TARGET_HISTORY,WPU1012,2021-10,2021-12-14
SCRAP,2021-12,W2,2021-12-14,TARGET_HISTORY,WPU1012,2021-11,2021-12-14
SCRAP,2021-12,W2,2021-12-14,MARKET_X,WPU1017,2021-07,2021-12-14
SCRAP,2021-12,W2,2021-12-14,MARKET_X,WPU1017,2021-08,2021-12-14
SCRAP,2021-12,W2,2021-12-14,MARKET_X,WPU1017,2021-09,2021-12-14
SCRAP,2021-12,W2,2021-12-14,MARKET_X,WPU1017,2021-10,2021-12-14
SCRAP,2021-12,W2,2021-12-14,MARKET_X,WPU1017,2021-11,2021-12-14
SCRAP,2021-12,W2,2021-12-14,MARKET_X,WPU0542,2021-07,2021-12-14
SCRAP,2021-12,W2,2021-12-14,MARKET_X,WPU0542,2021-08,2021-12-14
SCRAP,2021-12,W2,2021-12-14,MARKET_X,WPU0542,2021-09,2021-12-14
SCRAP,2021-12,W2,2021-12-14,MARKET_X,WPU0542,2021-10,2021-12-14
SCRAP,2021-12,W2,2021-12-14,MARKET_X,WPU0542,2021-11,2021-12-14
SCRAP,2021-12,W2,2021-12-14,EVENT,DOCKET:Docket No. 211115-0229,2021-12,2021-12-09
SCRAP,2022-01,W2,2022-01-14,TARGET_HISTORY,WPU1012,2021-08,2022-01-13
SCRAP,2022-01,W2,2022-01-14,TARGET_HISTORY,WPU1012,2021-09,2022-01-13
SCRAP,2022-01,W2,2022-01-14,TARGET_HISTORY,WPU1012,2021-10,2022-01-13
SCRAP,2022-01,W2,2022-01-14,TARGET_HISTORY,WPU1012,2021-11,2022-01-13
SCRAP,2022-01,W2,2022-01-14,TARGET_HISTORY,WPU1012,2021-12,2022-01-13
SCRAP,2022-01,W2,2022-01-14,MARKET_X,WPU1017,2021-08,2022-01-13
SCRAP,2022-01,W2,2022-01-14,MARKET_X,WPU1017,2021-09,2022-01-13
SCRAP,2022-01,W2,2022-01-14,MARKET_X,WPU1017,2021-10,2022-01-13
SCRAP,2022-01,W2,2022-01-14,MARKET_X,WPU1017,2021-11,2022-01-13
SCRAP,2022-01,W2,2022-01-14,MARKET_X,WPU1017,2021-12,2022-01-13
SCRAP,2022-01,W2,2022-01-14,MARKET_X,WPU0542,2021-08,2022-01-13
SCRAP,2022-01,W2,2022-01-14,MARKET_X,WPU0542,2021-09,2022-01-13
SCRAP,2022-01,W2,2022-01-14,MARKET_X,WPU0542,2021-10,2022-01-13
SCRAP,2022-01,W2,2022-01-14,MARKET_X,WPU0542,2021-11,2022-01-13
SCRAP,2022-01,W2,2022-01-14,MARKET_X,WPU0542,2021-12,2022-01-13
SCRAP,2022-02,W3,2022-02-21,TARGET_HISTORY,WPU1012,2021-09,2022-02-15
SCRAP,2022-02,W3,2022-02-21,TARGET_HISTORY,WPU1012,2021-10,2022-02-15
SCRAP,2022-02,W3,2022-02-21,TARGET_HISTORY,WPU1012,2021-11,2022-02-15
SCRAP,2022-02,W3,2022-02-21,TARGET_HISTORY,WPU1012,2021-12,2022-02-15
SCRAP,2022-02,W3,2022-02-21,TARGET_HISTORY,WPU1012,2022-01,2022-02-15
SCRAP,2022-02,W3,2022-02-21,MARKET_X,WPU1017,2021-09,2022-02-15
SCRAP,2022-02,W3,2022-02-21,MARKET_X,WPU1017,2021-10,2022-02-15
SCRAP,2022-02,W3,2022-02-21,MARKET_X,WPU1017,2021-11,2022-02-15
SCRAP,2022-02,W3,2022-02-21,MARKET_X,WPU1017,2021-12,2022-02-15
SCRAP,2022-02,W3,2022-02-21,MARKET_X,WPU1017,2022-01,2022-02-15
SCRAP,2022-02,W3,2022-02-21,MARKET_X,WPU0542,2021-09,2022-02-15
SCRAP,2022-02,W3,2022-02-21,MARKET_X,WPU0542,2021-10,2022-02-15
SCRAP,2022-02,W3,2022-02-21,MARKET_X,WPU0542,2021-11,2022-02-15
SCRAP,2022-02,W3,2022-02-21,MARKET_X,WPU0542,2021-12,2022-02-15
SCRAP,2022-02,W3,2022-02-21,MARKET_X,WPU0542,2022-01,2022-02-15
SCRAP,2022-03,W3,2022-03-21,TARGET_HISTORY,WPU1012,2021-10,2022-03-15
SCRAP,2022-03,W3,2022-03-21,TARGET_HISTORY,WPU1012,2021-11,2022-03-15
SCRAP,2022-03,W3,2022-03-21,TARGET_HISTORY,WPU1012,2021-12,2022-03-15
SCRAP,2022-03,W3,2022-03-21,TARGET_HISTORY,WPU1012,2022-01,2022-03-15
SCRAP,2022-03,W3,2022-03-21,TARGET_HISTORY,WPU1012,2022-02,2022-03-15
SCRAP,2022-03,W3,2022-03-21,MARKET_X,WPU1017,2021-10,2022-03-15
SCRAP,2022-03,W3,2022-03-21,MARKET_X,WPU1017,2021-11,2022-03-15
SCRAP,2022-03,W3,2022-03-21,MARKET_X,WPU1017,2021-12,2022-03-15
SCRAP,2022-03,W3,2022-03-21,MARKET_X,WPU1017,2022-01,2022-03-15
SCRAP,2022-03,W3,2022-03-21,MARKET_X,WPU1017,2022-02,2022-03-15
SCRAP,2022-03,W3,2022-03-21,MARKET_X,WPU0542,2021-10,2022-03-15
SCRAP,2022-03,W3,2022-03-21,MARKET_X,WPU0542,2021-11,2022-03-15
SCRAP,2022-03,W3,2022-03-21,MARKET_X,WPU0542,2021-12,2022-03-15
SCRAP,2022-03,W3,2022-03-21,MARKET_X,WPU0542,2022-01,2022-03-15
SCRAP,2022-03,W3,2022-03-21,MARKET_X,WPU0542,2022-02,2022-03-15
SCRAP,2022-04,W2,2022-04-14,TARGET_HISTORY,WPU1012,2021-11,2022-04-13
SCRAP,2022-04,W2,2022-04-14,TARGET_HISTORY,WPU1012,2021-12,2022-04-13
SCRAP,2022-04,W2,2022-04-14,TARGET_HISTORY,WPU1012,2022-01,2022-04-13
SCRAP,2022-04,W2,2022-04-14,TARGET_HISTORY,WPU1012,2022-02,2022-04-13
SCRAP,2022-04,W2,2022-04-14,TARGET_HISTORY,WPU1012,2022-03,2022-04-13
SCRAP,2022-04,W2,2022-04-14,MARKET_X,WPU1017,2021-11,2022-04-13
SCRAP,2022-04,W2,2022-04-14,MARKET_X,WPU1017,2021-12,2022-04-13
SCRAP,2022-04,W2,2022-04-14,MARKET_X,WPU1017,2022-01,2022-04-13
SCRAP,2022-04,W2,2022-04-14,MARKET_X,WPU1017,2022-02,2022-04-13
SCRAP,2022-04,W2,2022-04-14,MARKET_X,WPU1017,2022-03,2022-04-13
SCRAP,2022-04,W2,2022-04-14,MARKET_X,WPU0542,2021-11,2022-04-13
SCRAP,2022-04,W2,2022-04-14,MARKET_X,WPU0542,2021-12,2022-04-13
SCRAP,2022-04,W2,2022-04-14,MARKET_X,WPU0542,2022-01,2022-04-13
SCRAP,2022-04,W2,2022-04-14,MARKET_X,WPU0542,2022-02,2022-04-13
SCRAP,2022-04,W2,2022-04-14,MARKET_X,WPU0542,2022-03,2022-04-13
SCRAP,2022-05,W2,2022-05-14,TARGET_HISTORY,WPU1012,2021-12,2022-05-12
SCRAP,2022-05,W2,2022-05-14,TARGET_HISTORY,WPU1012,2022-01,2022-05-12
SCRAP,2022-05,W2,2022-05-14,TARGET_HISTORY,WPU1012,2022-02,2022-05-12
SCRAP,2022-05,W2,2022-05-14,TARGET_HISTORY,WPU1012,2022-03,2022-05-12
SCRAP,2022-05,W2,2022-05-14,TARGET_HISTORY,WPU1012,2022-04,2022-05-12
SCRAP,2022-05,W2,2022-05-14,MARKET_X,WPU1017,2021-12,2022-05-12
SCRAP,2022-05,W2,2022-05-14,MARKET_X,WPU1017,2022-01,2022-05-12
SCRAP,2022-05,W2,2022-05-14,MARKET_X,WPU1017,2022-02,2022-05-12
SCRAP,2022-05,W2,2022-05-14,MARKET_X,WPU1017,2022-03,2022-05-12
SCRAP,2022-05,W2,2022-05-14,MARKET_X,WPU1017,2022-04,2022-05-12
SCRAP,2022-05,W2,2022-05-14,MARKET_X,WPU0542,2021-12,2022-05-12
SCRAP,2022-05,W2,2022-05-14,MARKET_X,WPU0542,2022-01,2022-05-12
SCRAP,2022-05,W2,2022-05-14,MARKET_X,WPU0542,2022-02,2022-05-12
SCRAP,2022-05,W2,2022-05-14,MARKET_X,WPU0542,2022-03,2022-05-12
SCRAP,2022-05,W2,2022-05-14,MARKET_X,WPU0542,2022-04,2022-05-12
SCRAP,2022-06,W2,2022-06-14,TARGET_HISTORY,WPU1012,2022-01,2022-06-14
SCRAP,2022-06,W2,2022-06-14,TARGET_HISTORY,WPU1012,2022-02,2022-06-14
SCRAP,2022-06,W2,2022-06-14,TARGET_HISTORY,WPU1012,2022-03,2022-06-14
SCRAP,2022-06,W2,2022-06-14,TARGET_HISTORY,WPU1012,2022-04,2022-06-14
SCRAP,2022-06,W2,2022-06-14,TARGET_HISTORY,WPU1012,2022-05,2022-06-14
SCRAP,2022-06,W2,2022-06-14,MARKET_X,WPU1017,2022-01,2022-06-14
SCRAP,2022-06,W2,2022-06-14,MARKET_X,WPU1017,2022-02,2022-06-14
SCRAP,2022-06,W2,2022-06-14,MARKET_X,WPU1017,2022-03,2022-06-14
SCRAP,2022-06,W2,2022-06-14,MARKET_X,WPU1017,2022-04,2022-06-14
SCRAP,2022-06,W2,2022-06-14,MARKET_X,WPU1017,2022-05,2022-06-14
SCRAP,2022-06,W2,2022-06-14,MARKET_X,WPU0542,2022-01,2022-06-14
SCRAP,2022-06,W2,2022-06-14,MARKET_X,WPU0542,2022-02,2022-06-14
SCRAP,2022-06,W2,2022-06-14,MARKET_X,WPU0542,2022-03,2022-06-14
SCRAP,2022-06,W2,2022-06-14,MARKET_X,WPU0542,2022-04,2022-06-14
SCRAP,2022-06,W2,2022-06-14,MARKET_X,WPU0542,2022-05,2022-06-14
SCRAP,2022-07,W2,2022-07-14,TARGET_HISTORY,WPU1012,2022-02,2022-07-14
SCRAP,2022-07,W2,2022-07-14,TARGET_HISTORY,WPU1012,2022-03,2022-07-14
SCRAP,2022-07,W2,2022-07-14,TARGET_HISTORY,WPU1012,2022-04,2022-07-14
SCRAP,2022-07,W2,2022-07-14,TARGET_HISTORY,WPU1012,2022-05,2022-07-14
SCRAP,2022-07,W2,2022-07-14,TARGET_HISTORY,WPU1012,2022-06,2022-07-14
SCRAP,2022-07,W2,2022-07-14,MARKET_X,WPU1017,2022-02,2022-07-14
SCRAP,2022-07,W2,2022-07-14,MARKET_X,WPU1017,2022-03,2022-07-14
SCRAP,2022-07,W2,2022-07-14,MARKET_X,WPU1017,2022-04,2022-07-14
SCRAP,2022-07,W2,2022-07-14,MARKET_X,WPU1017,2022-05,2022-07-14
SCRAP,2022-07,W2,2022-07-14,MARKET_X,WPU1017,2022-06,2022-07-14
SCRAP,2022-07,W2,2022-07-14,MARKET_X,WPU0542,2022-02,2022-07-14
SCRAP,2022-07,W2,2022-07-14,MARKET_X,WPU0542,2022-03,2022-07-14
SCRAP,2022-07,W2,2022-07-14,MARKET_X,WPU0542,2022-04,2022-07-14
SCRAP,2022-07,W2,2022-07-14,MARKET_X,WPU0542,2022-05,2022-07-14
SCRAP,2022-07,W2,2022-07-14,MARKET_X,WPU0542,2022-06,2022-07-14
SCRAP,2022-08,W2,2022-08-14,TARGET_HISTORY,WPU1012,2022-03,2022-08-11
SCRAP,2022-08,W2,2022-08-14,TARGET_HISTORY,WPU1012,2022-04,2022-08-11
SCRAP,2022-08,W2,2022-08-14,TARGET_HISTORY,WPU1012,2022-05,2022-08-11
SCRAP,2022-08,W2,2022-08-14,TARGET_HISTORY,WPU1012,2022-06,2022-08-11
SCRAP,2022-08,W2,2022-08-14,TARGET_HISTORY,WPU1012,2022-07,2022-08-11
SCRAP,2022-08,W2,2022-08-14,MARKET_X,WPU1017,2022-03,2022-08-11
SCRAP,2022-08,W2,2022-08-14,MARKET_X,WPU1017,2022-04,2022-08-11
SCRAP,2022-08,W2,2022-08-14,MARKET_X,WPU1017,2022-05,2022-08-11
SCRAP,2022-08,W2,2022-08-14,MARKET_X,WPU1017,2022-06,2022-08-11
SCRAP,2022-08,W2,2022-08-14,MARKET_X,WPU1017,2022-07,2022-08-11
SCRAP,2022-08,W2,2022-08-14,MARKET_X,WPU0542,2022-03,2022-08-11
SCRAP,2022-08,W2,2022-08-14,MARKET_X,WPU0542,2022-04,2022-08-11
SCRAP,2022-08,W2,2022-08-14,MARKET_X,WPU0542,2022-05,2022-08-11
SCRAP,2022-08,W2,2022-08-14,MARKET_X,WPU0542,2022-06,2022-08-11
SCRAP,2022-08,W2,2022-08-14,MARKET_X,WPU0542,2022-07,2022-08-11
SCRAP,2022-08,W4,2022-08-31,EVENT,"DOCKET:A-351-843, A-570-029, A-533-865, A-588-873, A-580-881, A-412-824, C-533-866, C-351-844",2022-08,2022-08-25
SCRAP,2022-09,W2,2022-09-14,TARGET_HISTORY,WPU1012,2022-04,2022-09-14
SCRAP,2022-09,W2,2022-09-14,TARGET_HISTORY,WPU1012,2022-05,2022-09-14
SCRAP,2022-09,W2,2022-09-14,TARGET_HISTORY,WPU1012,2022-06,2022-09-14
SCRAP,2022-09,W2,2022-09-14,TARGET_HISTORY,WPU1012,2022-07,2022-09-14
SCRAP,2022-09,W2,2022-09-14,TARGET_HISTORY,WPU1012,2022-08,2022-09-14
SCRAP,2022-09,W2,2022-09-14,MARKET_X,WPU1017,2022-04,2022-09-14
SCRAP,2022-09,W2,2022-09-14,MARKET_X,WPU1017,2022-05,2022-09-14
SCRAP,2022-09,W2,2022-09-14,MARKET_X,WPU1017,2022-06,2022-09-14
SCRAP,2022-09,W2,2022-09-14,MARKET_X,WPU1017,2022-07,2022-09-14
SCRAP,2022-09,W2,2022-09-14,MARKET_X,WPU1017,2022-08,2022-09-14
SCRAP,2022-09,W2,2022-09-14,MARKET_X,WPU0542,2022-04,2022-09-14
SCRAP,2022-09,W2,2022-09-14,MARKET_X,WPU0542,2022-05,2022-09-14
SCRAP,2022-09,W2,2022-09-14,MARKET_X,WPU0542,2022-06,2022-09-14
SCRAP,2022-09,W2,2022-09-14,MARKET_X,WPU0542,2022-07,2022-09-14
SCRAP,2022-09,W2,2022-09-14,MARKET_X,WPU0542,2022-08,2022-09-14
SCRAP,2022-10,W2,2022-10-14,TARGET_HISTORY,WPU1012,2022-05,2022-10-12
SCRAP,2022-10,W2,2022-10-14,TARGET_HISTORY,WPU1012,2022-06,2022-10-12
SCRAP,2022-10,W2,2022-10-14,TARGET_HISTORY,WPU1012,2022-07,2022-10-12
SCRAP,2022-10,W2,2022-10-14,TARGET_HISTORY,WPU1012,2022-08,2022-10-12
SCRAP,2022-10,W2,2022-10-14,TARGET_HISTORY,WPU1012,2022-09,2022-10-12
SCRAP,2022-10,W2,2022-10-14,MARKET_X,WPU1017,2022-05,2022-10-12
SCRAP,2022-10,W2,2022-10-14,MARKET_X,WPU1017,2022-06,2022-10-12
SCRAP,2022-10,W2,2022-10-14,MARKET_X,WPU1017,2022-07,2022-10-12
SCRAP,2022-10,W2,2022-10-14,MARKET_X,WPU1017,2022-08,2022-10-12
SCRAP,2022-10,W2,2022-10-14,MARKET_X,WPU1017,2022-09,2022-10-12
SCRAP,2022-10,W2,2022-10-14,MARKET_X,WPU0542,2022-05,2022-10-12
SCRAP,2022-10,W2,2022-10-14,MARKET_X,WPU0542,2022-06,2022-10-12
SCRAP,2022-10,W2,2022-10-14,MARKET_X,WPU0542,2022-07,2022-10-12
SCRAP,2022-10,W2,2022-10-14,MARKET_X,WPU0542,2022-08,2022-10-12
SCRAP,2022-10,W2,2022-10-14,MARKET_X,WPU0542,2022-09,2022-10-12
SCRAP,2022-11,W3,2022-11-21,TARGET_HISTORY,WPU1012,2022-06,2022-11-15
SCRAP,2022-11,W3,2022-11-21,TARGET_HISTORY,WPU1012,2022-07,2022-11-15
SCRAP,2022-11,W3,2022-11-21,TARGET_HISTORY,WPU1012,2022-08,2022-11-15
SCRAP,2022-11,W3,2022-11-21,TARGET_HISTORY,WPU1012,2022-09,2022-11-15
SCRAP,2022-11,W3,2022-11-21,TARGET_HISTORY,WPU1012,2022-10,2022-11-15
SCRAP,2022-11,W3,2022-11-21,MARKET_X,WPU1017,2022-06,2022-11-15
SCRAP,2022-11,W3,2022-11-21,MARKET_X,WPU1017,2022-07,2022-11-15
SCRAP,2022-11,W3,2022-11-21,MARKET_X,WPU1017,2022-08,2022-11-15
SCRAP,2022-11,W3,2022-11-21,MARKET_X,WPU1017,2022-09,2022-11-15
SCRAP,2022-11,W3,2022-11-21,MARKET_X,WPU1017,2022-10,2022-11-15
SCRAP,2022-11,W3,2022-11-21,MARKET_X,WPU0542,2022-06,2022-11-15
SCRAP,2022-11,W3,2022-11-21,MARKET_X,WPU0542,2022-07,2022-11-15
SCRAP,2022-11,W3,2022-11-21,MARKET_X,WPU0542,2022-08,2022-11-15
SCRAP,2022-11,W3,2022-11-21,MARKET_X,WPU0542,2022-09,2022-11-15
SCRAP,2022-11,W3,2022-11-21,MARKET_X,WPU0542,2022-10,2022-11-15
SCRAP,2022-12,W1,2022-12-07,EVENT,"DOCKET:A-533-871, A-475-835, A-469-815, C-533-872",2022-12,2022-12-05
SCRAP,2022-12,W2,2022-12-14,TARGET_HISTORY,WPU1012,2022-07,2022-12-09
SCRAP,2022-12,W2,2022-12-14,TARGET_HISTORY,WPU1012,2022-08,2022-12-09
SCRAP,2022-12,W2,2022-12-14,TARGET_HISTORY,WPU1012,2022-09,2022-12-09
SCRAP,2022-12,W2,2022-12-14,TARGET_HISTORY,WPU1012,2022-10,2022-12-09
SCRAP,2022-12,W2,2022-12-14,TARGET_HISTORY,WPU1012,2022-11,2022-12-09
SCRAP,2022-12,W2,2022-12-14,MARKET_X,WPU1017,2022-07,2022-12-09
SCRAP,2022-12,W2,2022-12-14,MARKET_X,WPU1017,2022-08,2022-12-09
SCRAP,2022-12,W2,2022-12-14,MARKET_X,WPU1017,2022-09,2022-12-09
SCRAP,2022-12,W2,2022-12-14,MARKET_X,WPU1017,2022-10,2022-12-09
SCRAP,2022-12,W2,2022-12-14,MARKET_X,WPU1017,2022-11,2022-12-09
SCRAP,2022-12,W2,2022-12-14,MARKET_X,WPU0542,2022-07,2022-12-09
SCRAP,2022-12,W2,2022-12-14,MARKET_X,WPU0542,2022-08,2022-12-09
SCRAP,2022-12,W2,2022-12-14,MARKET_X,WPU0542,2022-09,2022-12-09
SCRAP,2022-12,W2,2022-12-14,MARKET_X,WPU0542,2022-10,2022-12-09
SCRAP,2022-12,W2,2022-12-14,MARKET_X,WPU0542,2022-11,2022-12-09
SCRAP,2022-12,W4,2022-12-31,EVENT,"DOCKET:A-602-809, A-351-845, A-588-874, A-580-883, A-421-813, A-489-826, A-412-825, C-351-846, C-580-884",2022-12,2022-12-22
SCRAP,2023-01,W3,2023-01-21,TARGET_HISTORY,WPU1012,2022-08,2023-01-18
SCRAP,2023-01,W3,2023-01-21,TARGET_HISTORY,WPU1012,2022-09,2023-01-18
SCRAP,2023-01,W3,2023-01-21,TARGET_HISTORY,WPU1012,2022-10,2023-01-18
SCRAP,2023-01,W3,2023-01-21,TARGET_HISTORY,WPU1012,2022-11,2023-01-18
SCRAP,2023-01,W3,2023-01-21,TARGET_HISTORY,WPU1012,2022-12,2023-01-18
SCRAP,2023-01,W3,2023-01-21,MARKET_X,WPU1017,2022-08,2023-01-18
SCRAP,2023-01,W3,2023-01-21,MARKET_X,WPU1017,2022-09,2023-01-18
SCRAP,2023-01,W3,2023-01-21,MARKET_X,WPU1017,2022-10,2023-01-18
SCRAP,2023-01,W3,2023-01-21,MARKET_X,WPU1017,2022-11,2023-01-18
SCRAP,2023-01,W3,2023-01-21,MARKET_X,WPU1017,2022-12,2023-01-18
SCRAP,2023-01,W3,2023-01-21,MARKET_X,WPU0542,2022-08,2023-01-18
SCRAP,2023-01,W3,2023-01-21,MARKET_X,WPU0542,2022-09,2023-01-18
SCRAP,2023-01,W3,2023-01-21,MARKET_X,WPU0542,2022-10,2023-01-18
SCRAP,2023-01,W3,2023-01-21,MARKET_X,WPU0542,2022-11,2023-01-18
SCRAP,2023-01,W3,2023-01-21,MARKET_X,WPU0542,2022-12,2023-01-18
SCRAP,2023-02,W3,2023-02-21,TARGET_HISTORY,WPU1012,2022-09,2023-02-16
SCRAP,2023-02,W3,2023-02-21,TARGET_HISTORY,WPU1012,2022-10,2023-02-16
SCRAP,2023-02,W3,2023-02-21,TARGET_HISTORY,WPU1012,2022-11,2023-02-16
SCRAP,2023-02,W3,2023-02-21,TARGET_HISTORY,WPU1012,2022-12,2023-02-16
SCRAP,2023-02,W3,2023-02-21,TARGET_HISTORY,WPU1012,2023-01,2023-02-16
SCRAP,2023-02,W3,2023-02-21,MARKET_X,WPU1017,2022-09,2023-02-16
SCRAP,2023-02,W3,2023-02-21,MARKET_X,WPU1017,2022-10,2023-02-16
SCRAP,2023-02,W3,2023-02-21,MARKET_X,WPU1017,2022-11,2023-02-16
SCRAP,2023-02,W3,2023-02-21,MARKET_X,WPU1017,2022-12,2023-02-16
SCRAP,2023-02,W3,2023-02-21,MARKET_X,WPU1017,2023-01,2023-02-16
SCRAP,2023-02,W3,2023-02-21,MARKET_X,WPU0542,2022-09,2023-02-16
SCRAP,2023-02,W3,2023-02-21,MARKET_X,WPU0542,2022-10,2023-02-16
SCRAP,2023-02,W3,2023-02-21,MARKET_X,WPU0542,2022-11,2023-02-16
SCRAP,2023-02,W3,2023-02-21,MARKET_X,WPU0542,2022-12,2023-02-16
SCRAP,2023-02,W3,2023-02-21,MARKET_X,WPU0542,2023-01,2023-02-16
SCRAP,2023-03,W3,2023-03-21,TARGET_HISTORY,WPU1012,2022-10,2023-03-15
SCRAP,2023-03,W3,2023-03-21,TARGET_HISTORY,WPU1012,2022-11,2023-03-15
SCRAP,2023-03,W3,2023-03-21,TARGET_HISTORY,WPU1012,2022-12,2023-03-15
SCRAP,2023-03,W3,2023-03-21,TARGET_HISTORY,WPU1012,2023-01,2023-03-15
SCRAP,2023-03,W3,2023-03-21,TARGET_HISTORY,WPU1012,2023-02,2023-03-15
SCRAP,2023-03,W3,2023-03-21,MARKET_X,WPU1017,2022-10,2023-03-15
SCRAP,2023-03,W3,2023-03-21,MARKET_X,WPU1017,2022-11,2023-03-15
SCRAP,2023-03,W3,2023-03-21,MARKET_X,WPU1017,2022-12,2023-03-15
SCRAP,2023-03,W3,2023-03-21,MARKET_X,WPU1017,2023-01,2023-03-15
SCRAP,2023-03,W3,2023-03-21,MARKET_X,WPU1017,2023-02,2023-03-15
SCRAP,2023-03,W3,2023-03-21,MARKET_X,WPU0542,2022-10,2023-03-15
SCRAP,2023-03,W3,2023-03-21,MARKET_X,WPU0542,2022-11,2023-03-15
SCRAP,2023-03,W3,2023-03-21,MARKET_X,WPU0542,2022-12,2023-03-15
SCRAP,2023-03,W3,2023-03-21,MARKET_X,WPU0542,2023-01,2023-03-15
SCRAP,2023-03,W3,2023-03-21,MARKET_X,WPU0542,2023-02,2023-03-15
SCRAP,2023-04,W2,2023-04-14,TARGET_HISTORY,WPU1012,2022-11,2023-04-13
SCRAP,2023-04,W2,2023-04-14,TARGET_HISTORY,WPU1012,2022-12,2023-04-13
SCRAP,2023-04,W2,2023-04-14,TARGET_HISTORY,WPU1012,2023-01,2023-04-13
SCRAP,2023-04,W2,2023-04-14,TARGET_HISTORY,WPU1012,2023-02,2023-04-13
SCRAP,2023-04,W2,2023-04-14,TARGET_HISTORY,WPU1012,2023-03,2023-04-13
SCRAP,2023-04,W2,2023-04-14,MARKET_X,WPU1017,2022-11,2023-04-13
SCRAP,2023-04,W2,2023-04-14,MARKET_X,WPU1017,2022-12,2023-04-13
SCRAP,2023-04,W2,2023-04-14,MARKET_X,WPU1017,2023-01,2023-04-13
SCRAP,2023-04,W2,2023-04-14,MARKET_X,WPU1017,2023-02,2023-04-13
SCRAP,2023-04,W2,2023-04-14,MARKET_X,WPU1017,2023-03,2023-04-13
SCRAP,2023-04,W2,2023-04-14,MARKET_X,WPU0542,2022-11,2023-04-13
SCRAP,2023-04,W2,2023-04-14,MARKET_X,WPU0542,2022-12,2023-04-13
SCRAP,2023-04,W2,2023-04-14,MARKET_X,WPU0542,2023-01,2023-04-13
SCRAP,2023-04,W2,2023-04-14,MARKET_X,WPU0542,2023-02,2023-04-13
SCRAP,2023-04,W2,2023-04-14,MARKET_X,WPU0542,2023-03,2023-04-13
SCRAP,2023-05,W2,2023-05-14,TARGET_HISTORY,WPU1012,2022-12,2023-05-11
SCRAP,2023-05,W2,2023-05-14,TARGET_HISTORY,WPU1012,2023-01,2023-05-11
SCRAP,2023-05,W2,2023-05-14,TARGET_HISTORY,WPU1012,2023-02,2023-05-11
SCRAP,2023-05,W2,2023-05-14,TARGET_HISTORY,WPU1012,2023-03,2023-05-11
SCRAP,2023-05,W2,2023-05-14,TARGET_HISTORY,WPU1012,2023-04,2023-05-11
SCRAP,2023-05,W2,2023-05-14,MARKET_X,WPU1017,2022-12,2023-05-11
SCRAP,2023-05,W2,2023-05-14,MARKET_X,WPU1017,2023-01,2023-05-11
SCRAP,2023-05,W2,2023-05-14,MARKET_X,WPU1017,2023-02,2023-05-11
SCRAP,2023-05,W2,2023-05-14,MARKET_X,WPU1017,2023-03,2023-05-11
SCRAP,2023-05,W2,2023-05-14,MARKET_X,WPU1017,2023-04,2023-05-11
SCRAP,2023-05,W2,2023-05-14,MARKET_X,WPU0542,2022-12,2023-05-11
SCRAP,2023-05,W2,2023-05-14,MARKET_X,WPU0542,2023-01,2023-05-11
SCRAP,2023-05,W2,2023-05-14,MARKET_X,WPU0542,2023-02,2023-05-11
SCRAP,2023-05,W2,2023-05-14,MARKET_X,WPU0542,2023-03,2023-05-11
SCRAP,2023-05,W2,2023-05-14,MARKET_X,WPU0542,2023-04,2023-05-11
SCRAP,2023-05,W4,2023-05-31,EVENT,DOCKET:A-580-829,2023-05,2023-05-26
SCRAP,2023-06,W2,2023-06-14,TARGET_HISTORY,WPU1012,2023-01,2023-06-14
SCRAP,2023-06,W2,2023-06-14,TARGET_HISTORY,WPU1012,2023-02,2023-06-14
SCRAP,2023-06,W2,2023-06-14,TARGET_HISTORY,WPU1012,2023-03,2023-06-14
SCRAP,2023-06,W2,2023-06-14,TARGET_HISTORY,WPU1012,2023-04,2023-06-14
SCRAP,2023-06,W2,2023-06-14,TARGET_HISTORY,WPU1012,2023-05,2023-06-14
SCRAP,2023-06,W2,2023-06-14,MARKET_X,WPU1017,2023-01,2023-06-14
SCRAP,2023-06,W2,2023-06-14,MARKET_X,WPU1017,2023-02,2023-06-14
SCRAP,2023-06,W2,2023-06-14,MARKET_X,WPU1017,2023-03,2023-06-14
SCRAP,2023-06,W2,2023-06-14,MARKET_X,WPU1017,2023-04,2023-06-14
SCRAP,2023-06,W2,2023-06-14,MARKET_X,WPU1017,2023-05,2023-06-14
SCRAP,2023-06,W2,2023-06-14,MARKET_X,WPU0542,2023-01,2023-06-14
SCRAP,2023-06,W2,2023-06-14,MARKET_X,WPU0542,2023-02,2023-06-14
SCRAP,2023-06,W2,2023-06-14,MARKET_X,WPU0542,2023-03,2023-06-14
SCRAP,2023-06,W2,2023-06-14,MARKET_X,WPU0542,2023-04,2023-06-14
SCRAP,2023-06,W2,2023-06-14,MARKET_X,WPU0542,2023-05,2023-06-14
SCRAP,2023-07,W2,2023-07-14,TARGET_HISTORY,WPU1012,2023-02,2023-07-13
SCRAP,2023-07,W2,2023-07-14,TARGET_HISTORY,WPU1012,2023-03,2023-07-13
SCRAP,2023-07,W2,2023-07-14,TARGET_HISTORY,WPU1012,2023-04,2023-07-13
SCRAP,2023-07,W2,2023-07-14,TARGET_HISTORY,WPU1012,2023-05,2023-07-13
SCRAP,2023-07,W2,2023-07-14,TARGET_HISTORY,WPU1012,2023-06,2023-07-13
SCRAP,2023-07,W2,2023-07-14,MARKET_X,WPU1017,2023-02,2023-07-13
SCRAP,2023-07,W2,2023-07-14,MARKET_X,WPU1017,2023-03,2023-07-13
SCRAP,2023-07,W2,2023-07-14,MARKET_X,WPU1017,2023-04,2023-07-13
SCRAP,2023-07,W2,2023-07-14,MARKET_X,WPU1017,2023-05,2023-07-13
SCRAP,2023-07,W2,2023-07-14,MARKET_X,WPU1017,2023-06,2023-07-13
SCRAP,2023-07,W2,2023-07-14,MARKET_X,WPU0542,2023-02,2023-07-13
SCRAP,2023-07,W2,2023-07-14,MARKET_X,WPU0542,2023-03,2023-07-13
SCRAP,2023-07,W2,2023-07-14,MARKET_X,WPU0542,2023-04,2023-07-13
SCRAP,2023-07,W2,2023-07-14,MARKET_X,WPU0542,2023-05,2023-07-13
SCRAP,2023-07,W2,2023-07-14,MARKET_X,WPU0542,2023-06,2023-07-13
SCRAP,2023-08,W2,2023-08-14,TARGET_HISTORY,WPU1012,2023-03,2023-08-11
SCRAP,2023-08,W2,2023-08-14,TARGET_HISTORY,WPU1012,2023-04,2023-08-11
SCRAP,2023-08,W2,2023-08-14,TARGET_HISTORY,WPU1012,2023-05,2023-08-11
SCRAP,2023-08,W2,2023-08-14,TARGET_HISTORY,WPU1012,2023-06,2023-08-11
SCRAP,2023-08,W2,2023-08-14,TARGET_HISTORY,WPU1012,2023-07,2023-08-11
SCRAP,2023-08,W2,2023-08-14,MARKET_X,WPU1017,2023-03,2023-08-11
SCRAP,2023-08,W2,2023-08-14,MARKET_X,WPU1017,2023-04,2023-08-11
SCRAP,2023-08,W2,2023-08-14,MARKET_X,WPU1017,2023-05,2023-08-11
SCRAP,2023-08,W2,2023-08-14,MARKET_X,WPU1017,2023-06,2023-08-11
SCRAP,2023-08,W2,2023-08-14,MARKET_X,WPU1017,2023-07,2023-08-11
SCRAP,2023-08,W2,2023-08-14,MARKET_X,WPU0542,2023-03,2023-08-11
SCRAP,2023-08,W2,2023-08-14,MARKET_X,WPU0542,2023-04,2023-08-11
SCRAP,2023-08,W2,2023-08-14,MARKET_X,WPU0542,2023-05,2023-08-11
SCRAP,2023-08,W2,2023-08-14,MARKET_X,WPU0542,2023-06,2023-08-11
SCRAP,2023-08,W2,2023-08-14,MARKET_X,WPU0542,2023-07,2023-08-11
SCRAP,2023-08,W4,2023-08-31,EVENT,DOCKET:Docket No. 230810-0188,2023-08,2023-08-28
SCRAP,2023-09,W2,2023-09-14,TARGET_HISTORY,WPU1012,2023-04,2023-09-14
SCRAP,2023-09,W2,2023-09-14,TARGET_HISTORY,WPU1012,2023-05,2023-09-14
SCRAP,2023-09,W2,2023-09-14,TARGET_HISTORY,WPU1012,2023-06,2023-09-14
SCRAP,2023-09,W2,2023-09-14,TARGET_HISTORY,WPU1012,2023-07,2023-09-14
SCRAP,2023-09,W2,2023-09-14,TARGET_HISTORY,WPU1012,2023-08,2023-09-14
SCRAP,2023-09,W2,2023-09-14,MARKET_X,WPU1017,2023-04,2023-09-14
SCRAP,2023-09,W2,2023-09-14,MARKET_X,WPU1017,2023-05,2023-09-14
SCRAP,2023-09,W2,2023-09-14,MARKET_X,WPU1017,2023-06,2023-09-14
SCRAP,2023-09,W2,2023-09-14,MARKET_X,WPU1017,2023-07,2023-09-14
SCRAP,2023-09,W2,2023-09-14,MARKET_X,WPU1017,2023-08,2023-09-14
SCRAP,2023-09,W2,2023-09-14,MARKET_X,WPU0542,2023-04,2023-09-14
SCRAP,2023-09,W2,2023-09-14,MARKET_X,WPU0542,2023-05,2023-09-14
SCRAP,2023-09,W2,2023-09-14,MARKET_X,WPU0542,2023-06,2023-09-14
SCRAP,2023-09,W2,2023-09-14,MARKET_X,WPU0542,2023-07,2023-09-14
SCRAP,2023-09,W2,2023-09-14,MARKET_X,WPU0542,2023-08,2023-09-14
SCRAP,2023-10,W2,2023-10-14,TARGET_HISTORY,WPU1012,2023-05,2023-10-11
SCRAP,2023-10,W2,2023-10-14,TARGET_HISTORY,WPU1012,2023-06,2023-10-11
SCRAP,2023-10,W2,2023-10-14,TARGET_HISTORY,WPU1012,2023-07,2023-10-11
SCRAP,2023-10,W2,2023-10-14,TARGET_HISTORY,WPU1012,2023-08,2023-10-11
SCRAP,2023-10,W2,2023-10-14,TARGET_HISTORY,WPU1012,2023-09,2023-10-11
SCRAP,2023-10,W2,2023-10-14,MARKET_X,WPU1017,2023-05,2023-10-11
SCRAP,2023-10,W2,2023-10-14,MARKET_X,WPU1017,2023-06,2023-10-11
SCRAP,2023-10,W2,2023-10-14,MARKET_X,WPU1017,2023-07,2023-10-11
SCRAP,2023-10,W2,2023-10-14,MARKET_X,WPU1017,2023-08,2023-10-11
SCRAP,2023-10,W2,2023-10-14,MARKET_X,WPU1017,2023-09,2023-10-11
SCRAP,2023-10,W2,2023-10-14,MARKET_X,WPU0542,2023-05,2023-10-11
SCRAP,2023-10,W2,2023-10-14,MARKET_X,WPU0542,2023-06,2023-10-11
SCRAP,2023-10,W2,2023-10-14,MARKET_X,WPU0542,2023-07,2023-10-11
SCRAP,2023-10,W2,2023-10-14,MARKET_X,WPU0542,2023-08,2023-10-11
SCRAP,2023-10,W2,2023-10-14,MARKET_X,WPU0542,2023-09,2023-10-11
SCRAP,2023-10,W2,2023-10-14,EVENT,"DOCKET:A-583-849, A-552-812, C-552-813",2023-10,2023-10-13
SCRAP,2023-11,W3,2023-11-21,TARGET_HISTORY,WPU1012,2023-06,2023-11-15
SCRAP,2023-11,W3,2023-11-21,TARGET_HISTORY,WPU1012,2023-07,2023-11-15
SCRAP,2023-11,W3,2023-11-21,TARGET_HISTORY,WPU1012,2023-08,2023-11-15
SCRAP,2023-11,W3,2023-11-21,TARGET_HISTORY,WPU1012,2023-09,2023-11-15
SCRAP,2023-11,W3,2023-11-21,TARGET_HISTORY,WPU1012,2023-10,2023-11-15
SCRAP,2023-11,W3,2023-11-21,MARKET_X,WPU1017,2023-06,2023-11-15
SCRAP,2023-11,W3,2023-11-21,MARKET_X,WPU1017,2023-07,2023-11-15
SCRAP,2023-11,W3,2023-11-21,MARKET_X,WPU1017,2023-08,2023-11-15
SCRAP,2023-11,W3,2023-11-21,MARKET_X,WPU1017,2023-09,2023-11-15
SCRAP,2023-11,W3,2023-11-21,MARKET_X,WPU1017,2023-10,2023-11-15
SCRAP,2023-11,W3,2023-11-21,MARKET_X,WPU0542,2023-06,2023-11-15
SCRAP,2023-11,W3,2023-11-21,MARKET_X,WPU0542,2023-07,2023-11-15
SCRAP,2023-11,W3,2023-11-21,MARKET_X,WPU0542,2023-08,2023-11-15
SCRAP,2023-11,W3,2023-11-21,MARKET_X,WPU0542,2023-09,2023-11-15
SCRAP,2023-11,W3,2023-11-21,MARKET_X,WPU0542,2023-10,2023-11-15
SCRAP,2023-12,W2,2023-12-14,TARGET_HISTORY,WPU1012,2023-07,2023-12-13
SCRAP,2023-12,W2,2023-12-14,TARGET_HISTORY,WPU1012,2023-08,2023-12-13
SCRAP,2023-12,W2,2023-12-14,TARGET_HISTORY,WPU1012,2023-09,2023-12-13
SCRAP,2023-12,W2,2023-12-14,TARGET_HISTORY,WPU1012,2023-10,2023-12-13
SCRAP,2023-12,W2,2023-12-14,TARGET_HISTORY,WPU1012,2023-11,2023-12-13
SCRAP,2023-12,W2,2023-12-14,MARKET_X,WPU1017,2023-07,2023-12-13
SCRAP,2023-12,W2,2023-12-14,MARKET_X,WPU1017,2023-08,2023-12-13
SCRAP,2023-12,W2,2023-12-14,MARKET_X,WPU1017,2023-09,2023-12-13
SCRAP,2023-12,W2,2023-12-14,MARKET_X,WPU1017,2023-10,2023-12-13
SCRAP,2023-12,W2,2023-12-14,MARKET_X,WPU1017,2023-11,2023-12-13
SCRAP,2023-12,W2,2023-12-14,MARKET_X,WPU0542,2023-07,2023-12-13
SCRAP,2023-12,W2,2023-12-14,MARKET_X,WPU0542,2023-08,2023-12-13
SCRAP,2023-12,W2,2023-12-14,MARKET_X,WPU0542,2023-09,2023-12-13
SCRAP,2023-12,W2,2023-12-14,MARKET_X,WPU0542,2023-10,2023-12-13
SCRAP,2023-12,W2,2023-12-14,MARKET_X,WPU0542,2023-11,2023-12-13
SCRAP,2024-01,W2,2024-01-14,TARGET_HISTORY,WPU1012,2023-08,2024-01-12
SCRAP,2024-01,W2,2024-01-14,TARGET_HISTORY,WPU1012,2023-09,2024-01-12
SCRAP,2024-01,W2,2024-01-14,TARGET_HISTORY,WPU1012,2023-10,2024-01-12
SCRAP,2024-01,W2,2024-01-14,TARGET_HISTORY,WPU1012,2023-11,2024-01-12
SCRAP,2024-01,W2,2024-01-14,TARGET_HISTORY,WPU1012,2023-12,2024-01-12
SCRAP,2024-01,W2,2024-01-14,MARKET_X,WPU1017,2023-08,2024-01-12
SCRAP,2024-01,W2,2024-01-14,MARKET_X,WPU1017,2023-09,2024-01-12
SCRAP,2024-01,W2,2024-01-14,MARKET_X,WPU1017,2023-10,2024-01-12
SCRAP,2024-01,W2,2024-01-14,MARKET_X,WPU1017,2023-11,2024-01-12
SCRAP,2024-01,W2,2024-01-14,MARKET_X,WPU1017,2023-12,2024-01-12
SCRAP,2024-01,W2,2024-01-14,MARKET_X,WPU0542,2023-08,2024-01-12
SCRAP,2024-01,W2,2024-01-14,MARKET_X,WPU0542,2023-09,2024-01-12
SCRAP,2024-01,W2,2024-01-14,MARKET_X,WPU0542,2023-10,2024-01-12
SCRAP,2024-01,W2,2024-01-14,MARKET_X,WPU0542,2023-11,2024-01-12
SCRAP,2024-01,W2,2024-01-14,MARKET_X,WPU0542,2023-12,2024-01-12
SCRAP,2024-01,W2,2024-01-14,EVENT,"DOCKET:A-533-502, A-549-502, A-489-501, A-201-805, A-580-809, A-583-008, A-583-814, C-489-502, A-351-809",2024-01,2024-01-11
SCRAP,2024-02,W3,2024-02-21,TARGET_HISTORY,WPU1012,2023-09,2024-02-16
SCRAP,2024-02,W3,2024-02-21,TARGET_HISTORY,WPU1012,2023-10,2024-02-16
SCRAP,2024-02,W3,2024-02-21,TARGET_HISTORY,WPU1012,2023-11,2024-02-16
SCRAP,2024-02,W3,2024-02-21,TARGET_HISTORY,WPU1012,2023-12,2024-02-16
SCRAP,2024-02,W3,2024-02-21,TARGET_HISTORY,WPU1012,2024-01,2024-02-16
SCRAP,2024-02,W3,2024-02-21,MARKET_X,WPU1017,2023-09,2024-02-16
SCRAP,2024-02,W3,2024-02-21,MARKET_X,WPU1017,2023-10,2024-02-16
SCRAP,2024-02,W3,2024-02-21,MARKET_X,WPU1017,2023-11,2024-02-16
SCRAP,2024-02,W3,2024-02-21,MARKET_X,WPU1017,2023-12,2024-02-16
SCRAP,2024-02,W3,2024-02-21,MARKET_X,WPU1017,2024-01,2024-02-16
SCRAP,2024-02,W3,2024-02-21,MARKET_X,WPU0542,2023-09,2024-02-16
SCRAP,2024-02,W3,2024-02-21,MARKET_X,WPU0542,2023-10,2024-02-16
SCRAP,2024-02,W3,2024-02-21,MARKET_X,WPU0542,2023-11,2024-02-16
SCRAP,2024-02,W3,2024-02-21,MARKET_X,WPU0542,2023-12,2024-02-16
SCRAP,2024-02,W3,2024-02-21,MARKET_X,WPU0542,2024-01,2024-02-16
SCRAP,2024-03,W2,2024-03-14,TARGET_HISTORY,WPU1012,2023-10,2024-03-14
SCRAP,2024-03,W2,2024-03-14,TARGET_HISTORY,WPU1012,2023-11,2024-03-14
SCRAP,2024-03,W2,2024-03-14,TARGET_HISTORY,WPU1012,2023-12,2024-03-14
SCRAP,2024-03,W2,2024-03-14,TARGET_HISTORY,WPU1012,2024-01,2024-03-14
SCRAP,2024-03,W2,2024-03-14,TARGET_HISTORY,WPU1012,2024-02,2024-03-14
SCRAP,2024-03,W2,2024-03-14,MARKET_X,WPU1017,2023-10,2024-03-14
SCRAP,2024-03,W2,2024-03-14,MARKET_X,WPU1017,2023-11,2024-03-14
SCRAP,2024-03,W2,2024-03-14,MARKET_X,WPU1017,2023-12,2024-03-14
SCRAP,2024-03,W2,2024-03-14,MARKET_X,WPU1017,2024-01,2024-03-14
SCRAP,2024-03,W2,2024-03-14,MARKET_X,WPU1017,2024-02,2024-03-14
SCRAP,2024-03,W2,2024-03-14,MARKET_X,WPU0542,2023-10,2024-03-14
SCRAP,2024-03,W2,2024-03-14,MARKET_X,WPU0542,2023-11,2024-03-14
SCRAP,2024-03,W2,2024-03-14,MARKET_X,WPU0542,2023-12,2024-03-14
SCRAP,2024-03,W2,2024-03-14,MARKET_X,WPU0542,2024-01,2024-03-14
SCRAP,2024-03,W2,2024-03-14,MARKET_X,WPU0542,2024-02,2024-03-14
SCRAP,2024-04,W2,2024-04-14,TARGET_HISTORY,WPU1012,2023-11,2024-04-11
SCRAP,2024-04,W2,2024-04-14,TARGET_HISTORY,WPU1012,2023-12,2024-04-11
SCRAP,2024-04,W2,2024-04-14,TARGET_HISTORY,WPU1012,2024-01,2024-04-11
SCRAP,2024-04,W2,2024-04-14,TARGET_HISTORY,WPU1012,2024-02,2024-04-11
SCRAP,2024-04,W2,2024-04-14,TARGET_HISTORY,WPU1012,2024-03,2024-04-11
SCRAP,2024-04,W2,2024-04-14,MARKET_X,WPU1017,2023-11,2024-04-11
SCRAP,2024-04,W2,2024-04-14,MARKET_X,WPU1017,2023-12,2024-04-11
SCRAP,2024-04,W2,2024-04-14,MARKET_X,WPU1017,2024-01,2024-04-11
SCRAP,2024-04,W2,2024-04-14,MARKET_X,WPU1017,2024-02,2024-04-11
SCRAP,2024-04,W2,2024-04-14,MARKET_X,WPU1017,2024-03,2024-04-11
SCRAP,2024-04,W2,2024-04-14,MARKET_X,WPU0542,2023-11,2024-04-11
SCRAP,2024-04,W2,2024-04-14,MARKET_X,WPU0542,2023-12,2024-04-11
SCRAP,2024-04,W2,2024-04-14,MARKET_X,WPU0542,2024-01,2024-04-11
SCRAP,2024-04,W2,2024-04-14,MARKET_X,WPU0542,2024-02,2024-04-11
SCRAP,2024-04,W2,2024-04-14,MARKET_X,WPU0542,2024-03,2024-04-11
SCRAP,2024-05,W2,2024-05-14,TARGET_HISTORY,WPU1012,2023-12,2024-05-14
SCRAP,2024-05,W2,2024-05-14,TARGET_HISTORY,WPU1012,2024-01,2024-05-14
SCRAP,2024-05,W2,2024-05-14,TARGET_HISTORY,WPU1012,2024-02,2024-05-14
SCRAP,2024-05,W2,2024-05-14,TARGET_HISTORY,WPU1012,2024-03,2024-05-14
SCRAP,2024-05,W2,2024-05-14,TARGET_HISTORY,WPU1012,2024-04,2024-05-14
SCRAP,2024-05,W2,2024-05-14,MARKET_X,WPU1017,2023-12,2024-05-14
SCRAP,2024-05,W2,2024-05-14,MARKET_X,WPU1017,2024-01,2024-05-14
SCRAP,2024-05,W2,2024-05-14,MARKET_X,WPU1017,2024-02,2024-05-14
SCRAP,2024-05,W2,2024-05-14,MARKET_X,WPU1017,2024-03,2024-05-14
SCRAP,2024-05,W2,2024-05-14,MARKET_X,WPU1017,2024-04,2024-05-14
SCRAP,2024-05,W2,2024-05-14,MARKET_X,WPU0542,2023-12,2024-05-14
SCRAP,2024-05,W2,2024-05-14,MARKET_X,WPU0542,2024-01,2024-05-14
SCRAP,2024-05,W2,2024-05-14,MARKET_X,WPU0542,2024-02,2024-05-14
SCRAP,2024-05,W2,2024-05-14,MARKET_X,WPU0542,2024-03,2024-05-14
SCRAP,2024-05,W2,2024-05-14,MARKET_X,WPU0542,2024-04,2024-05-14
SCRAP,2024-05,W3,2024-05-21,EVENT,DOCKET:Docket No. 240306-0071,2024-05,2024-05-20
SCRAP,2024-06,W2,2024-06-14,TARGET_HISTORY,WPU1012,2024-01,2024-06-13
SCRAP,2024-06,W2,2024-06-14,TARGET_HISTORY,WPU1012,2024-02,2024-06-13
SCRAP,2024-06,W2,2024-06-14,TARGET_HISTORY,WPU1012,2024-03,2024-06-13
SCRAP,2024-06,W2,2024-06-14,TARGET_HISTORY,WPU1012,2024-04,2024-06-13
SCRAP,2024-06,W2,2024-06-14,TARGET_HISTORY,WPU1012,2024-05,2024-06-13
SCRAP,2024-06,W2,2024-06-14,MARKET_X,WPU1017,2024-01,2024-06-13
SCRAP,2024-06,W2,2024-06-14,MARKET_X,WPU1017,2024-02,2024-06-13
SCRAP,2024-06,W2,2024-06-14,MARKET_X,WPU1017,2024-03,2024-06-13
SCRAP,2024-06,W2,2024-06-14,MARKET_X,WPU1017,2024-04,2024-06-13
SCRAP,2024-06,W2,2024-06-14,MARKET_X,WPU1017,2024-05,2024-06-13
SCRAP,2024-06,W2,2024-06-14,MARKET_X,WPU0542,2024-01,2024-06-13
SCRAP,2024-06,W2,2024-06-14,MARKET_X,WPU0542,2024-02,2024-06-13
SCRAP,2024-06,W2,2024-06-14,MARKET_X,WPU0542,2024-03,2024-06-13
SCRAP,2024-06,W2,2024-06-14,MARKET_X,WPU0542,2024-04,2024-06-13
SCRAP,2024-06,W2,2024-06-14,MARKET_X,WPU0542,2024-05,2024-06-13
SCRAP,2024-07,W2,2024-07-14,TARGET_HISTORY,WPU1012,2024-02,2024-07-12
SCRAP,2024-07,W2,2024-07-14,TARGET_HISTORY,WPU1012,2024-03,2024-07-12
SCRAP,2024-07,W2,2024-07-14,TARGET_HISTORY,WPU1012,2024-04,2024-07-12
SCRAP,2024-07,W2,2024-07-14,TARGET_HISTORY,WPU1012,2024-05,2024-07-12
SCRAP,2024-07,W2,2024-07-14,TARGET_HISTORY,WPU1012,2024-06,2024-07-12
SCRAP,2024-07,W2,2024-07-14,MARKET_X,WPU1017,2024-02,2024-07-12
SCRAP,2024-07,W2,2024-07-14,MARKET_X,WPU1017,2024-03,2024-07-12
SCRAP,2024-07,W2,2024-07-14,MARKET_X,WPU1017,2024-04,2024-07-12
SCRAP,2024-07,W2,2024-07-14,MARKET_X,WPU1017,2024-05,2024-07-12
SCRAP,2024-07,W2,2024-07-14,MARKET_X,WPU1017,2024-06,2024-07-12
SCRAP,2024-07,W2,2024-07-14,MARKET_X,WPU0542,2024-02,2024-07-12
SCRAP,2024-07,W2,2024-07-14,MARKET_X,WPU0542,2024-03,2024-07-12
SCRAP,2024-07,W2,2024-07-14,MARKET_X,WPU0542,2024-04,2024-07-12
SCRAP,2024-07,W2,2024-07-14,MARKET_X,WPU0542,2024-05,2024-07-12
SCRAP,2024-07,W2,2024-07-14,MARKET_X,WPU0542,2024-06,2024-07-12
SCRAP,2024-08,W2,2024-08-14,TARGET_HISTORY,WPU1012,2024-03,2024-08-13
SCRAP,2024-08,W2,2024-08-14,TARGET_HISTORY,WPU1012,2024-04,2024-08-13
SCRAP,2024-08,W2,2024-08-14,TARGET_HISTORY,WPU1012,2024-05,2024-08-13
SCRAP,2024-08,W2,2024-08-14,TARGET_HISTORY,WPU1012,2024-06,2024-08-13
SCRAP,2024-08,W2,2024-08-14,TARGET_HISTORY,WPU1012,2024-07,2024-08-13
SCRAP,2024-08,W2,2024-08-14,MARKET_X,WPU1017,2024-03,2024-08-13
SCRAP,2024-08,W2,2024-08-14,MARKET_X,WPU1017,2024-04,2024-08-13
SCRAP,2024-08,W2,2024-08-14,MARKET_X,WPU1017,2024-05,2024-08-13
SCRAP,2024-08,W2,2024-08-14,MARKET_X,WPU1017,2024-06,2024-08-13
SCRAP,2024-08,W2,2024-08-14,MARKET_X,WPU1017,2024-07,2024-08-13
SCRAP,2024-08,W2,2024-08-14,MARKET_X,WPU0542,2024-03,2024-08-13
SCRAP,2024-08,W2,2024-08-14,MARKET_X,WPU0542,2024-04,2024-08-13
SCRAP,2024-08,W2,2024-08-14,MARKET_X,WPU0542,2024-05,2024-08-13
SCRAP,2024-08,W2,2024-08-14,MARKET_X,WPU0542,2024-06,2024-08-13
SCRAP,2024-08,W2,2024-08-14,MARKET_X,WPU0542,2024-07,2024-08-13
SCRAP,2024-09,W2,2024-09-14,TARGET_HISTORY,WPU1012,2024-04,2024-09-12
SCRAP,2024-09,W2,2024-09-14,TARGET_HISTORY,WPU1012,2024-05,2024-09-12
SCRAP,2024-09,W2,2024-09-14,TARGET_HISTORY,WPU1012,2024-06,2024-09-12
SCRAP,2024-09,W2,2024-09-14,TARGET_HISTORY,WPU1012,2024-07,2024-09-12
SCRAP,2024-09,W2,2024-09-14,TARGET_HISTORY,WPU1012,2024-08,2024-09-12
SCRAP,2024-09,W2,2024-09-14,MARKET_X,WPU1017,2024-04,2024-09-12
SCRAP,2024-09,W2,2024-09-14,MARKET_X,WPU1017,2024-05,2024-09-12
SCRAP,2024-09,W2,2024-09-14,MARKET_X,WPU1017,2024-06,2024-09-12
SCRAP,2024-09,W2,2024-09-14,MARKET_X,WPU1017,2024-07,2024-09-12
SCRAP,2024-09,W2,2024-09-14,MARKET_X,WPU1017,2024-08,2024-09-12
SCRAP,2024-09,W2,2024-09-14,MARKET_X,WPU0542,2024-04,2024-09-12
SCRAP,2024-09,W2,2024-09-14,MARKET_X,WPU0542,2024-05,2024-09-12
SCRAP,2024-09,W2,2024-09-14,MARKET_X,WPU0542,2024-06,2024-09-12
SCRAP,2024-09,W2,2024-09-14,MARKET_X,WPU0542,2024-07,2024-09-12
SCRAP,2024-09,W2,2024-09-14,MARKET_X,WPU0542,2024-08,2024-09-12
SCRAP,2024-10,W2,2024-10-14,TARGET_HISTORY,WPU1012,2024-05,2024-10-11
SCRAP,2024-10,W2,2024-10-14,TARGET_HISTORY,WPU1012,2024-06,2024-10-11
SCRAP,2024-10,W2,2024-10-14,TARGET_HISTORY,WPU1012,2024-07,2024-10-11
SCRAP,2024-10,W2,2024-10-14,TARGET_HISTORY,WPU1012,2024-08,2024-10-11
SCRAP,2024-10,W2,2024-10-14,TARGET_HISTORY,WPU1012,2024-09,2024-10-11
SCRAP,2024-10,W2,2024-10-14,MARKET_X,WPU1017,2024-05,2024-10-11
SCRAP,2024-10,W2,2024-10-14,MARKET_X,WPU1017,2024-06,2024-10-11
SCRAP,2024-10,W2,2024-10-14,MARKET_X,WPU1017,2024-07,2024-10-11
SCRAP,2024-10,W2,2024-10-14,MARKET_X,WPU1017,2024-08,2024-10-11
SCRAP,2024-10,W2,2024-10-14,MARKET_X,WPU1017,2024-09,2024-10-11
SCRAP,2024-10,W2,2024-10-14,MARKET_X,WPU0542,2024-05,2024-10-11
SCRAP,2024-10,W2,2024-10-14,MARKET_X,WPU0542,2024-06,2024-10-11
SCRAP,2024-10,W2,2024-10-14,MARKET_X,WPU0542,2024-07,2024-10-11
SCRAP,2024-10,W2,2024-10-14,MARKET_X,WPU0542,2024-08,2024-10-11
SCRAP,2024-10,W2,2024-10-14,MARKET_X,WPU0542,2024-09,2024-10-11
SCRAP,2024-11,W2,2024-11-14,TARGET_HISTORY,WPU1012,2024-06,2024-11-14
SCRAP,2024-11,W2,2024-11-14,TARGET_HISTORY,WPU1012,2024-07,2024-11-14
SCRAP,2024-11,W2,2024-11-14,TARGET_HISTORY,WPU1012,2024-08,2024-11-14
SCRAP,2024-11,W2,2024-11-14,TARGET_HISTORY,WPU1012,2024-09,2024-11-14
SCRAP,2024-11,W2,2024-11-14,TARGET_HISTORY,WPU1012,2024-10,2024-11-14
SCRAP,2024-11,W2,2024-11-14,MARKET_X,WPU1017,2024-06,2024-11-14
SCRAP,2024-11,W2,2024-11-14,MARKET_X,WPU1017,2024-07,2024-11-14
SCRAP,2024-11,W2,2024-11-14,MARKET_X,WPU1017,2024-08,2024-11-14
SCRAP,2024-11,W2,2024-11-14,MARKET_X,WPU1017,2024-09,2024-11-14
SCRAP,2024-11,W2,2024-11-14,MARKET_X,WPU1017,2024-10,2024-11-14
SCRAP,2024-11,W2,2024-11-14,MARKET_X,WPU0542,2024-06,2024-11-14
SCRAP,2024-11,W2,2024-11-14,MARKET_X,WPU0542,2024-07,2024-11-14
SCRAP,2024-11,W2,2024-11-14,MARKET_X,WPU0542,2024-08,2024-11-14
SCRAP,2024-11,W2,2024-11-14,MARKET_X,WPU0542,2024-09,2024-11-14
SCRAP,2024-11,W2,2024-11-14,MARKET_X,WPU0542,2024-10,2024-11-14
SCRAP,2024-12,W2,2024-12-14,TARGET_HISTORY,WPU1012,2024-07,2024-12-12
SCRAP,2024-12,W2,2024-12-14,TARGET_HISTORY,WPU1012,2024-08,2024-12-12
SCRAP,2024-12,W2,2024-12-14,TARGET_HISTORY,WPU1012,2024-09,2024-12-12
SCRAP,2024-12,W2,2024-12-14,TARGET_HISTORY,WPU1012,2024-10,2024-12-12
SCRAP,2024-12,W2,2024-12-14,TARGET_HISTORY,WPU1012,2024-11,2024-12-12
SCRAP,2024-12,W2,2024-12-14,MARKET_X,WPU1017,2024-07,2024-12-12
SCRAP,2024-12,W2,2024-12-14,MARKET_X,WPU1017,2024-08,2024-12-12
SCRAP,2024-12,W2,2024-12-14,MARKET_X,WPU1017,2024-09,2024-12-12
SCRAP,2024-12,W2,2024-12-14,MARKET_X,WPU1017,2024-10,2024-12-12
SCRAP,2024-12,W2,2024-12-14,MARKET_X,WPU1017,2024-11,2024-12-12
SCRAP,2024-12,W2,2024-12-14,MARKET_X,WPU0542,2024-07,2024-12-12
SCRAP,2024-12,W2,2024-12-14,MARKET_X,WPU0542,2024-08,2024-12-12
SCRAP,2024-12,W2,2024-12-14,MARKET_X,WPU0542,2024-09,2024-12-12
SCRAP,2024-12,W2,2024-12-14,MARKET_X,WPU0542,2024-10,2024-12-12
SCRAP,2024-12,W2,2024-12-14,MARKET_X,WPU0542,2024-11,2024-12-12
SCRAP,2025-01,W2,2025-01-14,TARGET_HISTORY,WPU1012,2024-08,2025-01-14
SCRAP,2025-01,W2,2025-01-14,TARGET_HISTORY,WPU1012,2024-09,2025-01-14
SCRAP,2025-01,W2,2025-01-14,TARGET_HISTORY,WPU1012,2024-10,2025-01-14
SCRAP,2025-01,W2,2025-01-14,TARGET_HISTORY,WPU1012,2024-11,2025-01-14
SCRAP,2025-01,W2,2025-01-14,TARGET_HISTORY,WPU1012,2024-12,2025-01-14
SCRAP,2025-01,W2,2025-01-14,MARKET_X,WPU1017,2024-08,2025-01-14
SCRAP,2025-01,W2,2025-01-14,MARKET_X,WPU1017,2024-09,2025-01-14
SCRAP,2025-01,W2,2025-01-14,MARKET_X,WPU1017,2024-10,2025-01-14
SCRAP,2025-01,W2,2025-01-14,MARKET_X,WPU1017,2024-11,2025-01-14
SCRAP,2025-01,W2,2025-01-14,MARKET_X,WPU1017,2024-12,2025-01-14
SCRAP,2025-01,W2,2025-01-14,MARKET_X,WPU0542,2024-08,2025-01-14
SCRAP,2025-01,W2,2025-01-14,MARKET_X,WPU0542,2024-09,2025-01-14
SCRAP,2025-01,W2,2025-01-14,MARKET_X,WPU0542,2024-10,2025-01-14
SCRAP,2025-01,W2,2025-01-14,MARKET_X,WPU0542,2024-11,2025-01-14
SCRAP,2025-01,W2,2025-01-14,MARKET_X,WPU0542,2024-12,2025-01-14
SCRAP,2025-02,W2,2025-02-14,TARGET_HISTORY,WPU1012,2024-09,2025-02-13
SCRAP,2025-02,W2,2025-02-14,TARGET_HISTORY,WPU1012,2024-10,2025-02-13
SCRAP,2025-02,W2,2025-02-14,TARGET_HISTORY,WPU1012,2024-11,2025-02-13
SCRAP,2025-02,W2,2025-02-14,TARGET_HISTORY,WPU1012,2024-12,2025-02-13
SCRAP,2025-02,W2,2025-02-14,TARGET_HISTORY,WPU1012,2025-01,2025-02-13
SCRAP,2025-02,W2,2025-02-14,MARKET_X,WPU1017,2024-09,2025-02-13
SCRAP,2025-02,W2,2025-02-14,MARKET_X,WPU1017,2024-10,2025-02-13
SCRAP,2025-02,W2,2025-02-14,MARKET_X,WPU1017,2024-11,2025-02-13
SCRAP,2025-02,W2,2025-02-14,MARKET_X,WPU1017,2024-12,2025-02-13
SCRAP,2025-02,W2,2025-02-14,MARKET_X,WPU1017,2025-01,2025-02-13
SCRAP,2025-02,W2,2025-02-14,MARKET_X,WPU0542,2024-09,2025-02-13
SCRAP,2025-02,W2,2025-02-14,MARKET_X,WPU0542,2024-10,2025-02-13
SCRAP,2025-02,W2,2025-02-14,MARKET_X,WPU0542,2024-11,2025-02-13
SCRAP,2025-02,W2,2025-02-14,MARKET_X,WPU0542,2024-12,2025-02-13
SCRAP,2025-02,W2,2025-02-14,MARKET_X,WPU0542,2025-01,2025-02-13
SCRAP,2025-03,W2,2025-03-14,TARGET_HISTORY,WPU1012,2024-10,2025-03-13
SCRAP,2025-03,W2,2025-03-14,TARGET_HISTORY,WPU1012,2024-11,2025-03-13
SCRAP,2025-03,W2,2025-03-14,TARGET_HISTORY,WPU1012,2024-12,2025-03-13
SCRAP,2025-03,W2,2025-03-14,TARGET_HISTORY,WPU1012,2025-01,2025-03-13
SCRAP,2025-03,W2,2025-03-14,TARGET_HISTORY,WPU1012,2025-02,2025-03-13
SCRAP,2025-03,W2,2025-03-14,MARKET_X,WPU1017,2024-10,2025-03-13
SCRAP,2025-03,W2,2025-03-14,MARKET_X,WPU1017,2024-11,2025-03-13
SCRAP,2025-03,W2,2025-03-14,MARKET_X,WPU1017,2024-12,2025-03-13
SCRAP,2025-03,W2,2025-03-14,MARKET_X,WPU1017,2025-01,2025-03-13
SCRAP,2025-03,W2,2025-03-14,MARKET_X,WPU1017,2025-02,2025-03-13
SCRAP,2025-03,W2,2025-03-14,MARKET_X,WPU0542,2024-10,2025-03-13
SCRAP,2025-03,W2,2025-03-14,MARKET_X,WPU0542,2024-11,2025-03-13
SCRAP,2025-03,W2,2025-03-14,MARKET_X,WPU0542,2024-12,2025-03-13
SCRAP,2025-03,W2,2025-03-14,MARKET_X,WPU0542,2025-01,2025-03-13
SCRAP,2025-03,W2,2025-03-14,MARKET_X,WPU0542,2025-02,2025-03-13
SCRAP,2025-04,W2,2025-04-14,TARGET_HISTORY,WPU1012,2024-11,2025-04-11
SCRAP,2025-04,W2,2025-04-14,TARGET_HISTORY,WPU1012,2024-12,2025-04-11
SCRAP,2025-04,W2,2025-04-14,TARGET_HISTORY,WPU1012,2025-01,2025-04-11
SCRAP,2025-04,W2,2025-04-14,TARGET_HISTORY,WPU1012,2025-02,2025-04-11
SCRAP,2025-04,W2,2025-04-14,TARGET_HISTORY,WPU1012,2025-03,2025-04-11
SCRAP,2025-04,W2,2025-04-14,MARKET_X,WPU1017,2024-11,2025-04-11
SCRAP,2025-04,W2,2025-04-14,MARKET_X,WPU1017,2024-12,2025-04-11
SCRAP,2025-04,W2,2025-04-14,MARKET_X,WPU1017,2025-01,2025-04-11
SCRAP,2025-04,W2,2025-04-14,MARKET_X,WPU1017,2025-02,2025-04-11
SCRAP,2025-04,W2,2025-04-14,MARKET_X,WPU1017,2025-03,2025-04-11
SCRAP,2025-04,W2,2025-04-14,MARKET_X,WPU0542,2024-11,2025-04-11
SCRAP,2025-04,W2,2025-04-14,MARKET_X,WPU0542,2024-12,2025-04-11
SCRAP,2025-04,W2,2025-04-14,MARKET_X,WPU0542,2025-01,2025-04-11
SCRAP,2025-04,W2,2025-04-14,MARKET_X,WPU0542,2025-02,2025-04-11
SCRAP,2025-04,W2,2025-04-14,MARKET_X,WPU0542,2025-03,2025-04-11
SCRAP,2025-05,W3,2025-05-21,TARGET_HISTORY,WPU1012,2024-12,2025-05-15
SCRAP,2025-05,W3,2025-05-21,TARGET_HISTORY,WPU1012,2025-01,2025-05-15
SCRAP,2025-05,W3,2025-05-21,TARGET_HISTORY,WPU1012,2025-02,2025-05-15
SCRAP,2025-05,W3,2025-05-21,TARGET_HISTORY,WPU1012,2025-03,2025-05-15
SCRAP,2025-05,W3,2025-05-21,TARGET_HISTORY,WPU1012,2025-04,2025-05-15
SCRAP,2025-05,W3,2025-05-21,MARKET_X,WPU1017,2024-12,2025-05-15
SCRAP,2025-05,W3,2025-05-21,MARKET_X,WPU1017,2025-01,2025-05-15
SCRAP,2025-05,W3,2025-05-21,MARKET_X,WPU1017,2025-02,2025-05-15
SCRAP,2025-05,W3,2025-05-21,MARKET_X,WPU1017,2025-03,2025-05-15
SCRAP,2025-05,W3,2025-05-21,MARKET_X,WPU1017,2025-04,2025-05-15
SCRAP,2025-05,W3,2025-05-21,MARKET_X,WPU0542,2024-12,2025-05-15
SCRAP,2025-05,W3,2025-05-21,MARKET_X,WPU0542,2025-01,2025-05-15
SCRAP,2025-05,W3,2025-05-21,MARKET_X,WPU0542,2025-02,2025-05-15
SCRAP,2025-05,W3,2025-05-21,MARKET_X,WPU0542,2025-03,2025-05-15
SCRAP,2025-05,W3,2025-05-21,MARKET_X,WPU0542,2025-04,2025-05-15
SCRAP,2025-06,W2,2025-06-14,TARGET_HISTORY,WPU1012,2025-01,2025-06-12
SCRAP,2025-06,W2,2025-06-14,TARGET_HISTORY,WPU1012,2025-02,2025-06-12
SCRAP,2025-06,W2,2025-06-14,TARGET_HISTORY,WPU1012,2025-03,2025-06-12
SCRAP,2025-06,W2,2025-06-14,TARGET_HISTORY,WPU1012,2025-04,2025-06-12
SCRAP,2025-06,W2,2025-06-14,TARGET_HISTORY,WPU1012,2025-05,2025-06-12
SCRAP,2025-06,W2,2025-06-14,MARKET_X,WPU1017,2025-01,2025-06-12
SCRAP,2025-06,W2,2025-06-14,MARKET_X,WPU1017,2025-02,2025-06-12
SCRAP,2025-06,W2,2025-06-14,MARKET_X,WPU1017,2025-03,2025-06-12
SCRAP,2025-06,W2,2025-06-14,MARKET_X,WPU1017,2025-04,2025-06-12
SCRAP,2025-06,W2,2025-06-14,MARKET_X,WPU1017,2025-05,2025-06-12
SCRAP,2025-06,W2,2025-06-14,MARKET_X,WPU0542,2025-01,2025-06-12
SCRAP,2025-06,W2,2025-06-14,MARKET_X,WPU0542,2025-02,2025-06-12
SCRAP,2025-06,W2,2025-06-14,MARKET_X,WPU0542,2025-03,2025-06-12
SCRAP,2025-06,W2,2025-06-14,MARKET_X,WPU0542,2025-04,2025-06-12
SCRAP,2025-06,W2,2025-06-14,MARKET_X,WPU0542,2025-05,2025-06-12
SCRAP,2025-06,W2,2025-06-14,EVENT,TITLE:adjusting imports of aluminum and steel into the united states,2025-06,2025-06-09
SCRAP,2025-06,W4,2025-06-30,EVENT,"DOCKET:A-533-887, A-583-865, A-549-840, A-570-104, C-533-888, C-570-105",2025-06,2025-06-26
SCRAP,2025-07,W2,2025-07-14,EVENT,"DOCKET:A-549-839, A-570-086, C-570-087",2025-07,2025-07-10
SCRAP,2025-07,W3,2025-07-21,TARGET_HISTORY,WPU1012,2025-02,2025-07-16
SCRAP,2025-07,W3,2025-07-21,TARGET_HISTORY,WPU1012,2025-03,2025-07-16
SCRAP,2025-07,W3,2025-07-21,TARGET_HISTORY,WPU1012,2025-04,2025-07-16
SCRAP,2025-07,W3,2025-07-21,TARGET_HISTORY,WPU1012,2025-05,2025-07-16
SCRAP,2025-07,W3,2025-07-21,TARGET_HISTORY,WPU1012,2025-06,2025-07-16
SCRAP,2025-07,W3,2025-07-21,MARKET_X,WPU1017,2025-02,2025-07-16
SCRAP,2025-07,W3,2025-07-21,MARKET_X,WPU1017,2025-03,2025-07-16
SCRAP,2025-07,W3,2025-07-21,MARKET_X,WPU1017,2025-04,2025-07-16
SCRAP,2025-07,W3,2025-07-21,MARKET_X,WPU1017,2025-05,2025-07-16
SCRAP,2025-07,W3,2025-07-21,MARKET_X,WPU1017,2025-06,2025-07-16
SCRAP,2025-07,W3,2025-07-21,MARKET_X,WPU0542,2025-02,2025-07-16
SCRAP,2025-07,W3,2025-07-21,MARKET_X,WPU0542,2025-03,2025-07-16
SCRAP,2025-07,W3,2025-07-21,MARKET_X,WPU0542,2025-04,2025-07-16
SCRAP,2025-07,W3,2025-07-21,MARKET_X,WPU0542,2025-05,2025-07-16
SCRAP,2025-07,W3,2025-07-21,MARKET_X,WPU0542,2025-06,2025-07-16
SCRAP,2025-08,W2,2025-08-14,TARGET_HISTORY,WPU1012,2025-03,2025-08-14
SCRAP,2025-08,W2,2025-08-14,TARGET_HISTORY,WPU1012,2025-04,2025-08-14
SCRAP,2025-08,W2,2025-08-14,TARGET_HISTORY,WPU1012,2025-05,2025-08-14
SCRAP,2025-08,W2,2025-08-14,TARGET_HISTORY,WPU1012,2025-06,2025-08-14
SCRAP,2025-08,W2,2025-08-14,TARGET_HISTORY,WPU1012,2025-07,2025-08-14
SCRAP,2025-08,W2,2025-08-14,MARKET_X,WPU1017,2025-03,2025-08-14
SCRAP,2025-08,W2,2025-08-14,MARKET_X,WPU1017,2025-04,2025-08-14
SCRAP,2025-08,W2,2025-08-14,MARKET_X,WPU1017,2025-05,2025-08-14
SCRAP,2025-08,W2,2025-08-14,MARKET_X,WPU1017,2025-06,2025-08-14
SCRAP,2025-08,W2,2025-08-14,MARKET_X,WPU1017,2025-07,2025-08-14
SCRAP,2025-08,W2,2025-08-14,MARKET_X,WPU0542,2025-03,2025-08-14
SCRAP,2025-08,W2,2025-08-14,MARKET_X,WPU0542,2025-04,2025-08-14
SCRAP,2025-08,W2,2025-08-14,MARKET_X,WPU0542,2025-05,2025-08-14
SCRAP,2025-08,W2,2025-08-14,MARKET_X,WPU0542,2025-06,2025-08-14
SCRAP,2025-08,W2,2025-08-14,MARKET_X,WPU0542,2025-07,2025-08-14
SCRAP,2025-09,W2,2025-09-14,TARGET_HISTORY,WPU1012,2025-04,2025-09-10
SCRAP,2025-09,W2,2025-09-14,TARGET_HISTORY,WPU1012,2025-05,2025-09-10
SCRAP,2025-09,W2,2025-09-14,TARGET_HISTORY,WPU1012,2025-06,2025-09-10
SCRAP,2025-09,W2,2025-09-14,TARGET_HISTORY,WPU1012,2025-07,2025-09-10
SCRAP,2025-09,W2,2025-09-14,TARGET_HISTORY,WPU1012,2025-08,2025-09-10
SCRAP,2025-09,W2,2025-09-14,MARKET_X,WPU1017,2025-04,2025-09-10
SCRAP,2025-09,W2,2025-09-14,MARKET_X,WPU1017,2025-05,2025-09-10
SCRAP,2025-09,W2,2025-09-14,MARKET_X,WPU1017,2025-06,2025-09-10
SCRAP,2025-09,W2,2025-09-14,MARKET_X,WPU1017,2025-07,2025-09-10
SCRAP,2025-09,W2,2025-09-14,MARKET_X,WPU1017,2025-08,2025-09-10
SCRAP,2025-09,W2,2025-09-14,MARKET_X,WPU0542,2025-04,2025-09-10
SCRAP,2025-09,W2,2025-09-14,MARKET_X,WPU0542,2025-05,2025-09-10
SCRAP,2025-09,W2,2025-09-14,MARKET_X,WPU0542,2025-06,2025-09-10
SCRAP,2025-09,W2,2025-09-14,MARKET_X,WPU0542,2025-07,2025-09-10
SCRAP,2025-09,W2,2025-09-14,MARKET_X,WPU0542,2025-08,2025-09-10
SCRAP,2025-11,W4,2025-11-30,TARGET_HISTORY,WPU1012,2025-05,2025-11-25
SCRAP,2025-11,W4,2025-11-30,TARGET_HISTORY,WPU1012,2025-06,2025-11-25
SCRAP,2025-11,W4,2025-11-30,TARGET_HISTORY,WPU1012,2025-07,2025-11-25
SCRAP,2025-11,W4,2025-11-30,TARGET_HISTORY,WPU1012,2025-08,2025-11-25
SCRAP,2025-11,W4,2025-11-30,TARGET_HISTORY,WPU1012,2025-09,2025-11-25
SCRAP,2025-11,W4,2025-11-30,MARKET_X,WPU1017,2025-05,2025-11-25
SCRAP,2025-11,W4,2025-11-30,MARKET_X,WPU1017,2025-06,2025-11-25
SCRAP,2025-11,W4,2025-11-30,MARKET_X,WPU1017,2025-07,2025-11-25
SCRAP,2025-11,W4,2025-11-30,MARKET_X,WPU1017,2025-08,2025-11-25
SCRAP,2025-11,W4,2025-11-30,MARKET_X,WPU1017,2025-09,2025-11-25
SCRAP,2025-11,W4,2025-11-30,MARKET_X,WPU0542,2025-05,2025-11-25
SCRAP,2025-11,W4,2025-11-30,MARKET_X,WPU0542,2025-06,2025-11-25
SCRAP,2025-11,W4,2025-11-30,MARKET_X,WPU0542,2025-07,2025-11-25
SCRAP,2025-11,W4,2025-11-30,MARKET_X,WPU0542,2025-08,2025-11-25
SCRAP,2025-11,W4,2025-11-30,MARKET_X,WPU0542,2025-09,2025-11-25
IRON_ORE,2021-12,W2,2021-12-14,TARGET_HISTORY,WPU1011,2021-07,2021-12-14
IRON_ORE,2021-12,W2,2021-12-14,TARGET_HISTORY,WPU1011,2021-08,2021-12-14
IRON_ORE,2021-12,W2,2021-12-14,TARGET_HISTORY,WPU1011,2021-09,2021-12-14
IRON_ORE,2021-12,W2,2021-12-14,TARGET_HISTORY,WPU1011,2021-10,2021-12-14
IRON_ORE,2021-12,W2,2021-12-14,TARGET_HISTORY,WPU1011,2021-11,2021-12-14
IRON_ORE,2021-12,W2,2021-12-14,MARKET_X,WPU1017,2021-07,2021-12-14
IRON_ORE,2021-12,W2,2021-12-14,MARKET_X,WPU1017,2021-08,2021-12-14
IRON_ORE,2021-12,W2,2021-12-14,MARKET_X,WPU1017,2021-09,2021-12-14
IRON_ORE,2021-12,W2,2021-12-14,MARKET_X,WPU1017,2021-10,2021-12-14
IRON_ORE,2021-12,W2,2021-12-14,MARKET_X,WPU1017,2021-11,2021-12-14
IRON_ORE,2021-12,W2,2021-12-14,MARKET_X,WPU0542,2021-07,2021-12-14
IRON_ORE,2021-12,W2,2021-12-14,MARKET_X,WPU0542,2021-08,2021-12-14
IRON_ORE,2021-12,W2,2021-12-14,MARKET_X,WPU0542,2021-09,2021-12-14
IRON_ORE,2021-12,W2,2021-12-14,MARKET_X,WPU0542,2021-10,2021-12-14
IRON_ORE,2021-12,W2,2021-12-14,MARKET_X,WPU0542,2021-11,2021-12-14
IRON_ORE,2021-12,W2,2021-12-14,EVENT,DOCKET:Docket No. 211115-0229,2021-12,2021-12-09
IRON_ORE,2022-01,W2,2022-01-14,TARGET_HISTORY,WPU1011,2021-08,2022-01-13
IRON_ORE,2022-01,W2,2022-01-14,TARGET_HISTORY,WPU1011,2021-09,2022-01-13
IRON_ORE,2022-01,W2,2022-01-14,TARGET_HISTORY,WPU1011,2021-10,2022-01-13
IRON_ORE,2022-01,W2,2022-01-14,TARGET_HISTORY,WPU1011,2021-11,2022-01-13
IRON_ORE,2022-01,W2,2022-01-14,TARGET_HISTORY,WPU1011,2021-12,2022-01-13
IRON_ORE,2022-01,W2,2022-01-14,MARKET_X,WPU1017,2021-08,2022-01-13
IRON_ORE,2022-01,W2,2022-01-14,MARKET_X,WPU1017,2021-09,2022-01-13
IRON_ORE,2022-01,W2,2022-01-14,MARKET_X,WPU1017,2021-10,2022-01-13
IRON_ORE,2022-01,W2,2022-01-14,MARKET_X,WPU1017,2021-11,2022-01-13
IRON_ORE,2022-01,W2,2022-01-14,MARKET_X,WPU1017,2021-12,2022-01-13
IRON_ORE,2022-01,W2,2022-01-14,MARKET_X,WPU0542,2021-08,2022-01-13
IRON_ORE,2022-01,W2,2022-01-14,MARKET_X,WPU0542,2021-09,2022-01-13
IRON_ORE,2022-01,W2,2022-01-14,MARKET_X,WPU0542,2021-10,2022-01-13
IRON_ORE,2022-01,W2,2022-01-14,MARKET_X,WPU0542,2021-11,2022-01-13
IRON_ORE,2022-01,W2,2022-01-14,MARKET_X,WPU0542,2021-12,2022-01-13
IRON_ORE,2022-02,W3,2022-02-21,TARGET_HISTORY,WPU1011,2021-09,2022-02-15
IRON_ORE,2022-02,W3,2022-02-21,TARGET_HISTORY,WPU1011,2021-10,2022-02-15
IRON_ORE,2022-02,W3,2022-02-21,TARGET_HISTORY,WPU1011,2021-11,2022-02-15
IRON_ORE,2022-02,W3,2022-02-21,TARGET_HISTORY,WPU1011,2021-12,2022-02-15
IRON_ORE,2022-02,W3,2022-02-21,TARGET_HISTORY,WPU1011,2022-01,2022-02-15
IRON_ORE,2022-02,W3,2022-02-21,MARKET_X,WPU1017,2021-09,2022-02-15
IRON_ORE,2022-02,W3,2022-02-21,MARKET_X,WPU1017,2021-10,2022-02-15
IRON_ORE,2022-02,W3,2022-02-21,MARKET_X,WPU1017,2021-11,2022-02-15
IRON_ORE,2022-02,W3,2022-02-21,MARKET_X,WPU1017,2021-12,2022-02-15
IRON_ORE,2022-02,W3,2022-02-21,MARKET_X,WPU1017,2022-01,2022-02-15
IRON_ORE,2022-02,W3,2022-02-21,MARKET_X,WPU0542,2021-09,2022-02-15
IRON_ORE,2022-02,W3,2022-02-21,MARKET_X,WPU0542,2021-10,2022-02-15
IRON_ORE,2022-02,W3,2022-02-21,MARKET_X,WPU0542,2021-11,2022-02-15
IRON_ORE,2022-02,W3,2022-02-21,MARKET_X,WPU0542,2021-12,2022-02-15
IRON_ORE,2022-02,W3,2022-02-21,MARKET_X,WPU0542,2022-01,2022-02-15
IRON_ORE,2022-03,W3,2022-03-21,TARGET_HISTORY,WPU1011,2021-10,2022-03-15
IRON_ORE,2022-03,W3,2022-03-21,TARGET_HISTORY,WPU1011,2021-11,2022-03-15
IRON_ORE,2022-03,W3,2022-03-21,TARGET_HISTORY,WPU1011,2021-12,2022-03-15
IRON_ORE,2022-03,W3,2022-03-21,TARGET_HISTORY,WPU1011,2022-01,2022-03-15
IRON_ORE,2022-03,W3,2022-03-21,TARGET_HISTORY,WPU1011,2022-02,2022-03-15
IRON_ORE,2022-03,W3,2022-03-21,MARKET_X,WPU1017,2021-10,2022-03-15
IRON_ORE,2022-03,W3,2022-03-21,MARKET_X,WPU1017,2021-11,2022-03-15
IRON_ORE,2022-03,W3,2022-03-21,MARKET_X,WPU1017,2021-12,2022-03-15
IRON_ORE,2022-03,W3,2022-03-21,MARKET_X,WPU1017,2022-01,2022-03-15
IRON_ORE,2022-03,W3,2022-03-21,MARKET_X,WPU1017,2022-02,2022-03-15
IRON_ORE,2022-03,W3,2022-03-21,MARKET_X,WPU0542,2021-10,2022-03-15
IRON_ORE,2022-03,W3,2022-03-21,MARKET_X,WPU0542,2021-11,2022-03-15
IRON_ORE,2022-03,W3,2022-03-21,MARKET_X,WPU0542,2021-12,2022-03-15
IRON_ORE,2022-03,W3,2022-03-21,MARKET_X,WPU0542,2022-01,2022-03-15
IRON_ORE,2022-03,W3,2022-03-21,MARKET_X,WPU0542,2022-02,2022-03-15
IRON_ORE,2022-04,W2,2022-04-14,TARGET_HISTORY,WPU1011,2021-11,2022-04-13
IRON_ORE,2022-04,W2,2022-04-14,TARGET_HISTORY,WPU1011,2021-12,2022-04-13
IRON_ORE,2022-04,W2,2022-04-14,TARGET_HISTORY,WPU1011,2022-01,2022-04-13
IRON_ORE,2022-04,W2,2022-04-14,TARGET_HISTORY,WPU1011,2022-02,2022-04-13
IRON_ORE,2022-04,W2,2022-04-14,TARGET_HISTORY,WPU1011,2022-03,2022-04-13
IRON_ORE,2022-04,W2,2022-04-14,MARKET_X,WPU1017,2021-11,2022-04-13
IRON_ORE,2022-04,W2,2022-04-14,MARKET_X,WPU1017,2021-12,2022-04-13
IRON_ORE,2022-04,W2,2022-04-14,MARKET_X,WPU1017,2022-01,2022-04-13
IRON_ORE,2022-04,W2,2022-04-14,MARKET_X,WPU1017,2022-02,2022-04-13
IRON_ORE,2022-04,W2,2022-04-14,MARKET_X,WPU1017,2022-03,2022-04-13
IRON_ORE,2022-04,W2,2022-04-14,MARKET_X,WPU0542,2021-11,2022-04-13
IRON_ORE,2022-04,W2,2022-04-14,MARKET_X,WPU0542,2021-12,2022-04-13
IRON_ORE,2022-04,W2,2022-04-14,MARKET_X,WPU0542,2022-01,2022-04-13
IRON_ORE,2022-04,W2,2022-04-14,MARKET_X,WPU0542,2022-02,2022-04-13
IRON_ORE,2022-04,W2,2022-04-14,MARKET_X,WPU0542,2022-03,2022-04-13
IRON_ORE,2022-05,W2,2022-05-14,TARGET_HISTORY,WPU1011,2021-12,2022-05-12
IRON_ORE,2022-05,W2,2022-05-14,TARGET_HISTORY,WPU1011,2022-01,2022-05-12
IRON_ORE,2022-05,W2,2022-05-14,TARGET_HISTORY,WPU1011,2022-02,2022-05-12
IRON_ORE,2022-05,W2,2022-05-14,TARGET_HISTORY,WPU1011,2022-03,2022-05-12
IRON_ORE,2022-05,W2,2022-05-14,TARGET_HISTORY,WPU1011,2022-04,2022-05-12
IRON_ORE,2022-05,W2,2022-05-14,MARKET_X,WPU1017,2021-12,2022-05-12
IRON_ORE,2022-05,W2,2022-05-14,MARKET_X,WPU1017,2022-01,2022-05-12
IRON_ORE,2022-05,W2,2022-05-14,MARKET_X,WPU1017,2022-02,2022-05-12
IRON_ORE,2022-05,W2,2022-05-14,MARKET_X,WPU1017,2022-03,2022-05-12
IRON_ORE,2022-05,W2,2022-05-14,MARKET_X,WPU1017,2022-04,2022-05-12
IRON_ORE,2022-05,W2,2022-05-14,MARKET_X,WPU0542,2021-12,2022-05-12
IRON_ORE,2022-05,W2,2022-05-14,MARKET_X,WPU0542,2022-01,2022-05-12
IRON_ORE,2022-05,W2,2022-05-14,MARKET_X,WPU0542,2022-02,2022-05-12
IRON_ORE,2022-05,W2,2022-05-14,MARKET_X,WPU0542,2022-03,2022-05-12
IRON_ORE,2022-05,W2,2022-05-14,MARKET_X,WPU0542,2022-04,2022-05-12
IRON_ORE,2022-06,W2,2022-06-14,TARGET_HISTORY,WPU1011,2022-01,2022-06-14
IRON_ORE,2022-06,W2,2022-06-14,TARGET_HISTORY,WPU1011,2022-02,2022-06-14
IRON_ORE,2022-06,W2,2022-06-14,TARGET_HISTORY,WPU1011,2022-03,2022-06-14
IRON_ORE,2022-06,W2,2022-06-14,TARGET_HISTORY,WPU1011,2022-04,2022-06-14
IRON_ORE,2022-06,W2,2022-06-14,TARGET_HISTORY,WPU1011,2022-05,2022-06-14
IRON_ORE,2022-06,W2,2022-06-14,MARKET_X,WPU1017,2022-01,2022-06-14
IRON_ORE,2022-06,W2,2022-06-14,MARKET_X,WPU1017,2022-02,2022-06-14
IRON_ORE,2022-06,W2,2022-06-14,MARKET_X,WPU1017,2022-03,2022-06-14
IRON_ORE,2022-06,W2,2022-06-14,MARKET_X,WPU1017,2022-04,2022-06-14
IRON_ORE,2022-06,W2,2022-06-14,MARKET_X,WPU1017,2022-05,2022-06-14
IRON_ORE,2022-06,W2,2022-06-14,MARKET_X,WPU0542,2022-01,2022-06-14
IRON_ORE,2022-06,W2,2022-06-14,MARKET_X,WPU0542,2022-02,2022-06-14
IRON_ORE,2022-06,W2,2022-06-14,MARKET_X,WPU0542,2022-03,2022-06-14
IRON_ORE,2022-06,W2,2022-06-14,MARKET_X,WPU0542,2022-04,2022-06-14
IRON_ORE,2022-06,W2,2022-06-14,MARKET_X,WPU0542,2022-05,2022-06-14
IRON_ORE,2022-07,W2,2022-07-14,TARGET_HISTORY,WPU1011,2022-02,2022-07-14
IRON_ORE,2022-07,W2,2022-07-14,TARGET_HISTORY,WPU1011,2022-03,2022-07-14
IRON_ORE,2022-07,W2,2022-07-14,TARGET_HISTORY,WPU1011,2022-04,2022-07-14
IRON_ORE,2022-07,W2,2022-07-14,TARGET_HISTORY,WPU1011,2022-05,2022-07-14
IRON_ORE,2022-07,W2,2022-07-14,TARGET_HISTORY,WPU1011,2022-06,2022-07-14
IRON_ORE,2022-07,W2,2022-07-14,MARKET_X,WPU1017,2022-02,2022-07-14
IRON_ORE,2022-07,W2,2022-07-14,MARKET_X,WPU1017,2022-03,2022-07-14
IRON_ORE,2022-07,W2,2022-07-14,MARKET_X,WPU1017,2022-04,2022-07-14
IRON_ORE,2022-07,W2,2022-07-14,MARKET_X,WPU1017,2022-05,2022-07-14
IRON_ORE,2022-07,W2,2022-07-14,MARKET_X,WPU1017,2022-06,2022-07-14
IRON_ORE,2022-07,W2,2022-07-14,MARKET_X,WPU0542,2022-02,2022-07-14
IRON_ORE,2022-07,W2,2022-07-14,MARKET_X,WPU0542,2022-03,2022-07-14
IRON_ORE,2022-07,W2,2022-07-14,MARKET_X,WPU0542,2022-04,2022-07-14
IRON_ORE,2022-07,W2,2022-07-14,MARKET_X,WPU0542,2022-05,2022-07-14
IRON_ORE,2022-07,W2,2022-07-14,MARKET_X,WPU0542,2022-06,2022-07-14
IRON_ORE,2022-08,W2,2022-08-14,TARGET_HISTORY,WPU1011,2022-03,2022-08-11
IRON_ORE,2022-08,W2,2022-08-14,TARGET_HISTORY,WPU1011,2022-04,2022-08-11
IRON_ORE,2022-08,W2,2022-08-14,TARGET_HISTORY,WPU1011,2022-05,2022-08-11
IRON_ORE,2022-08,W2,2022-08-14,TARGET_HISTORY,WPU1011,2022-06,2022-08-11
IRON_ORE,2022-08,W2,2022-08-14,TARGET_HISTORY,WPU1011,2022-07,2022-08-11
IRON_ORE,2022-08,W2,2022-08-14,MARKET_X,WPU1017,2022-03,2022-08-11
IRON_ORE,2022-08,W2,2022-08-14,MARKET_X,WPU1017,2022-04,2022-08-11
IRON_ORE,2022-08,W2,2022-08-14,MARKET_X,WPU1017,2022-05,2022-08-11
IRON_ORE,2022-08,W2,2022-08-14,MARKET_X,WPU1017,2022-06,2022-08-11
IRON_ORE,2022-08,W2,2022-08-14,MARKET_X,WPU1017,2022-07,2022-08-11
IRON_ORE,2022-08,W2,2022-08-14,MARKET_X,WPU0542,2022-03,2022-08-11
IRON_ORE,2022-08,W2,2022-08-14,MARKET_X,WPU0542,2022-04,2022-08-11
IRON_ORE,2022-08,W2,2022-08-14,MARKET_X,WPU0542,2022-05,2022-08-11
IRON_ORE,2022-08,W2,2022-08-14,MARKET_X,WPU0542,2022-06,2022-08-11
IRON_ORE,2022-08,W2,2022-08-14,MARKET_X,WPU0542,2022-07,2022-08-11
IRON_ORE,2022-08,W4,2022-08-31,EVENT,"DOCKET:A-351-843, A-570-029, A-533-865, A-588-873, A-580-881, A-412-824, C-533-866, C-351-844",2022-08,2022-08-25
IRON_ORE,2022-09,W2,2022-09-14,TARGET_HISTORY,WPU1011,2022-04,2022-09-14
IRON_ORE,2022-09,W2,2022-09-14,TARGET_HISTORY,WPU1011,2022-05,2022-09-14
IRON_ORE,2022-09,W2,2022-09-14,TARGET_HISTORY,WPU1011,2022-06,2022-09-14
IRON_ORE,2022-09,W2,2022-09-14,TARGET_HISTORY,WPU1011,2022-07,2022-09-14
IRON_ORE,2022-09,W2,2022-09-14,TARGET_HISTORY,WPU1011,2022-08,2022-09-14
IRON_ORE,2022-09,W2,2022-09-14,MARKET_X,WPU1017,2022-04,2022-09-14
IRON_ORE,2022-09,W2,2022-09-14,MARKET_X,WPU1017,2022-05,2022-09-14
IRON_ORE,2022-09,W2,2022-09-14,MARKET_X,WPU1017,2022-06,2022-09-14
IRON_ORE,2022-09,W2,2022-09-14,MARKET_X,WPU1017,2022-07,2022-09-14
IRON_ORE,2022-09,W2,2022-09-14,MARKET_X,WPU1017,2022-08,2022-09-14
IRON_ORE,2022-09,W2,2022-09-14,MARKET_X,WPU0542,2022-04,2022-09-14
IRON_ORE,2022-09,W2,2022-09-14,MARKET_X,WPU0542,2022-05,2022-09-14
IRON_ORE,2022-09,W2,2022-09-14,MARKET_X,WPU0542,2022-06,2022-09-14
IRON_ORE,2022-09,W2,2022-09-14,MARKET_X,WPU0542,2022-07,2022-09-14
IRON_ORE,2022-09,W2,2022-09-14,MARKET_X,WPU0542,2022-08,2022-09-14
IRON_ORE,2022-10,W2,2022-10-14,TARGET_HISTORY,WPU1011,2022-05,2022-10-12
IRON_ORE,2022-10,W2,2022-10-14,TARGET_HISTORY,WPU1011,2022-06,2022-10-12
IRON_ORE,2022-10,W2,2022-10-14,TARGET_HISTORY,WPU1011,2022-07,2022-10-12
IRON_ORE,2022-10,W2,2022-10-14,TARGET_HISTORY,WPU1011,2022-08,2022-10-12
IRON_ORE,2022-10,W2,2022-10-14,TARGET_HISTORY,WPU1011,2022-09,2022-10-12
IRON_ORE,2022-10,W2,2022-10-14,MARKET_X,WPU1017,2022-05,2022-10-12
IRON_ORE,2022-10,W2,2022-10-14,MARKET_X,WPU1017,2022-06,2022-10-12
IRON_ORE,2022-10,W2,2022-10-14,MARKET_X,WPU1017,2022-07,2022-10-12
IRON_ORE,2022-10,W2,2022-10-14,MARKET_X,WPU1017,2022-08,2022-10-12
IRON_ORE,2022-10,W2,2022-10-14,MARKET_X,WPU1017,2022-09,2022-10-12
IRON_ORE,2022-10,W2,2022-10-14,MARKET_X,WPU0542,2022-05,2022-10-12
IRON_ORE,2022-10,W2,2022-10-14,MARKET_X,WPU0542,2022-06,2022-10-12
IRON_ORE,2022-10,W2,2022-10-14,MARKET_X,WPU0542,2022-07,2022-10-12
IRON_ORE,2022-10,W2,2022-10-14,MARKET_X,WPU0542,2022-08,2022-10-12
IRON_ORE,2022-10,W2,2022-10-14,MARKET_X,WPU0542,2022-09,2022-10-12
IRON_ORE,2022-11,W3,2022-11-21,TARGET_HISTORY,WPU1011,2022-06,2022-11-15
IRON_ORE,2022-11,W3,2022-11-21,TARGET_HISTORY,WPU1011,2022-07,2022-11-15
IRON_ORE,2022-11,W3,2022-11-21,TARGET_HISTORY,WPU1011,2022-08,2022-11-15
IRON_ORE,2022-11,W3,2022-11-21,TARGET_HISTORY,WPU1011,2022-09,2022-11-15
IRON_ORE,2022-11,W3,2022-11-21,TARGET_HISTORY,WPU1011,2022-10,2022-11-15
IRON_ORE,2022-11,W3,2022-11-21,MARKET_X,WPU1017,2022-06,2022-11-15
IRON_ORE,2022-11,W3,2022-11-21,MARKET_X,WPU1017,2022-07,2022-11-15
IRON_ORE,2022-11,W3,2022-11-21,MARKET_X,WPU1017,2022-08,2022-11-15
IRON_ORE,2022-11,W3,2022-11-21,MARKET_X,WPU1017,2022-09,2022-11-15
IRON_ORE,2022-11,W3,2022-11-21,MARKET_X,WPU1017,2022-10,2022-11-15
IRON_ORE,2022-11,W3,2022-11-21,MARKET_X,WPU0542,2022-06,2022-11-15
IRON_ORE,2022-11,W3,2022-11-21,MARKET_X,WPU0542,2022-07,2022-11-15
IRON_ORE,2022-11,W3,2022-11-21,MARKET_X,WPU0542,2022-08,2022-11-15
IRON_ORE,2022-11,W3,2022-11-21,MARKET_X,WPU0542,2022-09,2022-11-15
IRON_ORE,2022-11,W3,2022-11-21,MARKET_X,WPU0542,2022-10,2022-11-15
IRON_ORE,2022-12,W1,2022-12-07,EVENT,"DOCKET:A-533-871, A-475-835, A-469-815, C-533-872",2022-12,2022-12-05
IRON_ORE,2022-12,W2,2022-12-14,TARGET_HISTORY,WPU1011,2022-07,2022-12-09
IRON_ORE,2022-12,W2,2022-12-14,TARGET_HISTORY,WPU1011,2022-08,2022-12-09
IRON_ORE,2022-12,W2,2022-12-14,TARGET_HISTORY,WPU1011,2022-09,2022-12-09
IRON_ORE,2022-12,W2,2022-12-14,TARGET_HISTORY,WPU1011,2022-10,2022-12-09
IRON_ORE,2022-12,W2,2022-12-14,TARGET_HISTORY,WPU1011,2022-11,2022-12-09
IRON_ORE,2022-12,W2,2022-12-14,MARKET_X,WPU1017,2022-07,2022-12-09
IRON_ORE,2022-12,W2,2022-12-14,MARKET_X,WPU1017,2022-08,2022-12-09
IRON_ORE,2022-12,W2,2022-12-14,MARKET_X,WPU1017,2022-09,2022-12-09
IRON_ORE,2022-12,W2,2022-12-14,MARKET_X,WPU1017,2022-10,2022-12-09
IRON_ORE,2022-12,W2,2022-12-14,MARKET_X,WPU1017,2022-11,2022-12-09
IRON_ORE,2022-12,W2,2022-12-14,MARKET_X,WPU0542,2022-07,2022-12-09
IRON_ORE,2022-12,W2,2022-12-14,MARKET_X,WPU0542,2022-08,2022-12-09
IRON_ORE,2022-12,W2,2022-12-14,MARKET_X,WPU0542,2022-09,2022-12-09
IRON_ORE,2022-12,W2,2022-12-14,MARKET_X,WPU0542,2022-10,2022-12-09
IRON_ORE,2022-12,W2,2022-12-14,MARKET_X,WPU0542,2022-11,2022-12-09
IRON_ORE,2022-12,W4,2022-12-31,EVENT,"DOCKET:A-602-809, A-351-845, A-588-874, A-580-883, A-421-813, A-489-826, A-412-825, C-351-846, C-580-884",2022-12,2022-12-22
IRON_ORE,2023-01,W3,2023-01-21,TARGET_HISTORY,WPU1011,2022-08,2023-01-18
IRON_ORE,2023-01,W3,2023-01-21,TARGET_HISTORY,WPU1011,2022-09,2023-01-18
IRON_ORE,2023-01,W3,2023-01-21,TARGET_HISTORY,WPU1011,2022-10,2023-01-18
IRON_ORE,2023-01,W3,2023-01-21,TARGET_HISTORY,WPU1011,2022-11,2023-01-18
IRON_ORE,2023-01,W3,2023-01-21,TARGET_HISTORY,WPU1011,2022-12,2023-01-18
IRON_ORE,2023-01,W3,2023-01-21,MARKET_X,WPU1017,2022-08,2023-01-18
IRON_ORE,2023-01,W3,2023-01-21,MARKET_X,WPU1017,2022-09,2023-01-18
IRON_ORE,2023-01,W3,2023-01-21,MARKET_X,WPU1017,2022-10,2023-01-18
IRON_ORE,2023-01,W3,2023-01-21,MARKET_X,WPU1017,2022-11,2023-01-18
IRON_ORE,2023-01,W3,2023-01-21,MARKET_X,WPU1017,2022-12,2023-01-18
IRON_ORE,2023-01,W3,2023-01-21,MARKET_X,WPU0542,2022-08,2023-01-18
IRON_ORE,2023-01,W3,2023-01-21,MARKET_X,WPU0542,2022-09,2023-01-18
IRON_ORE,2023-01,W3,2023-01-21,MARKET_X,WPU0542,2022-10,2023-01-18
IRON_ORE,2023-01,W3,2023-01-21,MARKET_X,WPU0542,2022-11,2023-01-18
IRON_ORE,2023-01,W3,2023-01-21,MARKET_X,WPU0542,2022-12,2023-01-18
IRON_ORE,2023-02,W3,2023-02-21,TARGET_HISTORY,WPU1011,2022-09,2023-02-16
IRON_ORE,2023-02,W3,2023-02-21,TARGET_HISTORY,WPU1011,2022-10,2023-02-16
IRON_ORE,2023-02,W3,2023-02-21,TARGET_HISTORY,WPU1011,2022-11,2023-02-16
IRON_ORE,2023-02,W3,2023-02-21,TARGET_HISTORY,WPU1011,2022-12,2023-02-16
IRON_ORE,2023-02,W3,2023-02-21,TARGET_HISTORY,WPU1011,2023-01,2023-02-16
IRON_ORE,2023-02,W3,2023-02-21,MARKET_X,WPU1017,2022-09,2023-02-16
IRON_ORE,2023-02,W3,2023-02-21,MARKET_X,WPU1017,2022-10,2023-02-16
IRON_ORE,2023-02,W3,2023-02-21,MARKET_X,WPU1017,2022-11,2023-02-16
IRON_ORE,2023-02,W3,2023-02-21,MARKET_X,WPU1017,2022-12,2023-02-16
IRON_ORE,2023-02,W3,2023-02-21,MARKET_X,WPU1017,2023-01,2023-02-16
IRON_ORE,2023-02,W3,2023-02-21,MARKET_X,WPU0542,2022-09,2023-02-16
IRON_ORE,2023-02,W3,2023-02-21,MARKET_X,WPU0542,2022-10,2023-02-16
IRON_ORE,2023-02,W3,2023-02-21,MARKET_X,WPU0542,2022-11,2023-02-16
IRON_ORE,2023-02,W3,2023-02-21,MARKET_X,WPU0542,2022-12,2023-02-16
IRON_ORE,2023-02,W3,2023-02-21,MARKET_X,WPU0542,2023-01,2023-02-16
IRON_ORE,2023-03,W3,2023-03-21,TARGET_HISTORY,WPU1011,2022-10,2023-03-15
IRON_ORE,2023-03,W3,2023-03-21,TARGET_HISTORY,WPU1011,2022-11,2023-03-15
IRON_ORE,2023-03,W3,2023-03-21,TARGET_HISTORY,WPU1011,2022-12,2023-03-15
IRON_ORE,2023-03,W3,2023-03-21,TARGET_HISTORY,WPU1011,2023-01,2023-03-15
IRON_ORE,2023-03,W3,2023-03-21,TARGET_HISTORY,WPU1011,2023-02,2023-03-15
IRON_ORE,2023-03,W3,2023-03-21,MARKET_X,WPU1017,2022-10,2023-03-15
IRON_ORE,2023-03,W3,2023-03-21,MARKET_X,WPU1017,2022-11,2023-03-15
IRON_ORE,2023-03,W3,2023-03-21,MARKET_X,WPU1017,2022-12,2023-03-15
IRON_ORE,2023-03,W3,2023-03-21,MARKET_X,WPU1017,2023-01,2023-03-15
IRON_ORE,2023-03,W3,2023-03-21,MARKET_X,WPU1017,2023-02,2023-03-15
IRON_ORE,2023-03,W3,2023-03-21,MARKET_X,WPU0542,2022-10,2023-03-15
IRON_ORE,2023-03,W3,2023-03-21,MARKET_X,WPU0542,2022-11,2023-03-15
IRON_ORE,2023-03,W3,2023-03-21,MARKET_X,WPU0542,2022-12,2023-03-15
IRON_ORE,2023-03,W3,2023-03-21,MARKET_X,WPU0542,2023-01,2023-03-15
IRON_ORE,2023-03,W3,2023-03-21,MARKET_X,WPU0542,2023-02,2023-03-15
IRON_ORE,2023-04,W2,2023-04-14,TARGET_HISTORY,WPU1011,2022-11,2023-04-13
IRON_ORE,2023-04,W2,2023-04-14,TARGET_HISTORY,WPU1011,2022-12,2023-04-13
IRON_ORE,2023-04,W2,2023-04-14,TARGET_HISTORY,WPU1011,2023-01,2023-04-13
IRON_ORE,2023-04,W2,2023-04-14,TARGET_HISTORY,WPU1011,2023-02,2023-04-13
IRON_ORE,2023-04,W2,2023-04-14,TARGET_HISTORY,WPU1011,2023-03,2023-04-13
IRON_ORE,2023-04,W2,2023-04-14,MARKET_X,WPU1017,2022-11,2023-04-13
IRON_ORE,2023-04,W2,2023-04-14,MARKET_X,WPU1017,2022-12,2023-04-13
IRON_ORE,2023-04,W2,2023-04-14,MARKET_X,WPU1017,2023-01,2023-04-13
IRON_ORE,2023-04,W2,2023-04-14,MARKET_X,WPU1017,2023-02,2023-04-13
IRON_ORE,2023-04,W2,2023-04-14,MARKET_X,WPU1017,2023-03,2023-04-13
IRON_ORE,2023-04,W2,2023-04-14,MARKET_X,WPU0542,2022-11,2023-04-13
IRON_ORE,2023-04,W2,2023-04-14,MARKET_X,WPU0542,2022-12,2023-04-13
IRON_ORE,2023-04,W2,2023-04-14,MARKET_X,WPU0542,2023-01,2023-04-13
IRON_ORE,2023-04,W2,2023-04-14,MARKET_X,WPU0542,2023-02,2023-04-13
IRON_ORE,2023-04,W2,2023-04-14,MARKET_X,WPU0542,2023-03,2023-04-13
IRON_ORE,2023-05,W2,2023-05-14,TARGET_HISTORY,WPU1011,2022-12,2023-05-11
IRON_ORE,2023-05,W2,2023-05-14,TARGET_HISTORY,WPU1011,2023-01,2023-05-11
IRON_ORE,2023-05,W2,2023-05-14,TARGET_HISTORY,WPU1011,2023-02,2023-05-11
IRON_ORE,2023-05,W2,2023-05-14,TARGET_HISTORY,WPU1011,2023-03,2023-05-11
IRON_ORE,2023-05,W2,2023-05-14,TARGET_HISTORY,WPU1011,2023-04,2023-05-11
IRON_ORE,2023-05,W2,2023-05-14,MARKET_X,WPU1017,2022-12,2023-05-11
IRON_ORE,2023-05,W2,2023-05-14,MARKET_X,WPU1017,2023-01,2023-05-11
IRON_ORE,2023-05,W2,2023-05-14,MARKET_X,WPU1017,2023-02,2023-05-11
IRON_ORE,2023-05,W2,2023-05-14,MARKET_X,WPU1017,2023-03,2023-05-11
IRON_ORE,2023-05,W2,2023-05-14,MARKET_X,WPU1017,2023-04,2023-05-11
IRON_ORE,2023-05,W2,2023-05-14,MARKET_X,WPU0542,2022-12,2023-05-11
IRON_ORE,2023-05,W2,2023-05-14,MARKET_X,WPU0542,2023-01,2023-05-11
IRON_ORE,2023-05,W2,2023-05-14,MARKET_X,WPU0542,2023-02,2023-05-11
IRON_ORE,2023-05,W2,2023-05-14,MARKET_X,WPU0542,2023-03,2023-05-11
IRON_ORE,2023-05,W2,2023-05-14,MARKET_X,WPU0542,2023-04,2023-05-11
IRON_ORE,2023-05,W4,2023-05-31,EVENT,DOCKET:A-580-829,2023-05,2023-05-26
IRON_ORE,2023-06,W2,2023-06-14,TARGET_HISTORY,WPU1011,2023-01,2023-06-14
IRON_ORE,2023-06,W2,2023-06-14,TARGET_HISTORY,WPU1011,2023-02,2023-06-14
IRON_ORE,2023-06,W2,2023-06-14,TARGET_HISTORY,WPU1011,2023-03,2023-06-14
IRON_ORE,2023-06,W2,2023-06-14,TARGET_HISTORY,WPU1011,2023-04,2023-06-14
IRON_ORE,2023-06,W2,2023-06-14,TARGET_HISTORY,WPU1011,2023-05,2023-06-14
IRON_ORE,2023-06,W2,2023-06-14,MARKET_X,WPU1017,2023-01,2023-06-14
IRON_ORE,2023-06,W2,2023-06-14,MARKET_X,WPU1017,2023-02,2023-06-14
IRON_ORE,2023-06,W2,2023-06-14,MARKET_X,WPU1017,2023-03,2023-06-14
IRON_ORE,2023-06,W2,2023-06-14,MARKET_X,WPU1017,2023-04,2023-06-14
IRON_ORE,2023-06,W2,2023-06-14,MARKET_X,WPU1017,2023-05,2023-06-14
IRON_ORE,2023-06,W2,2023-06-14,MARKET_X,WPU0542,2023-01,2023-06-14
IRON_ORE,2023-06,W2,2023-06-14,MARKET_X,WPU0542,2023-02,2023-06-14
IRON_ORE,2023-06,W2,2023-06-14,MARKET_X,WPU0542,2023-03,2023-06-14
IRON_ORE,2023-06,W2,2023-06-14,MARKET_X,WPU0542,2023-04,2023-06-14
IRON_ORE,2023-06,W2,2023-06-14,MARKET_X,WPU0542,2023-05,2023-06-14
IRON_ORE,2023-07,W2,2023-07-14,TARGET_HISTORY,WPU1011,2023-02,2023-07-13
IRON_ORE,2023-07,W2,2023-07-14,TARGET_HISTORY,WPU1011,2023-03,2023-07-13
IRON_ORE,2023-07,W2,2023-07-14,TARGET_HISTORY,WPU1011,2023-04,2023-07-13
IRON_ORE,2023-07,W2,2023-07-14,TARGET_HISTORY,WPU1011,2023-05,2023-07-13
IRON_ORE,2023-07,W2,2023-07-14,TARGET_HISTORY,WPU1011,2023-06,2023-07-13
IRON_ORE,2023-07,W2,2023-07-14,MARKET_X,WPU1017,2023-02,2023-07-13
IRON_ORE,2023-07,W2,2023-07-14,MARKET_X,WPU1017,2023-03,2023-07-13
IRON_ORE,2023-07,W2,2023-07-14,MARKET_X,WPU1017,2023-04,2023-07-13
IRON_ORE,2023-07,W2,2023-07-14,MARKET_X,WPU1017,2023-05,2023-07-13
IRON_ORE,2023-07,W2,2023-07-14,MARKET_X,WPU1017,2023-06,2023-07-13
IRON_ORE,2023-07,W2,2023-07-14,MARKET_X,WPU0542,2023-02,2023-07-13
IRON_ORE,2023-07,W2,2023-07-14,MARKET_X,WPU0542,2023-03,2023-07-13
IRON_ORE,2023-07,W2,2023-07-14,MARKET_X,WPU0542,2023-04,2023-07-13
IRON_ORE,2023-07,W2,2023-07-14,MARKET_X,WPU0542,2023-05,2023-07-13
IRON_ORE,2023-07,W2,2023-07-14,MARKET_X,WPU0542,2023-06,2023-07-13
IRON_ORE,2023-08,W2,2023-08-14,TARGET_HISTORY,WPU1011,2023-03,2023-08-11
IRON_ORE,2023-08,W2,2023-08-14,TARGET_HISTORY,WPU1011,2023-04,2023-08-11
IRON_ORE,2023-08,W2,2023-08-14,TARGET_HISTORY,WPU1011,2023-05,2023-08-11
IRON_ORE,2023-08,W2,2023-08-14,TARGET_HISTORY,WPU1011,2023-06,2023-08-11
IRON_ORE,2023-08,W2,2023-08-14,TARGET_HISTORY,WPU1011,2023-07,2023-08-11
IRON_ORE,2023-08,W2,2023-08-14,MARKET_X,WPU1017,2023-03,2023-08-11
IRON_ORE,2023-08,W2,2023-08-14,MARKET_X,WPU1017,2023-04,2023-08-11
IRON_ORE,2023-08,W2,2023-08-14,MARKET_X,WPU1017,2023-05,2023-08-11
IRON_ORE,2023-08,W2,2023-08-14,MARKET_X,WPU1017,2023-06,2023-08-11
IRON_ORE,2023-08,W2,2023-08-14,MARKET_X,WPU1017,2023-07,2023-08-11
IRON_ORE,2023-08,W2,2023-08-14,MARKET_X,WPU0542,2023-03,2023-08-11
IRON_ORE,2023-08,W2,2023-08-14,MARKET_X,WPU0542,2023-04,2023-08-11
IRON_ORE,2023-08,W2,2023-08-14,MARKET_X,WPU0542,2023-05,2023-08-11
IRON_ORE,2023-08,W2,2023-08-14,MARKET_X,WPU0542,2023-06,2023-08-11
IRON_ORE,2023-08,W2,2023-08-14,MARKET_X,WPU0542,2023-07,2023-08-11
IRON_ORE,2023-08,W4,2023-08-31,EVENT,DOCKET:Docket No. 230810-0188,2023-08,2023-08-28
IRON_ORE,2023-09,W2,2023-09-14,TARGET_HISTORY,WPU1011,2023-04,2023-09-14
IRON_ORE,2023-09,W2,2023-09-14,TARGET_HISTORY,WPU1011,2023-05,2023-09-14
IRON_ORE,2023-09,W2,2023-09-14,TARGET_HISTORY,WPU1011,2023-06,2023-09-14
IRON_ORE,2023-09,W2,2023-09-14,TARGET_HISTORY,WPU1011,2023-07,2023-09-14
IRON_ORE,2023-09,W2,2023-09-14,TARGET_HISTORY,WPU1011,2023-08,2023-09-14
IRON_ORE,2023-09,W2,2023-09-14,MARKET_X,WPU1017,2023-04,2023-09-14
IRON_ORE,2023-09,W2,2023-09-14,MARKET_X,WPU1017,2023-05,2023-09-14
IRON_ORE,2023-09,W2,2023-09-14,MARKET_X,WPU1017,2023-06,2023-09-14
IRON_ORE,2023-09,W2,2023-09-14,MARKET_X,WPU1017,2023-07,2023-09-14
IRON_ORE,2023-09,W2,2023-09-14,MARKET_X,WPU1017,2023-08,2023-09-14
IRON_ORE,2023-09,W2,2023-09-14,MARKET_X,WPU0542,2023-04,2023-09-14
IRON_ORE,2023-09,W2,2023-09-14,MARKET_X,WPU0542,2023-05,2023-09-14
IRON_ORE,2023-09,W2,2023-09-14,MARKET_X,WPU0542,2023-06,2023-09-14
IRON_ORE,2023-09,W2,2023-09-14,MARKET_X,WPU0542,2023-07,2023-09-14
IRON_ORE,2023-09,W2,2023-09-14,MARKET_X,WPU0542,2023-08,2023-09-14
IRON_ORE,2023-10,W2,2023-10-14,TARGET_HISTORY,WPU1011,2023-05,2023-10-11
IRON_ORE,2023-10,W2,2023-10-14,TARGET_HISTORY,WPU1011,2023-06,2023-10-11
IRON_ORE,2023-10,W2,2023-10-14,TARGET_HISTORY,WPU1011,2023-07,2023-10-11
IRON_ORE,2023-10,W2,2023-10-14,TARGET_HISTORY,WPU1011,2023-08,2023-10-11
IRON_ORE,2023-10,W2,2023-10-14,TARGET_HISTORY,WPU1011,2023-09,2023-10-11
IRON_ORE,2023-10,W2,2023-10-14,MARKET_X,WPU1017,2023-05,2023-10-11
IRON_ORE,2023-10,W2,2023-10-14,MARKET_X,WPU1017,2023-06,2023-10-11
IRON_ORE,2023-10,W2,2023-10-14,MARKET_X,WPU1017,2023-07,2023-10-11
IRON_ORE,2023-10,W2,2023-10-14,MARKET_X,WPU1017,2023-08,2023-10-11
IRON_ORE,2023-10,W2,2023-10-14,MARKET_X,WPU1017,2023-09,2023-10-11
IRON_ORE,2023-10,W2,2023-10-14,MARKET_X,WPU0542,2023-05,2023-10-11
IRON_ORE,2023-10,W2,2023-10-14,MARKET_X,WPU0542,2023-06,2023-10-11
IRON_ORE,2023-10,W2,2023-10-14,MARKET_X,WPU0542,2023-07,2023-10-11
IRON_ORE,2023-10,W2,2023-10-14,MARKET_X,WPU0542,2023-08,2023-10-11
IRON_ORE,2023-10,W2,2023-10-14,MARKET_X,WPU0542,2023-09,2023-10-11
IRON_ORE,2023-10,W2,2023-10-14,EVENT,"DOCKET:A-583-849, A-552-812, C-552-813",2023-10,2023-10-13
IRON_ORE,2023-11,W3,2023-11-21,TARGET_HISTORY,WPU1011,2023-06,2023-11-15
IRON_ORE,2023-11,W3,2023-11-21,TARGET_HISTORY,WPU1011,2023-07,2023-11-15
IRON_ORE,2023-11,W3,2023-11-21,TARGET_HISTORY,WPU1011,2023-08,2023-11-15
IRON_ORE,2023-11,W3,2023-11-21,TARGET_HISTORY,WPU1011,2023-09,2023-11-15
IRON_ORE,2023-11,W3,2023-11-21,TARGET_HISTORY,WPU1011,2023-10,2023-11-15
IRON_ORE,2023-11,W3,2023-11-21,MARKET_X,WPU1017,2023-06,2023-11-15
IRON_ORE,2023-11,W3,2023-11-21,MARKET_X,WPU1017,2023-07,2023-11-15
IRON_ORE,2023-11,W3,2023-11-21,MARKET_X,WPU1017,2023-08,2023-11-15
IRON_ORE,2023-11,W3,2023-11-21,MARKET_X,WPU1017,2023-09,2023-11-15
IRON_ORE,2023-11,W3,2023-11-21,MARKET_X,WPU1017,2023-10,2023-11-15
IRON_ORE,2023-11,W3,2023-11-21,MARKET_X,WPU0542,2023-06,2023-11-15
IRON_ORE,2023-11,W3,2023-11-21,MARKET_X,WPU0542,2023-07,2023-11-15
IRON_ORE,2023-11,W3,2023-11-21,MARKET_X,WPU0542,2023-08,2023-11-15
IRON_ORE,2023-11,W3,2023-11-21,MARKET_X,WPU0542,2023-09,2023-11-15
IRON_ORE,2023-11,W3,2023-11-21,MARKET_X,WPU0542,2023-10,2023-11-15
IRON_ORE,2023-12,W2,2023-12-14,TARGET_HISTORY,WPU1011,2023-07,2023-12-13
IRON_ORE,2023-12,W2,2023-12-14,TARGET_HISTORY,WPU1011,2023-08,2023-12-13
IRON_ORE,2023-12,W2,2023-12-14,TARGET_HISTORY,WPU1011,2023-09,2023-12-13
IRON_ORE,2023-12,W2,2023-12-14,TARGET_HISTORY,WPU1011,2023-10,2023-12-13
IRON_ORE,2023-12,W2,2023-12-14,TARGET_HISTORY,WPU1011,2023-11,2023-12-13
IRON_ORE,2023-12,W2,2023-12-14,MARKET_X,WPU1017,2023-07,2023-12-13
IRON_ORE,2023-12,W2,2023-12-14,MARKET_X,WPU1017,2023-08,2023-12-13
IRON_ORE,2023-12,W2,2023-12-14,MARKET_X,WPU1017,2023-09,2023-12-13
IRON_ORE,2023-12,W2,2023-12-14,MARKET_X,WPU1017,2023-10,2023-12-13
IRON_ORE,2023-12,W2,2023-12-14,MARKET_X,WPU1017,2023-11,2023-12-13
IRON_ORE,2023-12,W2,2023-12-14,MARKET_X,WPU0542,2023-07,2023-12-13
IRON_ORE,2023-12,W2,2023-12-14,MARKET_X,WPU0542,2023-08,2023-12-13
IRON_ORE,2023-12,W2,2023-12-14,MARKET_X,WPU0542,2023-09,2023-12-13
IRON_ORE,2023-12,W2,2023-12-14,MARKET_X,WPU0542,2023-10,2023-12-13
IRON_ORE,2023-12,W2,2023-12-14,MARKET_X,WPU0542,2023-11,2023-12-13
IRON_ORE,2024-01,W2,2024-01-14,TARGET_HISTORY,WPU1011,2023-08,2024-01-12
IRON_ORE,2024-01,W2,2024-01-14,TARGET_HISTORY,WPU1011,2023-09,2024-01-12
IRON_ORE,2024-01,W2,2024-01-14,TARGET_HISTORY,WPU1011,2023-10,2024-01-12
IRON_ORE,2024-01,W2,2024-01-14,TARGET_HISTORY,WPU1011,2023-11,2024-01-12
IRON_ORE,2024-01,W2,2024-01-14,TARGET_HISTORY,WPU1011,2023-12,2024-01-12
IRON_ORE,2024-01,W2,2024-01-14,MARKET_X,WPU1017,2023-08,2024-01-12
IRON_ORE,2024-01,W2,2024-01-14,MARKET_X,WPU1017,2023-09,2024-01-12
IRON_ORE,2024-01,W2,2024-01-14,MARKET_X,WPU1017,2023-10,2024-01-12
IRON_ORE,2024-01,W2,2024-01-14,MARKET_X,WPU1017,2023-11,2024-01-12
IRON_ORE,2024-01,W2,2024-01-14,MARKET_X,WPU1017,2023-12,2024-01-12
IRON_ORE,2024-01,W2,2024-01-14,MARKET_X,WPU0542,2023-08,2024-01-12
IRON_ORE,2024-01,W2,2024-01-14,MARKET_X,WPU0542,2023-09,2024-01-12
IRON_ORE,2024-01,W2,2024-01-14,MARKET_X,WPU0542,2023-10,2024-01-12
IRON_ORE,2024-01,W2,2024-01-14,MARKET_X,WPU0542,2023-11,2024-01-12
IRON_ORE,2024-01,W2,2024-01-14,MARKET_X,WPU0542,2023-12,2024-01-12
IRON_ORE,2024-01,W2,2024-01-14,EVENT,"DOCKET:A-533-502, A-549-502, A-489-501, A-201-805, A-580-809, A-583-008, A-583-814, C-489-502, A-351-809",2024-01,2024-01-11
IRON_ORE,2024-02,W3,2024-02-21,TARGET_HISTORY,WPU1011,2023-09,2024-02-16
IRON_ORE,2024-02,W3,2024-02-21,TARGET_HISTORY,WPU1011,2023-10,2024-02-16
IRON_ORE,2024-02,W3,2024-02-21,TARGET_HISTORY,WPU1011,2023-11,2024-02-16
IRON_ORE,2024-02,W3,2024-02-21,TARGET_HISTORY,WPU1011,2023-12,2024-02-16
IRON_ORE,2024-02,W3,2024-02-21,TARGET_HISTORY,WPU1011,2024-01,2024-02-16
IRON_ORE,2024-02,W3,2024-02-21,MARKET_X,WPU1017,2023-09,2024-02-16
IRON_ORE,2024-02,W3,2024-02-21,MARKET_X,WPU1017,2023-10,2024-02-16
IRON_ORE,2024-02,W3,2024-02-21,MARKET_X,WPU1017,2023-11,2024-02-16
IRON_ORE,2024-02,W3,2024-02-21,MARKET_X,WPU1017,2023-12,2024-02-16
IRON_ORE,2024-02,W3,2024-02-21,MARKET_X,WPU1017,2024-01,2024-02-16
IRON_ORE,2024-02,W3,2024-02-21,MARKET_X,WPU0542,2023-09,2024-02-16
IRON_ORE,2024-02,W3,2024-02-21,MARKET_X,WPU0542,2023-10,2024-02-16
IRON_ORE,2024-02,W3,2024-02-21,MARKET_X,WPU0542,2023-11,2024-02-16
IRON_ORE,2024-02,W3,2024-02-21,MARKET_X,WPU0542,2023-12,2024-02-16
IRON_ORE,2024-02,W3,2024-02-21,MARKET_X,WPU0542,2024-01,2024-02-16
IRON_ORE,2024-03,W2,2024-03-14,TARGET_HISTORY,WPU1011,2023-10,2024-03-14
IRON_ORE,2024-03,W2,2024-03-14,TARGET_HISTORY,WPU1011,2023-11,2024-03-14
IRON_ORE,2024-03,W2,2024-03-14,TARGET_HISTORY,WPU1011,2023-12,2024-03-14
IRON_ORE,2024-03,W2,2024-03-14,TARGET_HISTORY,WPU1011,2024-01,2024-03-14
IRON_ORE,2024-03,W2,2024-03-14,TARGET_HISTORY,WPU1011,2024-02,2024-03-14
IRON_ORE,2024-03,W2,2024-03-14,MARKET_X,WPU1017,2023-10,2024-03-14
IRON_ORE,2024-03,W2,2024-03-14,MARKET_X,WPU1017,2023-11,2024-03-14
IRON_ORE,2024-03,W2,2024-03-14,MARKET_X,WPU1017,2023-12,2024-03-14
IRON_ORE,2024-03,W2,2024-03-14,MARKET_X,WPU1017,2024-01,2024-03-14
IRON_ORE,2024-03,W2,2024-03-14,MARKET_X,WPU1017,2024-02,2024-03-14
IRON_ORE,2024-03,W2,2024-03-14,MARKET_X,WPU0542,2023-10,2024-03-14
IRON_ORE,2024-03,W2,2024-03-14,MARKET_X,WPU0542,2023-11,2024-03-14
IRON_ORE,2024-03,W2,2024-03-14,MARKET_X,WPU0542,2023-12,2024-03-14
IRON_ORE,2024-03,W2,2024-03-14,MARKET_X,WPU0542,2024-01,2024-03-14
IRON_ORE,2024-03,W2,2024-03-14,MARKET_X,WPU0542,2024-02,2024-03-14
IRON_ORE,2024-04,W2,2024-04-14,TARGET_HISTORY,WPU1011,2023-11,2024-04-11
IRON_ORE,2024-04,W2,2024-04-14,TARGET_HISTORY,WPU1011,2023-12,2024-04-11
IRON_ORE,2024-04,W2,2024-04-14,TARGET_HISTORY,WPU1011,2024-01,2024-04-11
IRON_ORE,2024-04,W2,2024-04-14,TARGET_HISTORY,WPU1011,2024-02,2024-04-11
IRON_ORE,2024-04,W2,2024-04-14,TARGET_HISTORY,WPU1011,2024-03,2024-04-11
IRON_ORE,2024-04,W2,2024-04-14,MARKET_X,WPU1017,2023-11,2024-04-11
IRON_ORE,2024-04,W2,2024-04-14,MARKET_X,WPU1017,2023-12,2024-04-11
IRON_ORE,2024-04,W2,2024-04-14,MARKET_X,WPU1017,2024-01,2024-04-11
IRON_ORE,2024-04,W2,2024-04-14,MARKET_X,WPU1017,2024-02,2024-04-11
IRON_ORE,2024-04,W2,2024-04-14,MARKET_X,WPU1017,2024-03,2024-04-11
IRON_ORE,2024-04,W2,2024-04-14,MARKET_X,WPU0542,2023-11,2024-04-11
IRON_ORE,2024-04,W2,2024-04-14,MARKET_X,WPU0542,2023-12,2024-04-11
IRON_ORE,2024-04,W2,2024-04-14,MARKET_X,WPU0542,2024-01,2024-04-11
IRON_ORE,2024-04,W2,2024-04-14,MARKET_X,WPU0542,2024-02,2024-04-11
IRON_ORE,2024-04,W2,2024-04-14,MARKET_X,WPU0542,2024-03,2024-04-11
IRON_ORE,2024-05,W2,2024-05-14,TARGET_HISTORY,WPU1011,2023-12,2024-05-14
IRON_ORE,2024-05,W2,2024-05-14,TARGET_HISTORY,WPU1011,2024-01,2024-05-14
IRON_ORE,2024-05,W2,2024-05-14,TARGET_HISTORY,WPU1011,2024-02,2024-05-14
IRON_ORE,2024-05,W2,2024-05-14,TARGET_HISTORY,WPU1011,2024-03,2024-05-14
IRON_ORE,2024-05,W2,2024-05-14,TARGET_HISTORY,WPU1011,2024-04,2024-05-14
IRON_ORE,2024-05,W2,2024-05-14,MARKET_X,WPU1017,2023-12,2024-05-14
IRON_ORE,2024-05,W2,2024-05-14,MARKET_X,WPU1017,2024-01,2024-05-14
IRON_ORE,2024-05,W2,2024-05-14,MARKET_X,WPU1017,2024-02,2024-05-14
IRON_ORE,2024-05,W2,2024-05-14,MARKET_X,WPU1017,2024-03,2024-05-14
IRON_ORE,2024-05,W2,2024-05-14,MARKET_X,WPU1017,2024-04,2024-05-14
IRON_ORE,2024-05,W2,2024-05-14,MARKET_X,WPU0542,2023-12,2024-05-14
IRON_ORE,2024-05,W2,2024-05-14,MARKET_X,WPU0542,2024-01,2024-05-14
IRON_ORE,2024-05,W2,2024-05-14,MARKET_X,WPU0542,2024-02,2024-05-14
IRON_ORE,2024-05,W2,2024-05-14,MARKET_X,WPU0542,2024-03,2024-05-14
IRON_ORE,2024-05,W2,2024-05-14,MARKET_X,WPU0542,2024-04,2024-05-14
IRON_ORE,2024-05,W3,2024-05-21,EVENT,DOCKET:Docket No. 240306-0071,2024-05,2024-05-20
IRON_ORE,2024-06,W2,2024-06-14,TARGET_HISTORY,WPU1011,2024-01,2024-06-13
IRON_ORE,2024-06,W2,2024-06-14,TARGET_HISTORY,WPU1011,2024-02,2024-06-13
IRON_ORE,2024-06,W2,2024-06-14,TARGET_HISTORY,WPU1011,2024-03,2024-06-13
IRON_ORE,2024-06,W2,2024-06-14,TARGET_HISTORY,WPU1011,2024-04,2024-06-13
IRON_ORE,2024-06,W2,2024-06-14,TARGET_HISTORY,WPU1011,2024-05,2024-06-13
IRON_ORE,2024-06,W2,2024-06-14,MARKET_X,WPU1017,2024-01,2024-06-13
IRON_ORE,2024-06,W2,2024-06-14,MARKET_X,WPU1017,2024-02,2024-06-13
IRON_ORE,2024-06,W2,2024-06-14,MARKET_X,WPU1017,2024-03,2024-06-13
IRON_ORE,2024-06,W2,2024-06-14,MARKET_X,WPU1017,2024-04,2024-06-13
IRON_ORE,2024-06,W2,2024-06-14,MARKET_X,WPU1017,2024-05,2024-06-13
IRON_ORE,2024-06,W2,2024-06-14,MARKET_X,WPU0542,2024-01,2024-06-13
IRON_ORE,2024-06,W2,2024-06-14,MARKET_X,WPU0542,2024-02,2024-06-13
IRON_ORE,2024-06,W2,2024-06-14,MARKET_X,WPU0542,2024-03,2024-06-13
IRON_ORE,2024-06,W2,2024-06-14,MARKET_X,WPU0542,2024-04,2024-06-13
IRON_ORE,2024-06,W2,2024-06-14,MARKET_X,WPU0542,2024-05,2024-06-13
IRON_ORE,2024-07,W2,2024-07-14,TARGET_HISTORY,WPU1011,2024-02,2024-07-12
IRON_ORE,2024-07,W2,2024-07-14,TARGET_HISTORY,WPU1011,2024-03,2024-07-12
IRON_ORE,2024-07,W2,2024-07-14,TARGET_HISTORY,WPU1011,2024-04,2024-07-12
IRON_ORE,2024-07,W2,2024-07-14,TARGET_HISTORY,WPU1011,2024-05,2024-07-12
IRON_ORE,2024-07,W2,2024-07-14,TARGET_HISTORY,WPU1011,2024-06,2024-07-12
IRON_ORE,2024-07,W2,2024-07-14,MARKET_X,WPU1017,2024-02,2024-07-12
IRON_ORE,2024-07,W2,2024-07-14,MARKET_X,WPU1017,2024-03,2024-07-12
IRON_ORE,2024-07,W2,2024-07-14,MARKET_X,WPU1017,2024-04,2024-07-12
IRON_ORE,2024-07,W2,2024-07-14,MARKET_X,WPU1017,2024-05,2024-07-12
IRON_ORE,2024-07,W2,2024-07-14,MARKET_X,WPU1017,2024-06,2024-07-12
IRON_ORE,2024-07,W2,2024-07-14,MARKET_X,WPU0542,2024-02,2024-07-12
IRON_ORE,2024-07,W2,2024-07-14,MARKET_X,WPU0542,2024-03,2024-07-12
IRON_ORE,2024-07,W2,2024-07-14,MARKET_X,WPU0542,2024-04,2024-07-12
IRON_ORE,2024-07,W2,2024-07-14,MARKET_X,WPU0542,2024-05,2024-07-12
IRON_ORE,2024-07,W2,2024-07-14,MARKET_X,WPU0542,2024-06,2024-07-12
IRON_ORE,2024-08,W2,2024-08-14,TARGET_HISTORY,WPU1011,2024-03,2024-08-13
IRON_ORE,2024-08,W2,2024-08-14,TARGET_HISTORY,WPU1011,2024-04,2024-08-13
IRON_ORE,2024-08,W2,2024-08-14,TARGET_HISTORY,WPU1011,2024-05,2024-08-13
IRON_ORE,2024-08,W2,2024-08-14,TARGET_HISTORY,WPU1011,2024-06,2024-08-13
IRON_ORE,2024-08,W2,2024-08-14,TARGET_HISTORY,WPU1011,2024-07,2024-08-13
IRON_ORE,2024-08,W2,2024-08-14,MARKET_X,WPU1017,2024-03,2024-08-13
IRON_ORE,2024-08,W2,2024-08-14,MARKET_X,WPU1017,2024-04,2024-08-13
IRON_ORE,2024-08,W2,2024-08-14,MARKET_X,WPU1017,2024-05,2024-08-13
IRON_ORE,2024-08,W2,2024-08-14,MARKET_X,WPU1017,2024-06,2024-08-13
IRON_ORE,2024-08,W2,2024-08-14,MARKET_X,WPU1017,2024-07,2024-08-13
IRON_ORE,2024-08,W2,2024-08-14,MARKET_X,WPU0542,2024-03,2024-08-13
IRON_ORE,2024-08,W2,2024-08-14,MARKET_X,WPU0542,2024-04,2024-08-13
IRON_ORE,2024-08,W2,2024-08-14,MARKET_X,WPU0542,2024-05,2024-08-13
IRON_ORE,2024-08,W2,2024-08-14,MARKET_X,WPU0542,2024-06,2024-08-13
IRON_ORE,2024-08,W2,2024-08-14,MARKET_X,WPU0542,2024-07,2024-08-13
IRON_ORE,2024-09,W2,2024-09-14,TARGET_HISTORY,WPU1011,2024-04,2024-09-12
IRON_ORE,2024-09,W2,2024-09-14,TARGET_HISTORY,WPU1011,2024-05,2024-09-12
IRON_ORE,2024-09,W2,2024-09-14,TARGET_HISTORY,WPU1011,2024-06,2024-09-12
IRON_ORE,2024-09,W2,2024-09-14,TARGET_HISTORY,WPU1011,2024-07,2024-09-12
IRON_ORE,2024-09,W2,2024-09-14,TARGET_HISTORY,WPU1011,2024-08,2024-09-12
IRON_ORE,2024-09,W2,2024-09-14,MARKET_X,WPU1017,2024-04,2024-09-12
IRON_ORE,2024-09,W2,2024-09-14,MARKET_X,WPU1017,2024-05,2024-09-12
IRON_ORE,2024-09,W2,2024-09-14,MARKET_X,WPU1017,2024-06,2024-09-12
IRON_ORE,2024-09,W2,2024-09-14,MARKET_X,WPU1017,2024-07,2024-09-12
IRON_ORE,2024-09,W2,2024-09-14,MARKET_X,WPU1017,2024-08,2024-09-12
IRON_ORE,2024-09,W2,2024-09-14,MARKET_X,WPU0542,2024-04,2024-09-12
IRON_ORE,2024-09,W2,2024-09-14,MARKET_X,WPU0542,2024-05,2024-09-12
IRON_ORE,2024-09,W2,2024-09-14,MARKET_X,WPU0542,2024-06,2024-09-12
IRON_ORE,2024-09,W2,2024-09-14,MARKET_X,WPU0542,2024-07,2024-09-12
IRON_ORE,2024-09,W2,2024-09-14,MARKET_X,WPU0542,2024-08,2024-09-12
IRON_ORE,2024-10,W2,2024-10-14,TARGET_HISTORY,WPU1011,2024-05,2024-10-11
IRON_ORE,2024-10,W2,2024-10-14,TARGET_HISTORY,WPU1011,2024-06,2024-10-11
IRON_ORE,2024-10,W2,2024-10-14,TARGET_HISTORY,WPU1011,2024-07,2024-10-11
IRON_ORE,2024-10,W2,2024-10-14,TARGET_HISTORY,WPU1011,2024-08,2024-10-11
IRON_ORE,2024-10,W2,2024-10-14,TARGET_HISTORY,WPU1011,2024-09,2024-10-11
IRON_ORE,2024-10,W2,2024-10-14,MARKET_X,WPU1017,2024-05,2024-10-11
IRON_ORE,2024-10,W2,2024-10-14,MARKET_X,WPU1017,2024-06,2024-10-11
IRON_ORE,2024-10,W2,2024-10-14,MARKET_X,WPU1017,2024-07,2024-10-11
IRON_ORE,2024-10,W2,2024-10-14,MARKET_X,WPU1017,2024-08,2024-10-11
IRON_ORE,2024-10,W2,2024-10-14,MARKET_X,WPU1017,2024-09,2024-10-11
IRON_ORE,2024-10,W2,2024-10-14,MARKET_X,WPU0542,2024-05,2024-10-11
IRON_ORE,2024-10,W2,2024-10-14,MARKET_X,WPU0542,2024-06,2024-10-11
IRON_ORE,2024-10,W2,2024-10-14,MARKET_X,WPU0542,2024-07,2024-10-11
IRON_ORE,2024-10,W2,2024-10-14,MARKET_X,WPU0542,2024-08,2024-10-11
IRON_ORE,2024-10,W2,2024-10-14,MARKET_X,WPU0542,2024-09,2024-10-11
IRON_ORE,2024-11,W2,2024-11-14,TARGET_HISTORY,WPU1011,2024-06,2024-11-14
IRON_ORE,2024-11,W2,2024-11-14,TARGET_HISTORY,WPU1011,2024-07,2024-11-14
IRON_ORE,2024-11,W2,2024-11-14,TARGET_HISTORY,WPU1011,2024-08,2024-11-14
IRON_ORE,2024-11,W2,2024-11-14,TARGET_HISTORY,WPU1011,2024-09,2024-11-14
IRON_ORE,2024-11,W2,2024-11-14,TARGET_HISTORY,WPU1011,2024-10,2024-11-14
IRON_ORE,2024-11,W2,2024-11-14,MARKET_X,WPU1017,2024-06,2024-11-14
IRON_ORE,2024-11,W2,2024-11-14,MARKET_X,WPU1017,2024-07,2024-11-14
IRON_ORE,2024-11,W2,2024-11-14,MARKET_X,WPU1017,2024-08,2024-11-14
IRON_ORE,2024-11,W2,2024-11-14,MARKET_X,WPU1017,2024-09,2024-11-14
IRON_ORE,2024-11,W2,2024-11-14,MARKET_X,WPU1017,2024-10,2024-11-14
IRON_ORE,2024-11,W2,2024-11-14,MARKET_X,WPU0542,2024-06,2024-11-14
IRON_ORE,2024-11,W2,2024-11-14,MARKET_X,WPU0542,2024-07,2024-11-14
IRON_ORE,2024-11,W2,2024-11-14,MARKET_X,WPU0542,2024-08,2024-11-14
IRON_ORE,2024-11,W2,2024-11-14,MARKET_X,WPU0542,2024-09,2024-11-14
IRON_ORE,2024-11,W2,2024-11-14,MARKET_X,WPU0542,2024-10,2024-11-14
IRON_ORE,2024-12,W2,2024-12-14,TARGET_HISTORY,WPU1011,2024-07,2024-12-12
IRON_ORE,2024-12,W2,2024-12-14,TARGET_HISTORY,WPU1011,2024-08,2024-12-12
IRON_ORE,2024-12,W2,2024-12-14,TARGET_HISTORY,WPU1011,2024-09,2024-12-12
IRON_ORE,2024-12,W2,2024-12-14,TARGET_HISTORY,WPU1011,2024-10,2024-12-12
IRON_ORE,2024-12,W2,2024-12-14,TARGET_HISTORY,WPU1011,2024-11,2024-12-12
IRON_ORE,2024-12,W2,2024-12-14,MARKET_X,WPU1017,2024-07,2024-12-12
IRON_ORE,2024-12,W2,2024-12-14,MARKET_X,WPU1017,2024-08,2024-12-12
IRON_ORE,2024-12,W2,2024-12-14,MARKET_X,WPU1017,2024-09,2024-12-12
IRON_ORE,2024-12,W2,2024-12-14,MARKET_X,WPU1017,2024-10,2024-12-12
IRON_ORE,2024-12,W2,2024-12-14,MARKET_X,WPU1017,2024-11,2024-12-12
IRON_ORE,2024-12,W2,2024-12-14,MARKET_X,WPU0542,2024-07,2024-12-12
IRON_ORE,2024-12,W2,2024-12-14,MARKET_X,WPU0542,2024-08,2024-12-12
IRON_ORE,2024-12,W2,2024-12-14,MARKET_X,WPU0542,2024-09,2024-12-12
IRON_ORE,2024-12,W2,2024-12-14,MARKET_X,WPU0542,2024-10,2024-12-12
IRON_ORE,2024-12,W2,2024-12-14,MARKET_X,WPU0542,2024-11,2024-12-12
IRON_ORE,2025-01,W2,2025-01-14,TARGET_HISTORY,WPU1011,2024-08,2025-01-14
IRON_ORE,2025-01,W2,2025-01-14,TARGET_HISTORY,WPU1011,2024-09,2025-01-14
IRON_ORE,2025-01,W2,2025-01-14,TARGET_HISTORY,WPU1011,2024-10,2025-01-14
IRON_ORE,2025-01,W2,2025-01-14,TARGET_HISTORY,WPU1011,2024-11,2025-01-14
IRON_ORE,2025-01,W2,2025-01-14,TARGET_HISTORY,WPU1011,2024-12,2025-01-14
IRON_ORE,2025-01,W2,2025-01-14,MARKET_X,WPU1017,2024-08,2025-01-14
IRON_ORE,2025-01,W2,2025-01-14,MARKET_X,WPU1017,2024-09,2025-01-14
IRON_ORE,2025-01,W2,2025-01-14,MARKET_X,WPU1017,2024-10,2025-01-14
IRON_ORE,2025-01,W2,2025-01-14,MARKET_X,WPU1017,2024-11,2025-01-14
IRON_ORE,2025-01,W2,2025-01-14,MARKET_X,WPU1017,2024-12,2025-01-14
IRON_ORE,2025-01,W2,2025-01-14,MARKET_X,WPU0542,2024-08,2025-01-14
IRON_ORE,2025-01,W2,2025-01-14,MARKET_X,WPU0542,2024-09,2025-01-14
IRON_ORE,2025-01,W2,2025-01-14,MARKET_X,WPU0542,2024-10,2025-01-14
IRON_ORE,2025-01,W2,2025-01-14,MARKET_X,WPU0542,2024-11,2025-01-14
IRON_ORE,2025-01,W2,2025-01-14,MARKET_X,WPU0542,2024-12,2025-01-14
IRON_ORE,2025-02,W2,2025-02-14,TARGET_HISTORY,WPU1011,2024-09,2025-02-13
IRON_ORE,2025-02,W2,2025-02-14,TARGET_HISTORY,WPU1011,2024-10,2025-02-13
IRON_ORE,2025-02,W2,2025-02-14,TARGET_HISTORY,WPU1011,2024-11,2025-02-13
IRON_ORE,2025-02,W2,2025-02-14,TARGET_HISTORY,WPU1011,2024-12,2025-02-13
IRON_ORE,2025-02,W2,2025-02-14,TARGET_HISTORY,WPU1011,2025-01,2025-02-13
IRON_ORE,2025-02,W2,2025-02-14,MARKET_X,WPU1017,2024-09,2025-02-13
IRON_ORE,2025-02,W2,2025-02-14,MARKET_X,WPU1017,2024-10,2025-02-13
IRON_ORE,2025-02,W2,2025-02-14,MARKET_X,WPU1017,2024-11,2025-02-13
IRON_ORE,2025-02,W2,2025-02-14,MARKET_X,WPU1017,2024-12,2025-02-13
IRON_ORE,2025-02,W2,2025-02-14,MARKET_X,WPU1017,2025-01,2025-02-13
IRON_ORE,2025-02,W2,2025-02-14,MARKET_X,WPU0542,2024-09,2025-02-13
IRON_ORE,2025-02,W2,2025-02-14,MARKET_X,WPU0542,2024-10,2025-02-13
IRON_ORE,2025-02,W2,2025-02-14,MARKET_X,WPU0542,2024-11,2025-02-13
IRON_ORE,2025-02,W2,2025-02-14,MARKET_X,WPU0542,2024-12,2025-02-13
IRON_ORE,2025-02,W2,2025-02-14,MARKET_X,WPU0542,2025-01,2025-02-13
IRON_ORE,2025-03,W2,2025-03-14,TARGET_HISTORY,WPU1011,2024-10,2025-03-13
IRON_ORE,2025-03,W2,2025-03-14,TARGET_HISTORY,WPU1011,2024-11,2025-03-13
IRON_ORE,2025-03,W2,2025-03-14,TARGET_HISTORY,WPU1011,2024-12,2025-03-13
IRON_ORE,2025-03,W2,2025-03-14,TARGET_HISTORY,WPU1011,2025-01,2025-03-13
IRON_ORE,2025-03,W2,2025-03-14,TARGET_HISTORY,WPU1011,2025-02,2025-03-13
IRON_ORE,2025-03,W2,2025-03-14,MARKET_X,WPU1017,2024-10,2025-03-13
IRON_ORE,2025-03,W2,2025-03-14,MARKET_X,WPU1017,2024-11,2025-03-13
IRON_ORE,2025-03,W2,2025-03-14,MARKET_X,WPU1017,2024-12,2025-03-13
IRON_ORE,2025-03,W2,2025-03-14,MARKET_X,WPU1017,2025-01,2025-03-13
IRON_ORE,2025-03,W2,2025-03-14,MARKET_X,WPU1017,2025-02,2025-03-13
IRON_ORE,2025-03,W2,2025-03-14,MARKET_X,WPU0542,2024-10,2025-03-13
IRON_ORE,2025-03,W2,2025-03-14,MARKET_X,WPU0542,2024-11,2025-03-13
IRON_ORE,2025-03,W2,2025-03-14,MARKET_X,WPU0542,2024-12,2025-03-13
IRON_ORE,2025-03,W2,2025-03-14,MARKET_X,WPU0542,2025-01,2025-03-13
IRON_ORE,2025-03,W2,2025-03-14,MARKET_X,WPU0542,2025-02,2025-03-13
IRON_ORE,2025-04,W2,2025-04-14,TARGET_HISTORY,WPU1011,2024-11,2025-04-11
IRON_ORE,2025-04,W2,2025-04-14,TARGET_HISTORY,WPU1011,2024-12,2025-04-11
IRON_ORE,2025-04,W2,2025-04-14,TARGET_HISTORY,WPU1011,2025-01,2025-04-11
IRON_ORE,2025-04,W2,2025-04-14,TARGET_HISTORY,WPU1011,2025-02,2025-04-11
IRON_ORE,2025-04,W2,2025-04-14,TARGET_HISTORY,WPU1011,2025-03,2025-04-11
IRON_ORE,2025-04,W2,2025-04-14,MARKET_X,WPU1017,2024-11,2025-04-11
IRON_ORE,2025-04,W2,2025-04-14,MARKET_X,WPU1017,2024-12,2025-04-11
IRON_ORE,2025-04,W2,2025-04-14,MARKET_X,WPU1017,2025-01,2025-04-11
IRON_ORE,2025-04,W2,2025-04-14,MARKET_X,WPU1017,2025-02,2025-04-11
IRON_ORE,2025-04,W2,2025-04-14,MARKET_X,WPU1017,2025-03,2025-04-11
IRON_ORE,2025-04,W2,2025-04-14,MARKET_X,WPU0542,2024-11,2025-04-11
IRON_ORE,2025-04,W2,2025-04-14,MARKET_X,WPU0542,2024-12,2025-04-11
IRON_ORE,2025-04,W2,2025-04-14,MARKET_X,WPU0542,2025-01,2025-04-11
IRON_ORE,2025-04,W2,2025-04-14,MARKET_X,WPU0542,2025-02,2025-04-11
IRON_ORE,2025-04,W2,2025-04-14,MARKET_X,WPU0542,2025-03,2025-04-11
IRON_ORE,2025-05,W3,2025-05-21,TARGET_HISTORY,WPU1011,2024-12,2025-05-15
IRON_ORE,2025-05,W3,2025-05-21,TARGET_HISTORY,WPU1011,2025-01,2025-05-15
IRON_ORE,2025-05,W3,2025-05-21,TARGET_HISTORY,WPU1011,2025-02,2025-05-15
IRON_ORE,2025-05,W3,2025-05-21,TARGET_HISTORY,WPU1011,2025-03,2025-05-15
IRON_ORE,2025-05,W3,2025-05-21,TARGET_HISTORY,WPU1011,2025-04,2025-05-15
IRON_ORE,2025-05,W3,2025-05-21,MARKET_X,WPU1017,2024-12,2025-05-15
IRON_ORE,2025-05,W3,2025-05-21,MARKET_X,WPU1017,2025-01,2025-05-15
IRON_ORE,2025-05,W3,2025-05-21,MARKET_X,WPU1017,2025-02,2025-05-15
IRON_ORE,2025-05,W3,2025-05-21,MARKET_X,WPU1017,2025-03,2025-05-15
IRON_ORE,2025-05,W3,2025-05-21,MARKET_X,WPU1017,2025-04,2025-05-15
IRON_ORE,2025-05,W3,2025-05-21,MARKET_X,WPU0542,2024-12,2025-05-15
IRON_ORE,2025-05,W3,2025-05-21,MARKET_X,WPU0542,2025-01,2025-05-15
IRON_ORE,2025-05,W3,2025-05-21,MARKET_X,WPU0542,2025-02,2025-05-15
IRON_ORE,2025-05,W3,2025-05-21,MARKET_X,WPU0542,2025-03,2025-05-15
IRON_ORE,2025-05,W3,2025-05-21,MARKET_X,WPU0542,2025-04,2025-05-15
IRON_ORE,2025-06,W2,2025-06-14,TARGET_HISTORY,WPU1011,2025-01,2025-06-12
IRON_ORE,2025-06,W2,2025-06-14,TARGET_HISTORY,WPU1011,2025-02,2025-06-12
IRON_ORE,2025-06,W2,2025-06-14,TARGET_HISTORY,WPU1011,2025-03,2025-06-12
IRON_ORE,2025-06,W2,2025-06-14,TARGET_HISTORY,WPU1011,2025-04,2025-06-12
IRON_ORE,2025-06,W2,2025-06-14,TARGET_HISTORY,WPU1011,2025-05,2025-06-12
IRON_ORE,2025-06,W2,2025-06-14,MARKET_X,WPU1017,2025-01,2025-06-12
IRON_ORE,2025-06,W2,2025-06-14,MARKET_X,WPU1017,2025-02,2025-06-12
IRON_ORE,2025-06,W2,2025-06-14,MARKET_X,WPU1017,2025-03,2025-06-12
IRON_ORE,2025-06,W2,2025-06-14,MARKET_X,WPU1017,2025-04,2025-06-12
IRON_ORE,2025-06,W2,2025-06-14,MARKET_X,WPU1017,2025-05,2025-06-12
IRON_ORE,2025-06,W2,2025-06-14,MARKET_X,WPU0542,2025-01,2025-06-12
IRON_ORE,2025-06,W2,2025-06-14,MARKET_X,WPU0542,2025-02,2025-06-12
IRON_ORE,2025-06,W2,2025-06-14,MARKET_X,WPU0542,2025-03,2025-06-12
IRON_ORE,2025-06,W2,2025-06-14,MARKET_X,WPU0542,2025-04,2025-06-12
IRON_ORE,2025-06,W2,2025-06-14,MARKET_X,WPU0542,2025-05,2025-06-12
IRON_ORE,2025-06,W2,2025-06-14,EVENT,TITLE:adjusting imports of aluminum and steel into the united states,2025-06,2025-06-09
IRON_ORE,2025-06,W4,2025-06-30,EVENT,"DOCKET:A-533-887, A-583-865, A-549-840, A-570-104, C-533-888, C-570-105",2025-06,2025-06-26
IRON_ORE,2025-07,W2,2025-07-14,EVENT,"DOCKET:A-549-839, A-570-086, C-570-087",2025-07,2025-07-10
IRON_ORE,2025-07,W3,2025-07-21,TARGET_HISTORY,WPU1011,2025-02,2025-07-16
IRON_ORE,2025-07,W3,2025-07-21,TARGET_HISTORY,WPU1011,2025-03,2025-07-16
IRON_ORE,2025-07,W3,2025-07-21,TARGET_HISTORY,WPU1011,2025-04,2025-07-16
IRON_ORE,2025-07,W3,2025-07-21,TARGET_HISTORY,WPU1011,2025-05,2025-07-16
IRON_ORE,2025-07,W3,2025-07-21,TARGET_HISTORY,WPU1011,2025-06,2025-07-16
IRON_ORE,2025-07,W3,2025-07-21,MARKET_X,WPU1017,2025-02,2025-07-16
IRON_ORE,2025-07,W3,2025-07-21,MARKET_X,WPU1017,2025-03,2025-07-16
IRON_ORE,2025-07,W3,2025-07-21,MARKET_X,WPU1017,2025-04,2025-07-16
IRON_ORE,2025-07,W3,2025-07-21,MARKET_X,WPU1017,2025-05,2025-07-16
IRON_ORE,2025-07,W3,2025-07-21,MARKET_X,WPU1017,2025-06,2025-07-16
IRON_ORE,2025-07,W3,2025-07-21,MARKET_X,WPU0542,2025-02,2025-07-16
IRON_ORE,2025-07,W3,2025-07-21,MARKET_X,WPU0542,2025-03,2025-07-16
IRON_ORE,2025-07,W3,2025-07-21,MARKET_X,WPU0542,2025-04,2025-07-16
IRON_ORE,2025-07,W3,2025-07-21,MARKET_X,WPU0542,2025-05,2025-07-16
IRON_ORE,2025-07,W3,2025-07-21,MARKET_X,WPU0542,2025-06,2025-07-16
IRON_ORE,2025-08,W2,2025-08-14,TARGET_HISTORY,WPU1011,2025-03,2025-08-14
IRON_ORE,2025-08,W2,2025-08-14,TARGET_HISTORY,WPU1011,2025-04,2025-08-14
IRON_ORE,2025-08,W2,2025-08-14,TARGET_HISTORY,WPU1011,2025-05,2025-08-14
IRON_ORE,2025-08,W2,2025-08-14,TARGET_HISTORY,WPU1011,2025-06,2025-08-14
IRON_ORE,2025-08,W2,2025-08-14,TARGET_HISTORY,WPU1011,2025-07,2025-08-14
IRON_ORE,2025-08,W2,2025-08-14,MARKET_X,WPU1017,2025-03,2025-08-14
IRON_ORE,2025-08,W2,2025-08-14,MARKET_X,WPU1017,2025-04,2025-08-14
IRON_ORE,2025-08,W2,2025-08-14,MARKET_X,WPU1017,2025-05,2025-08-14
IRON_ORE,2025-08,W2,2025-08-14,MARKET_X,WPU1017,2025-06,2025-08-14
IRON_ORE,2025-08,W2,2025-08-14,MARKET_X,WPU1017,2025-07,2025-08-14
IRON_ORE,2025-08,W2,2025-08-14,MARKET_X,WPU0542,2025-03,2025-08-14
IRON_ORE,2025-08,W2,2025-08-14,MARKET_X,WPU0542,2025-04,2025-08-14
IRON_ORE,2025-08,W2,2025-08-14,MARKET_X,WPU0542,2025-05,2025-08-14
IRON_ORE,2025-08,W2,2025-08-14,MARKET_X,WPU0542,2025-06,2025-08-14
IRON_ORE,2025-08,W2,2025-08-14,MARKET_X,WPU0542,2025-07,2025-08-14
IRON_ORE,2025-09,W2,2025-09-14,TARGET_HISTORY,WPU1011,2025-04,2025-09-10
IRON_ORE,2025-09,W2,2025-09-14,TARGET_HISTORY,WPU1011,2025-05,2025-09-10
IRON_ORE,2025-09,W2,2025-09-14,TARGET_HISTORY,WPU1011,2025-06,2025-09-10
IRON_ORE,2025-09,W2,2025-09-14,TARGET_HISTORY,WPU1011,2025-07,2025-09-10
IRON_ORE,2025-09,W2,2025-09-14,TARGET_HISTORY,WPU1011,2025-08,2025-09-10
IRON_ORE,2025-09,W2,2025-09-14,MARKET_X,WPU1017,2025-04,2025-09-10
IRON_ORE,2025-09,W2,2025-09-14,MARKET_X,WPU1017,2025-05,2025-09-10
IRON_ORE,2025-09,W2,2025-09-14,MARKET_X,WPU1017,2025-06,2025-09-10
IRON_ORE,2025-09,W2,2025-09-14,MARKET_X,WPU1017,2025-07,2025-09-10
IRON_ORE,2025-09,W2,2025-09-14,MARKET_X,WPU1017,2025-08,2025-09-10
IRON_ORE,2025-09,W2,2025-09-14,MARKET_X,WPU0542,2025-04,2025-09-10
IRON_ORE,2025-09,W2,2025-09-14,MARKET_X,WPU0542,2025-05,2025-09-10
IRON_ORE,2025-09,W2,2025-09-14,MARKET_X,WPU0542,2025-06,2025-09-10
IRON_ORE,2025-09,W2,2025-09-14,MARKET_X,WPU0542,2025-07,2025-09-10
IRON_ORE,2025-09,W2,2025-09-14,MARKET_X,WPU0542,2025-08,2025-09-10
IRON_ORE,2025-11,W4,2025-11-30,TARGET_HISTORY,WPU1011,2025-05,2025-11-25
IRON_ORE,2025-11,W4,2025-11-30,TARGET_HISTORY,WPU1011,2025-06,2025-11-25
IRON_ORE,2025-11,W4,2025-11-30,TARGET_HISTORY,WPU1011,2025-07,2025-11-25
IRON_ORE,2025-11,W4,2025-11-30,TARGET_HISTORY,WPU1011,2025-08,2025-11-25
IRON_ORE,2025-11,W4,2025-11-30,TARGET_HISTORY,WPU1011,2025-09,2025-11-25
IRON_ORE,2025-11,W4,2025-11-30,MARKET_X,WPU1017,2025-05,2025-11-25
IRON_ORE,2025-11,W4,2025-11-30,MARKET_X,WPU1017,2025-06,2025-11-25
IRON_ORE,2025-11,W4,2025-11-30,MARKET_X,WPU1017,2025-07,2025-11-25
IRON_ORE,2025-11,W4,2025-11-30,MARKET_X,WPU1017,2025-08,2025-11-25
IRON_ORE,2025-11,W4,2025-11-30,MARKET_X,WPU1017,2025-09,2025-11-25
IRON_ORE,2025-11,W4,2025-11-30,MARKET_X,WPU0542,2025-05,2025-11-25
IRON_ORE,2025-11,W4,2025-11-30,MARKET_X,WPU0542,2025-06,2025-11-25
IRON_ORE,2025-11,W4,2025-11-30,MARKET_X,WPU0542,2025-07,2025-11-25
IRON_ORE,2025-11,W4,2025-11-30,MARKET_X,WPU0542,2025-08,2025-11-25
IRON_ORE,2025-11,W4,2025-11-30,MARKET_X,WPU0542,2025-09,2025-11-25
CRUDE_OIL,2021-12,W2,2021-12-14,TARGET_HISTORY,WPU0561,2021-07,2021-12-14
CRUDE_OIL,2021-12,W2,2021-12-14,TARGET_HISTORY,WPU0561,2021-08,2021-12-14
CRUDE_OIL,2021-12,W2,2021-12-14,TARGET_HISTORY,WPU0561,2021-09,2021-12-14
CRUDE_OIL,2021-12,W2,2021-12-14,TARGET_HISTORY,WPU0561,2021-10,2021-12-14
CRUDE_OIL,2021-12,W2,2021-12-14,TARGET_HISTORY,WPU0561,2021-11,2021-12-14
CRUDE_OIL,2021-12,W2,2021-12-14,MARKET_X,WPU0571,2021-07,2021-12-14
CRUDE_OIL,2021-12,W2,2021-12-14,MARKET_X,WPU0571,2021-08,2021-12-14
CRUDE_OIL,2021-12,W2,2021-12-14,MARKET_X,WPU0571,2021-09,2021-12-14
CRUDE_OIL,2021-12,W2,2021-12-14,MARKET_X,WPU0571,2021-10,2021-12-14
CRUDE_OIL,2021-12,W2,2021-12-14,MARKET_X,WPU0571,2021-11,2021-12-14
CRUDE_OIL,2021-12,W2,2021-12-14,MARKET_X,WPU0542,2021-07,2021-12-14
CRUDE_OIL,2021-12,W2,2021-12-14,MARKET_X,WPU0542,2021-08,2021-12-14
CRUDE_OIL,2021-12,W2,2021-12-14,MARKET_X,WPU0542,2021-09,2021-12-14
CRUDE_OIL,2021-12,W2,2021-12-14,MARKET_X,WPU0542,2021-10,2021-12-14
CRUDE_OIL,2021-12,W2,2021-12-14,MARKET_X,WPU0542,2021-11,2021-12-14
CRUDE_OIL,2022-01,W2,2022-01-14,TARGET_HISTORY,WPU0561,2021-08,2022-01-13
CRUDE_OIL,2022-01,W2,2022-01-14,TARGET_HISTORY,WPU0561,2021-09,2022-01-13
CRUDE_OIL,2022-01,W2,2022-01-14,TARGET_HISTORY,WPU0561,2021-10,2022-01-13
CRUDE_OIL,2022-01,W2,2022-01-14,TARGET_HISTORY,WPU0561,2021-11,2022-01-13
CRUDE_OIL,2022-01,W2,2022-01-14,TARGET_HISTORY,WPU0561,2021-12,2022-01-13
CRUDE_OIL,2022-01,W2,2022-01-14,MARKET_X,WPU0571,2021-08,2022-01-13
CRUDE_OIL,2022-01,W2,2022-01-14,MARKET_X,WPU0571,2021-09,2022-01-13
CRUDE_OIL,2022-01,W2,2022-01-14,MARKET_X,WPU0571,2021-10,2022-01-13
CRUDE_OIL,2022-01,W2,2022-01-14,MARKET_X,WPU0571,2021-11,2022-01-13
CRUDE_OIL,2022-01,W2,2022-01-14,MARKET_X,WPU0571,2021-12,2022-01-13
CRUDE_OIL,2022-01,W2,2022-01-14,MARKET_X,WPU0542,2021-08,2022-01-13
CRUDE_OIL,2022-01,W2,2022-01-14,MARKET_X,WPU0542,2021-09,2022-01-13
CRUDE_OIL,2022-01,W2,2022-01-14,MARKET_X,WPU0542,2021-10,2022-01-13
CRUDE_OIL,2022-01,W2,2022-01-14,MARKET_X,WPU0542,2021-11,2022-01-13
CRUDE_OIL,2022-01,W2,2022-01-14,MARKET_X,WPU0542,2021-12,2022-01-13
CRUDE_OIL,2022-02,W3,2022-02-21,TARGET_HISTORY,WPU0561,2021-09,2022-02-15
CRUDE_OIL,2022-02,W3,2022-02-21,TARGET_HISTORY,WPU0561,2021-10,2022-02-15
CRUDE_OIL,2022-02,W3,2022-02-21,TARGET_HISTORY,WPU0561,2021-11,2022-02-15
CRUDE_OIL,2022-02,W3,2022-02-21,TARGET_HISTORY,WPU0561,2021-12,2022-02-15
CRUDE_OIL,2022-02,W3,2022-02-21,TARGET_HISTORY,WPU0561,2022-01,2022-02-15
CRUDE_OIL,2022-02,W3,2022-02-21,MARKET_X,WPU0571,2021-09,2022-02-15
CRUDE_OIL,2022-02,W3,2022-02-21,MARKET_X,WPU0571,2021-10,2022-02-15
CRUDE_OIL,2022-02,W3,2022-02-21,MARKET_X,WPU0571,2021-11,2022-02-15
CRUDE_OIL,2022-02,W3,2022-02-21,MARKET_X,WPU0571,2021-12,2022-02-15
CRUDE_OIL,2022-02,W3,2022-02-21,MARKET_X,WPU0571,2022-01,2022-02-15
CRUDE_OIL,2022-02,W3,2022-02-21,MARKET_X,WPU0542,2021-09,2022-02-15
CRUDE_OIL,2022-02,W3,2022-02-21,MARKET_X,WPU0542,2021-10,2022-02-15
CRUDE_OIL,2022-02,W3,2022-02-21,MARKET_X,WPU0542,2021-11,2022-02-15
CRUDE_OIL,2022-02,W3,2022-02-21,MARKET_X,WPU0542,2021-12,2022-02-15
CRUDE_OIL,2022-02,W3,2022-02-21,MARKET_X,WPU0542,2022-01,2022-02-15
CRUDE_OIL,2022-03,W3,2022-03-21,TARGET_HISTORY,WPU0561,2021-10,2022-03-15
CRUDE_OIL,2022-03,W3,2022-03-21,TARGET_HISTORY,WPU0561,2021-11,2022-03-15
CRUDE_OIL,2022-03,W3,2022-03-21,TARGET_HISTORY,WPU0561,2021-12,2022-03-15
CRUDE_OIL,2022-03,W3,2022-03-21,TARGET_HISTORY,WPU0561,2022-01,2022-03-15
CRUDE_OIL,2022-03,W3,2022-03-21,TARGET_HISTORY,WPU0561,2022-02,2022-03-15
CRUDE_OIL,2022-03,W3,2022-03-21,MARKET_X,WPU0571,2021-10,2022-03-15
CRUDE_OIL,2022-03,W3,2022-03-21,MARKET_X,WPU0571,2021-11,2022-03-15
CRUDE_OIL,2022-03,W3,2022-03-21,MARKET_X,WPU0571,2021-12,2022-03-15
CRUDE_OIL,2022-03,W3,2022-03-21,MARKET_X,WPU0571,2022-01,2022-03-15
CRUDE_OIL,2022-03,W3,2022-03-21,MARKET_X,WPU0571,2022-02,2022-03-15
CRUDE_OIL,2022-03,W3,2022-03-21,MARKET_X,WPU0542,2021-10,2022-03-15
CRUDE_OIL,2022-03,W3,2022-03-21,MARKET_X,WPU0542,2021-11,2022-03-15
CRUDE_OIL,2022-03,W3,2022-03-21,MARKET_X,WPU0542,2021-12,2022-03-15
CRUDE_OIL,2022-03,W3,2022-03-21,MARKET_X,WPU0542,2022-01,2022-03-15
CRUDE_OIL,2022-03,W3,2022-03-21,MARKET_X,WPU0542,2022-02,2022-03-15
CRUDE_OIL,2022-04,W2,2022-04-14,TARGET_HISTORY,WPU0561,2021-11,2022-04-13
CRUDE_OIL,2022-04,W2,2022-04-14,TARGET_HISTORY,WPU0561,2021-12,2022-04-13
CRUDE_OIL,2022-04,W2,2022-04-14,TARGET_HISTORY,WPU0561,2022-01,2022-04-13
CRUDE_OIL,2022-04,W2,2022-04-14,TARGET_HISTORY,WPU0561,2022-02,2022-04-13
CRUDE_OIL,2022-04,W2,2022-04-14,TARGET_HISTORY,WPU0561,2022-03,2022-04-13
CRUDE_OIL,2022-04,W2,2022-04-14,MARKET_X,WPU0571,2021-11,2022-04-13
CRUDE_OIL,2022-04,W2,2022-04-14,MARKET_X,WPU0571,2021-12,2022-04-13
CRUDE_OIL,2022-04,W2,2022-04-14,MARKET_X,WPU0571,2022-01,2022-04-13
CRUDE_OIL,2022-04,W2,2022-04-14,MARKET_X,WPU0571,2022-02,2022-04-13
CRUDE_OIL,2022-04,W2,2022-04-14,MARKET_X,WPU0571,2022-03,2022-04-13
CRUDE_OIL,2022-04,W2,2022-04-14,MARKET_X,WPU0542,2021-11,2022-04-13
CRUDE_OIL,2022-04,W2,2022-04-14,MARKET_X,WPU0542,2021-12,2022-04-13
CRUDE_OIL,2022-04,W2,2022-04-14,MARKET_X,WPU0542,2022-01,2022-04-13
CRUDE_OIL,2022-04,W2,2022-04-14,MARKET_X,WPU0542,2022-02,2022-04-13
CRUDE_OIL,2022-04,W2,2022-04-14,MARKET_X,WPU0542,2022-03,2022-04-13
CRUDE_OIL,2022-05,W2,2022-05-14,TARGET_HISTORY,WPU0561,2021-12,2022-05-12
CRUDE_OIL,2022-05,W2,2022-05-14,TARGET_HISTORY,WPU0561,2022-01,2022-05-12
CRUDE_OIL,2022-05,W2,2022-05-14,TARGET_HISTORY,WPU0561,2022-02,2022-05-12
CRUDE_OIL,2022-05,W2,2022-05-14,TARGET_HISTORY,WPU0561,2022-03,2022-05-12
CRUDE_OIL,2022-05,W2,2022-05-14,TARGET_HISTORY,WPU0561,2022-04,2022-05-12
CRUDE_OIL,2022-05,W2,2022-05-14,MARKET_X,WPU0571,2021-12,2022-05-12
CRUDE_OIL,2022-05,W2,2022-05-14,MARKET_X,WPU0571,2022-01,2022-05-12
CRUDE_OIL,2022-05,W2,2022-05-14,MARKET_X,WPU0571,2022-02,2022-05-12
CRUDE_OIL,2022-05,W2,2022-05-14,MARKET_X,WPU0571,2022-03,2022-05-12
CRUDE_OIL,2022-05,W2,2022-05-14,MARKET_X,WPU0571,2022-04,2022-05-12
CRUDE_OIL,2022-05,W2,2022-05-14,MARKET_X,WPU0542,2021-12,2022-05-12
CRUDE_OIL,2022-05,W2,2022-05-14,MARKET_X,WPU0542,2022-01,2022-05-12
CRUDE_OIL,2022-05,W2,2022-05-14,MARKET_X,WPU0542,2022-02,2022-05-12
CRUDE_OIL,2022-05,W2,2022-05-14,MARKET_X,WPU0542,2022-03,2022-05-12
CRUDE_OIL,2022-05,W2,2022-05-14,MARKET_X,WPU0542,2022-04,2022-05-12
CRUDE_OIL,2022-06,W2,2022-06-14,TARGET_HISTORY,WPU0561,2022-01,2022-06-14
CRUDE_OIL,2022-06,W2,2022-06-14,TARGET_HISTORY,WPU0561,2022-02,2022-06-14
CRUDE_OIL,2022-06,W2,2022-06-14,TARGET_HISTORY,WPU0561,2022-03,2022-06-14
CRUDE_OIL,2022-06,W2,2022-06-14,TARGET_HISTORY,WPU0561,2022-04,2022-06-14
CRUDE_OIL,2022-06,W2,2022-06-14,TARGET_HISTORY,WPU0561,2022-05,2022-06-14
CRUDE_OIL,2022-06,W2,2022-06-14,MARKET_X,WPU0571,2022-01,2022-06-14
CRUDE_OIL,2022-06,W2,2022-06-14,MARKET_X,WPU0571,2022-02,2022-06-14
CRUDE_OIL,2022-06,W2,2022-06-14,MARKET_X,WPU0571,2022-03,2022-06-14
CRUDE_OIL,2022-06,W2,2022-06-14,MARKET_X,WPU0571,2022-04,2022-06-14
CRUDE_OIL,2022-06,W2,2022-06-14,MARKET_X,WPU0571,2022-05,2022-06-14
CRUDE_OIL,2022-06,W2,2022-06-14,MARKET_X,WPU0542,2022-01,2022-06-14
CRUDE_OIL,2022-06,W2,2022-06-14,MARKET_X,WPU0542,2022-02,2022-06-14
CRUDE_OIL,2022-06,W2,2022-06-14,MARKET_X,WPU0542,2022-03,2022-06-14
CRUDE_OIL,2022-06,W2,2022-06-14,MARKET_X,WPU0542,2022-04,2022-06-14
CRUDE_OIL,2022-06,W2,2022-06-14,MARKET_X,WPU0542,2022-05,2022-06-14
CRUDE_OIL,2022-07,W2,2022-07-14,TARGET_HISTORY,WPU0561,2022-02,2022-07-14
CRUDE_OIL,2022-07,W2,2022-07-14,TARGET_HISTORY,WPU0561,2022-03,2022-07-14
CRUDE_OIL,2022-07,W2,2022-07-14,TARGET_HISTORY,WPU0561,2022-04,2022-07-14
CRUDE_OIL,2022-07,W2,2022-07-14,TARGET_HISTORY,WPU0561,2022-05,2022-07-14
CRUDE_OIL,2022-07,W2,2022-07-14,TARGET_HISTORY,WPU0561,2022-06,2022-07-14
CRUDE_OIL,2022-07,W2,2022-07-14,MARKET_X,WPU0571,2022-02,2022-07-14
CRUDE_OIL,2022-07,W2,2022-07-14,MARKET_X,WPU0571,2022-03,2022-07-14
CRUDE_OIL,2022-07,W2,2022-07-14,MARKET_X,WPU0571,2022-04,2022-07-14
CRUDE_OIL,2022-07,W2,2022-07-14,MARKET_X,WPU0571,2022-05,2022-07-14
CRUDE_OIL,2022-07,W2,2022-07-14,MARKET_X,WPU0571,2022-06,2022-07-14
CRUDE_OIL,2022-07,W2,2022-07-14,MARKET_X,WPU0542,2022-02,2022-07-14
CRUDE_OIL,2022-07,W2,2022-07-14,MARKET_X,WPU0542,2022-03,2022-07-14
CRUDE_OIL,2022-07,W2,2022-07-14,MARKET_X,WPU0542,2022-04,2022-07-14
CRUDE_OIL,2022-07,W2,2022-07-14,MARKET_X,WPU0542,2022-05,2022-07-14
CRUDE_OIL,2022-07,W2,2022-07-14,MARKET_X,WPU0542,2022-06,2022-07-14
CRUDE_OIL,2022-08,W2,2022-08-14,TARGET_HISTORY,WPU0561,2022-03,2022-08-11
CRUDE_OIL,2022-08,W2,2022-08-14,TARGET_HISTORY,WPU0561,2022-04,2022-08-11
CRUDE_OIL,2022-08,W2,2022-08-14,TARGET_HISTORY,WPU0561,2022-05,2022-08-11
CRUDE_OIL,2022-08,W2,2022-08-14,TARGET_HISTORY,WPU0561,2022-06,2022-08-11
CRUDE_OIL,2022-08,W2,2022-08-14,TARGET_HISTORY,WPU0561,2022-07,2022-08-11
CRUDE_OIL,2022-08,W2,2022-08-14,MARKET_X,WPU0571,2022-03,2022-08-11
CRUDE_OIL,2022-08,W2,2022-08-14,MARKET_X,WPU0571,2022-04,2022-08-11
CRUDE_OIL,2022-08,W2,2022-08-14,MARKET_X,WPU0571,2022-05,2022-08-11
CRUDE_OIL,2022-08,W2,2022-08-14,MARKET_X,WPU0571,2022-06,2022-08-11
CRUDE_OIL,2022-08,W2,2022-08-14,MARKET_X,WPU0571,2022-07,2022-08-11
CRUDE_OIL,2022-08,W2,2022-08-14,MARKET_X,WPU0542,2022-03,2022-08-11
CRUDE_OIL,2022-08,W2,2022-08-14,MARKET_X,WPU0542,2022-04,2022-08-11
CRUDE_OIL,2022-08,W2,2022-08-14,MARKET_X,WPU0542,2022-05,2022-08-11
CRUDE_OIL,2022-08,W2,2022-08-14,MARKET_X,WPU0542,2022-06,2022-08-11
CRUDE_OIL,2022-08,W2,2022-08-14,MARKET_X,WPU0542,2022-07,2022-08-11
CRUDE_OIL,2022-09,W2,2022-09-14,TARGET_HISTORY,WPU0561,2022-04,2022-09-14
CRUDE_OIL,2022-09,W2,2022-09-14,TARGET_HISTORY,WPU0561,2022-05,2022-09-14
CRUDE_OIL,2022-09,W2,2022-09-14,TARGET_HISTORY,WPU0561,2022-06,2022-09-14
CRUDE_OIL,2022-09,W2,2022-09-14,TARGET_HISTORY,WPU0561,2022-07,2022-09-14
CRUDE_OIL,2022-09,W2,2022-09-14,TARGET_HISTORY,WPU0561,2022-08,2022-09-14
CRUDE_OIL,2022-09,W2,2022-09-14,MARKET_X,WPU0571,2022-04,2022-09-14
CRUDE_OIL,2022-09,W2,2022-09-14,MARKET_X,WPU0571,2022-05,2022-09-14
CRUDE_OIL,2022-09,W2,2022-09-14,MARKET_X,WPU0571,2022-06,2022-09-14
CRUDE_OIL,2022-09,W2,2022-09-14,MARKET_X,WPU0571,2022-07,2022-09-14
CRUDE_OIL,2022-09,W2,2022-09-14,MARKET_X,WPU0571,2022-08,2022-09-14
CRUDE_OIL,2022-09,W2,2022-09-14,MARKET_X,WPU0542,2022-04,2022-09-14
CRUDE_OIL,2022-09,W2,2022-09-14,MARKET_X,WPU0542,2022-05,2022-09-14
CRUDE_OIL,2022-09,W2,2022-09-14,MARKET_X,WPU0542,2022-06,2022-09-14
CRUDE_OIL,2022-09,W2,2022-09-14,MARKET_X,WPU0542,2022-07,2022-09-14
CRUDE_OIL,2022-09,W2,2022-09-14,MARKET_X,WPU0542,2022-08,2022-09-14
CRUDE_OIL,2022-10,W2,2022-10-14,TARGET_HISTORY,WPU0561,2022-05,2022-10-12
CRUDE_OIL,2022-10,W2,2022-10-14,TARGET_HISTORY,WPU0561,2022-06,2022-10-12
CRUDE_OIL,2022-10,W2,2022-10-14,TARGET_HISTORY,WPU0561,2022-07,2022-10-12
CRUDE_OIL,2022-10,W2,2022-10-14,TARGET_HISTORY,WPU0561,2022-08,2022-10-12
CRUDE_OIL,2022-10,W2,2022-10-14,TARGET_HISTORY,WPU0561,2022-09,2022-10-12
CRUDE_OIL,2022-10,W2,2022-10-14,MARKET_X,WPU0571,2022-05,2022-10-12
CRUDE_OIL,2022-10,W2,2022-10-14,MARKET_X,WPU0571,2022-06,2022-10-12
CRUDE_OIL,2022-10,W2,2022-10-14,MARKET_X,WPU0571,2022-07,2022-10-12
CRUDE_OIL,2022-10,W2,2022-10-14,MARKET_X,WPU0571,2022-08,2022-10-12
CRUDE_OIL,2022-10,W2,2022-10-14,MARKET_X,WPU0571,2022-09,2022-10-12
CRUDE_OIL,2022-10,W2,2022-10-14,MARKET_X,WPU0542,2022-05,2022-10-12
CRUDE_OIL,2022-10,W2,2022-10-14,MARKET_X,WPU0542,2022-06,2022-10-12
CRUDE_OIL,2022-10,W2,2022-10-14,MARKET_X,WPU0542,2022-07,2022-10-12
CRUDE_OIL,2022-10,W2,2022-10-14,MARKET_X,WPU0542,2022-08,2022-10-12
CRUDE_OIL,2022-10,W2,2022-10-14,MARKET_X,WPU0542,2022-09,2022-10-12
CRUDE_OIL,2022-11,W3,2022-11-21,TARGET_HISTORY,WPU0561,2022-06,2022-11-15
CRUDE_OIL,2022-11,W3,2022-11-21,TARGET_HISTORY,WPU0561,2022-07,2022-11-15
CRUDE_OIL,2022-11,W3,2022-11-21,TARGET_HISTORY,WPU0561,2022-08,2022-11-15
CRUDE_OIL,2022-11,W3,2022-11-21,TARGET_HISTORY,WPU0561,2022-09,2022-11-15
CRUDE_OIL,2022-11,W3,2022-11-21,TARGET_HISTORY,WPU0561,2022-10,2022-11-15
CRUDE_OIL,2022-11,W3,2022-11-21,MARKET_X,WPU0571,2022-06,2022-11-15
CRUDE_OIL,2022-11,W3,2022-11-21,MARKET_X,WPU0571,2022-07,2022-11-15
CRUDE_OIL,2022-11,W3,2022-11-21,MARKET_X,WPU0571,2022-08,2022-11-15
CRUDE_OIL,2022-11,W3,2022-11-21,MARKET_X,WPU0571,2022-09,2022-11-15
CRUDE_OIL,2022-11,W3,2022-11-21,MARKET_X,WPU0571,2022-10,2022-11-15
CRUDE_OIL,2022-11,W3,2022-11-21,MARKET_X,WPU0542,2022-06,2022-11-15
CRUDE_OIL,2022-11,W3,2022-11-21,MARKET_X,WPU0542,2022-07,2022-11-15
CRUDE_OIL,2022-11,W3,2022-11-21,MARKET_X,WPU0542,2022-08,2022-11-15
CRUDE_OIL,2022-11,W3,2022-11-21,MARKET_X,WPU0542,2022-09,2022-11-15
CRUDE_OIL,2022-11,W3,2022-11-21,MARKET_X,WPU0542,2022-10,2022-11-15
CRUDE_OIL,2022-12,W2,2022-12-14,TARGET_HISTORY,WPU0561,2022-07,2022-12-09
CRUDE_OIL,2022-12,W2,2022-12-14,TARGET_HISTORY,WPU0561,2022-08,2022-12-09
CRUDE_OIL,2022-12,W2,2022-12-14,TARGET_HISTORY,WPU0561,2022-09,2022-12-09
CRUDE_OIL,2022-12,W2,2022-12-14,TARGET_HISTORY,WPU0561,2022-10,2022-12-09
CRUDE_OIL,2022-12,W2,2022-12-14,TARGET_HISTORY,WPU0561,2022-11,2022-12-09
CRUDE_OIL,2022-12,W2,2022-12-14,MARKET_X,WPU0571,2022-07,2022-12-09
CRUDE_OIL,2022-12,W2,2022-12-14,MARKET_X,WPU0571,2022-08,2022-12-09
CRUDE_OIL,2022-12,W2,2022-12-14,MARKET_X,WPU0571,2022-09,2022-12-09
CRUDE_OIL,2022-12,W2,2022-12-14,MARKET_X,WPU0571,2022-10,2022-12-09
CRUDE_OIL,2022-12,W2,2022-12-14,MARKET_X,WPU0571,2022-11,2022-12-09
CRUDE_OIL,2022-12,W2,2022-12-14,MARKET_X,WPU0542,2022-07,2022-12-09
CRUDE_OIL,2022-12,W2,2022-12-14,MARKET_X,WPU0542,2022-08,2022-12-09
CRUDE_OIL,2022-12,W2,2022-12-14,MARKET_X,WPU0542,2022-09,2022-12-09
CRUDE_OIL,2022-12,W2,2022-12-14,MARKET_X,WPU0542,2022-10,2022-12-09
CRUDE_OIL,2022-12,W2,2022-12-14,MARKET_X,WPU0542,2022-11,2022-12-09
CRUDE_OIL,2023-01,W3,2023-01-21,TARGET_HISTORY,WPU0561,2022-08,2023-01-18
CRUDE_OIL,2023-01,W3,2023-01-21,TARGET_HISTORY,WPU0561,2022-09,2023-01-18
CRUDE_OIL,2023-01,W3,2023-01-21,TARGET_HISTORY,WPU0561,2022-10,2023-01-18
CRUDE_OIL,2023-01,W3,2023-01-21,TARGET_HISTORY,WPU0561,2022-11,2023-01-18
CRUDE_OIL,2023-01,W3,2023-01-21,TARGET_HISTORY,WPU0561,2022-12,2023-01-18
CRUDE_OIL,2023-01,W3,2023-01-21,MARKET_X,WPU0571,2022-08,2023-01-18
CRUDE_OIL,2023-01,W3,2023-01-21,MARKET_X,WPU0571,2022-09,2023-01-18
CRUDE_OIL,2023-01,W3,2023-01-21,MARKET_X,WPU0571,2022-10,2023-01-18
CRUDE_OIL,2023-01,W3,2023-01-21,MARKET_X,WPU0571,2022-11,2023-01-18
CRUDE_OIL,2023-01,W3,2023-01-21,MARKET_X,WPU0571,2022-12,2023-01-18
CRUDE_OIL,2023-01,W3,2023-01-21,MARKET_X,WPU0542,2022-08,2023-01-18
CRUDE_OIL,2023-01,W3,2023-01-21,MARKET_X,WPU0542,2022-09,2023-01-18
CRUDE_OIL,2023-01,W3,2023-01-21,MARKET_X,WPU0542,2022-10,2023-01-18
CRUDE_OIL,2023-01,W3,2023-01-21,MARKET_X,WPU0542,2022-11,2023-01-18
CRUDE_OIL,2023-01,W3,2023-01-21,MARKET_X,WPU0542,2022-12,2023-01-18
CRUDE_OIL,2023-02,W3,2023-02-21,TARGET_HISTORY,WPU0561,2022-09,2023-02-16
CRUDE_OIL,2023-02,W3,2023-02-21,TARGET_HISTORY,WPU0561,2022-10,2023-02-16
CRUDE_OIL,2023-02,W3,2023-02-21,TARGET_HISTORY,WPU0561,2022-11,2023-02-16
CRUDE_OIL,2023-02,W3,2023-02-21,TARGET_HISTORY,WPU0561,2022-12,2023-02-16
CRUDE_OIL,2023-02,W3,2023-02-21,TARGET_HISTORY,WPU0561,2023-01,2023-02-16
CRUDE_OIL,2023-02,W3,2023-02-21,MARKET_X,WPU0571,2022-09,2023-02-16
CRUDE_OIL,2023-02,W3,2023-02-21,MARKET_X,WPU0571,2022-10,2023-02-16
CRUDE_OIL,2023-02,W3,2023-02-21,MARKET_X,WPU0571,2022-11,2023-02-16
CRUDE_OIL,2023-02,W3,2023-02-21,MARKET_X,WPU0571,2022-12,2023-02-16
CRUDE_OIL,2023-02,W3,2023-02-21,MARKET_X,WPU0571,2023-01,2023-02-16
CRUDE_OIL,2023-02,W3,2023-02-21,MARKET_X,WPU0542,2022-09,2023-02-16
CRUDE_OIL,2023-02,W3,2023-02-21,MARKET_X,WPU0542,2022-10,2023-02-16
CRUDE_OIL,2023-02,W3,2023-02-21,MARKET_X,WPU0542,2022-11,2023-02-16
CRUDE_OIL,2023-02,W3,2023-02-21,MARKET_X,WPU0542,2022-12,2023-02-16
CRUDE_OIL,2023-02,W3,2023-02-21,MARKET_X,WPU0542,2023-01,2023-02-16
CRUDE_OIL,2023-03,W3,2023-03-21,TARGET_HISTORY,WPU0561,2022-10,2023-03-15
CRUDE_OIL,2023-03,W3,2023-03-21,TARGET_HISTORY,WPU0561,2022-11,2023-03-15
CRUDE_OIL,2023-03,W3,2023-03-21,TARGET_HISTORY,WPU0561,2022-12,2023-03-15
CRUDE_OIL,2023-03,W3,2023-03-21,TARGET_HISTORY,WPU0561,2023-01,2023-03-15
CRUDE_OIL,2023-03,W3,2023-03-21,TARGET_HISTORY,WPU0561,2023-02,2023-03-15
CRUDE_OIL,2023-03,W3,2023-03-21,MARKET_X,WPU0571,2022-10,2023-03-15
CRUDE_OIL,2023-03,W3,2023-03-21,MARKET_X,WPU0571,2022-11,2023-03-15
CRUDE_OIL,2023-03,W3,2023-03-21,MARKET_X,WPU0571,2022-12,2023-03-15
CRUDE_OIL,2023-03,W3,2023-03-21,MARKET_X,WPU0571,2023-01,2023-03-15
CRUDE_OIL,2023-03,W3,2023-03-21,MARKET_X,WPU0571,2023-02,2023-03-15
CRUDE_OIL,2023-03,W3,2023-03-21,MARKET_X,WPU0542,2022-10,2023-03-15
CRUDE_OIL,2023-03,W3,2023-03-21,MARKET_X,WPU0542,2022-11,2023-03-15
CRUDE_OIL,2023-03,W3,2023-03-21,MARKET_X,WPU0542,2022-12,2023-03-15
CRUDE_OIL,2023-03,W3,2023-03-21,MARKET_X,WPU0542,2023-01,2023-03-15
CRUDE_OIL,2023-03,W3,2023-03-21,MARKET_X,WPU0542,2023-02,2023-03-15
CRUDE_OIL,2023-04,W2,2023-04-14,TARGET_HISTORY,WPU0561,2022-11,2023-04-13
CRUDE_OIL,2023-04,W2,2023-04-14,TARGET_HISTORY,WPU0561,2022-12,2023-04-13
CRUDE_OIL,2023-04,W2,2023-04-14,TARGET_HISTORY,WPU0561,2023-01,2023-04-13
CRUDE_OIL,2023-04,W2,2023-04-14,TARGET_HISTORY,WPU0561,2023-02,2023-04-13
CRUDE_OIL,2023-04,W2,2023-04-14,TARGET_HISTORY,WPU0561,2023-03,2023-04-13
CRUDE_OIL,2023-04,W2,2023-04-14,MARKET_X,WPU0571,2022-11,2023-04-13
CRUDE_OIL,2023-04,W2,2023-04-14,MARKET_X,WPU0571,2022-12,2023-04-13
CRUDE_OIL,2023-04,W2,2023-04-14,MARKET_X,WPU0571,2023-01,2023-04-13
CRUDE_OIL,2023-04,W2,2023-04-14,MARKET_X,WPU0571,2023-02,2023-04-13
CRUDE_OIL,2023-04,W2,2023-04-14,MARKET_X,WPU0571,2023-03,2023-04-13
CRUDE_OIL,2023-04,W2,2023-04-14,MARKET_X,WPU0542,2022-11,2023-04-13
CRUDE_OIL,2023-04,W2,2023-04-14,MARKET_X,WPU0542,2022-12,2023-04-13
CRUDE_OIL,2023-04,W2,2023-04-14,MARKET_X,WPU0542,2023-01,2023-04-13
CRUDE_OIL,2023-04,W2,2023-04-14,MARKET_X,WPU0542,2023-02,2023-04-13
CRUDE_OIL,2023-04,W2,2023-04-14,MARKET_X,WPU0542,2023-03,2023-04-13
CRUDE_OIL,2023-05,W2,2023-05-14,TARGET_HISTORY,WPU0561,2022-12,2023-05-11
CRUDE_OIL,2023-05,W2,2023-05-14,TARGET_HISTORY,WPU0561,2023-01,2023-05-11
CRUDE_OIL,2023-05,W2,2023-05-14,TARGET_HISTORY,WPU0561,2023-02,2023-05-11
CRUDE_OIL,2023-05,W2,2023-05-14,TARGET_HISTORY,WPU0561,2023-03,2023-05-11
CRUDE_OIL,2023-05,W2,2023-05-14,TARGET_HISTORY,WPU0561,2023-04,2023-05-11
CRUDE_OIL,2023-05,W2,2023-05-14,MARKET_X,WPU0571,2022-12,2023-05-11
CRUDE_OIL,2023-05,W2,2023-05-14,MARKET_X,WPU0571,2023-01,2023-05-11
CRUDE_OIL,2023-05,W2,2023-05-14,MARKET_X,WPU0571,2023-02,2023-05-11
CRUDE_OIL,2023-05,W2,2023-05-14,MARKET_X,WPU0571,2023-03,2023-05-11
CRUDE_OIL,2023-05,W2,2023-05-14,MARKET_X,WPU0571,2023-04,2023-05-11
CRUDE_OIL,2023-05,W2,2023-05-14,MARKET_X,WPU0542,2022-12,2023-05-11
CRUDE_OIL,2023-05,W2,2023-05-14,MARKET_X,WPU0542,2023-01,2023-05-11
CRUDE_OIL,2023-05,W2,2023-05-14,MARKET_X,WPU0542,2023-02,2023-05-11
CRUDE_OIL,2023-05,W2,2023-05-14,MARKET_X,WPU0542,2023-03,2023-05-11
CRUDE_OIL,2023-05,W2,2023-05-14,MARKET_X,WPU0542,2023-04,2023-05-11
CRUDE_OIL,2023-06,W2,2023-06-14,TARGET_HISTORY,WPU0561,2023-01,2023-06-14
CRUDE_OIL,2023-06,W2,2023-06-14,TARGET_HISTORY,WPU0561,2023-02,2023-06-14
CRUDE_OIL,2023-06,W2,2023-06-14,TARGET_HISTORY,WPU0561,2023-03,2023-06-14
CRUDE_OIL,2023-06,W2,2023-06-14,TARGET_HISTORY,WPU0561,2023-04,2023-06-14
CRUDE_OIL,2023-06,W2,2023-06-14,TARGET_HISTORY,WPU0561,2023-05,2023-06-14
CRUDE_OIL,2023-06,W2,2023-06-14,MARKET_X,WPU0571,2023-01,2023-06-14
CRUDE_OIL,2023-06,W2,2023-06-14,MARKET_X,WPU0571,2023-02,2023-06-14
CRUDE_OIL,2023-06,W2,2023-06-14,MARKET_X,WPU0571,2023-03,2023-06-14
CRUDE_OIL,2023-06,W2,2023-06-14,MARKET_X,WPU0571,2023-04,2023-06-14
CRUDE_OIL,2023-06,W2,2023-06-14,MARKET_X,WPU0571,2023-05,2023-06-14
CRUDE_OIL,2023-06,W2,2023-06-14,MARKET_X,WPU0542,2023-01,2023-06-14
CRUDE_OIL,2023-06,W2,2023-06-14,MARKET_X,WPU0542,2023-02,2023-06-14
CRUDE_OIL,2023-06,W2,2023-06-14,MARKET_X,WPU0542,2023-03,2023-06-14
CRUDE_OIL,2023-06,W2,2023-06-14,MARKET_X,WPU0542,2023-04,2023-06-14
CRUDE_OIL,2023-06,W2,2023-06-14,MARKET_X,WPU0542,2023-05,2023-06-14
CRUDE_OIL,2023-07,W2,2023-07-14,TARGET_HISTORY,WPU0561,2023-02,2023-07-13
CRUDE_OIL,2023-07,W2,2023-07-14,TARGET_HISTORY,WPU0561,2023-03,2023-07-13
CRUDE_OIL,2023-07,W2,2023-07-14,TARGET_HISTORY,WPU0561,2023-04,2023-07-13
CRUDE_OIL,2023-07,W2,2023-07-14,TARGET_HISTORY,WPU0561,2023-05,2023-07-13
CRUDE_OIL,2023-07,W2,2023-07-14,TARGET_HISTORY,WPU0561,2023-06,2023-07-13
CRUDE_OIL,2023-07,W2,2023-07-14,MARKET_X,WPU0571,2023-02,2023-07-13
CRUDE_OIL,2023-07,W2,2023-07-14,MARKET_X,WPU0571,2023-03,2023-07-13
CRUDE_OIL,2023-07,W2,2023-07-14,MARKET_X,WPU0571,2023-04,2023-07-13
CRUDE_OIL,2023-07,W2,2023-07-14,MARKET_X,WPU0571,2023-05,2023-07-13
CRUDE_OIL,2023-07,W2,2023-07-14,MARKET_X,WPU0571,2023-06,2023-07-13
CRUDE_OIL,2023-07,W2,2023-07-14,MARKET_X,WPU0542,2023-02,2023-07-13
CRUDE_OIL,2023-07,W2,2023-07-14,MARKET_X,WPU0542,2023-03,2023-07-13
CRUDE_OIL,2023-07,W2,2023-07-14,MARKET_X,WPU0542,2023-04,2023-07-13
CRUDE_OIL,2023-07,W2,2023-07-14,MARKET_X,WPU0542,2023-05,2023-07-13
CRUDE_OIL,2023-07,W2,2023-07-14,MARKET_X,WPU0542,2023-06,2023-07-13
CRUDE_OIL,2023-08,W2,2023-08-14,TARGET_HISTORY,WPU0561,2023-03,2023-08-11
CRUDE_OIL,2023-08,W2,2023-08-14,TARGET_HISTORY,WPU0561,2023-04,2023-08-11
CRUDE_OIL,2023-08,W2,2023-08-14,TARGET_HISTORY,WPU0561,2023-05,2023-08-11
CRUDE_OIL,2023-08,W2,2023-08-14,TARGET_HISTORY,WPU0561,2023-06,2023-08-11
CRUDE_OIL,2023-08,W2,2023-08-14,TARGET_HISTORY,WPU0561,2023-07,2023-08-11
CRUDE_OIL,2023-08,W2,2023-08-14,MARKET_X,WPU0571,2023-03,2023-08-11
CRUDE_OIL,2023-08,W2,2023-08-14,MARKET_X,WPU0571,2023-04,2023-08-11
CRUDE_OIL,2023-08,W2,2023-08-14,MARKET_X,WPU0571,2023-05,2023-08-11
CRUDE_OIL,2023-08,W2,2023-08-14,MARKET_X,WPU0571,2023-06,2023-08-11
CRUDE_OIL,2023-08,W2,2023-08-14,MARKET_X,WPU0571,2023-07,2023-08-11
CRUDE_OIL,2023-08,W2,2023-08-14,MARKET_X,WPU0542,2023-03,2023-08-11
CRUDE_OIL,2023-08,W2,2023-08-14,MARKET_X,WPU0542,2023-04,2023-08-11
CRUDE_OIL,2023-08,W2,2023-08-14,MARKET_X,WPU0542,2023-05,2023-08-11
CRUDE_OIL,2023-08,W2,2023-08-14,MARKET_X,WPU0542,2023-06,2023-08-11
CRUDE_OIL,2023-08,W2,2023-08-14,MARKET_X,WPU0542,2023-07,2023-08-11
CRUDE_OIL,2023-09,W2,2023-09-14,TARGET_HISTORY,WPU0561,2023-04,2023-09-14
CRUDE_OIL,2023-09,W2,2023-09-14,TARGET_HISTORY,WPU0561,2023-05,2023-09-14
CRUDE_OIL,2023-09,W2,2023-09-14,TARGET_HISTORY,WPU0561,2023-06,2023-09-14
CRUDE_OIL,2023-09,W2,2023-09-14,TARGET_HISTORY,WPU0561,2023-07,2023-09-14
CRUDE_OIL,2023-09,W2,2023-09-14,TARGET_HISTORY,WPU0561,2023-08,2023-09-14
CRUDE_OIL,2023-09,W2,2023-09-14,MARKET_X,WPU0571,2023-04,2023-09-14
CRUDE_OIL,2023-09,W2,2023-09-14,MARKET_X,WPU0571,2023-05,2023-09-14
CRUDE_OIL,2023-09,W2,2023-09-14,MARKET_X,WPU0571,2023-06,2023-09-14
CRUDE_OIL,2023-09,W2,2023-09-14,MARKET_X,WPU0571,2023-07,2023-09-14
CRUDE_OIL,2023-09,W2,2023-09-14,MARKET_X,WPU0571,2023-08,2023-09-14
CRUDE_OIL,2023-09,W2,2023-09-14,MARKET_X,WPU0542,2023-04,2023-09-14
CRUDE_OIL,2023-09,W2,2023-09-14,MARKET_X,WPU0542,2023-05,2023-09-14
CRUDE_OIL,2023-09,W2,2023-09-14,MARKET_X,WPU0542,2023-06,2023-09-14
CRUDE_OIL,2023-09,W2,2023-09-14,MARKET_X,WPU0542,2023-07,2023-09-14
CRUDE_OIL,2023-09,W2,2023-09-14,MARKET_X,WPU0542,2023-08,2023-09-14
CRUDE_OIL,2023-10,W2,2023-10-14,TARGET_HISTORY,WPU0561,2023-05,2023-10-11
CRUDE_OIL,2023-10,W2,2023-10-14,TARGET_HISTORY,WPU0561,2023-06,2023-10-11
CRUDE_OIL,2023-10,W2,2023-10-14,TARGET_HISTORY,WPU0561,2023-07,2023-10-11
CRUDE_OIL,2023-10,W2,2023-10-14,TARGET_HISTORY,WPU0561,2023-08,2023-10-11
CRUDE_OIL,2023-10,W2,2023-10-14,TARGET_HISTORY,WPU0561,2023-09,2023-10-11
CRUDE_OIL,2023-10,W2,2023-10-14,MARKET_X,WPU0571,2023-05,2023-10-11
CRUDE_OIL,2023-10,W2,2023-10-14,MARKET_X,WPU0571,2023-06,2023-10-11
CRUDE_OIL,2023-10,W2,2023-10-14,MARKET_X,WPU0571,2023-07,2023-10-11
CRUDE_OIL,2023-10,W2,2023-10-14,MARKET_X,WPU0571,2023-08,2023-10-11
CRUDE_OIL,2023-10,W2,2023-10-14,MARKET_X,WPU0571,2023-09,2023-10-11
CRUDE_OIL,2023-10,W2,2023-10-14,MARKET_X,WPU0542,2023-05,2023-10-11
CRUDE_OIL,2023-10,W2,2023-10-14,MARKET_X,WPU0542,2023-06,2023-10-11
CRUDE_OIL,2023-10,W2,2023-10-14,MARKET_X,WPU0542,2023-07,2023-10-11
CRUDE_OIL,2023-10,W2,2023-10-14,MARKET_X,WPU0542,2023-08,2023-10-11
CRUDE_OIL,2023-10,W2,2023-10-14,MARKET_X,WPU0542,2023-09,2023-10-11
CRUDE_OIL,2023-11,W3,2023-11-21,TARGET_HISTORY,WPU0561,2023-06,2023-11-15
CRUDE_OIL,2023-11,W3,2023-11-21,TARGET_HISTORY,WPU0561,2023-07,2023-11-15
CRUDE_OIL,2023-11,W3,2023-11-21,TARGET_HISTORY,WPU0561,2023-08,2023-11-15
CRUDE_OIL,2023-11,W3,2023-11-21,TARGET_HISTORY,WPU0561,2023-09,2023-11-15
CRUDE_OIL,2023-11,W3,2023-11-21,TARGET_HISTORY,WPU0561,2023-10,2023-11-15
CRUDE_OIL,2023-11,W3,2023-11-21,MARKET_X,WPU0571,2023-06,2023-11-15
CRUDE_OIL,2023-11,W3,2023-11-21,MARKET_X,WPU0571,2023-07,2023-11-15
CRUDE_OIL,2023-11,W3,2023-11-21,MARKET_X,WPU0571,2023-08,2023-11-15
CRUDE_OIL,2023-11,W3,2023-11-21,MARKET_X,WPU0571,2023-09,2023-11-15
CRUDE_OIL,2023-11,W3,2023-11-21,MARKET_X,WPU0571,2023-10,2023-11-15
CRUDE_OIL,2023-11,W3,2023-11-21,MARKET_X,WPU0542,2023-06,2023-11-15
CRUDE_OIL,2023-11,W3,2023-11-21,MARKET_X,WPU0542,2023-07,2023-11-15
CRUDE_OIL,2023-11,W3,2023-11-21,MARKET_X,WPU0542,2023-08,2023-11-15
CRUDE_OIL,2023-11,W3,2023-11-21,MARKET_X,WPU0542,2023-09,2023-11-15
CRUDE_OIL,2023-11,W3,2023-11-21,MARKET_X,WPU0542,2023-10,2023-11-15
CRUDE_OIL,2023-12,W2,2023-12-14,TARGET_HISTORY,WPU0561,2023-07,2023-12-13
CRUDE_OIL,2023-12,W2,2023-12-14,TARGET_HISTORY,WPU0561,2023-08,2023-12-13
CRUDE_OIL,2023-12,W2,2023-12-14,TARGET_HISTORY,WPU0561,2023-09,2023-12-13
CRUDE_OIL,2023-12,W2,2023-12-14,TARGET_HISTORY,WPU0561,2023-10,2023-12-13
CRUDE_OIL,2023-12,W2,2023-12-14,TARGET_HISTORY,WPU0561,2023-11,2023-12-13
CRUDE_OIL,2023-12,W2,2023-12-14,MARKET_X,WPU0571,2023-07,2023-12-13
CRUDE_OIL,2023-12,W2,2023-12-14,MARKET_X,WPU0571,2023-08,2023-12-13
CRUDE_OIL,2023-12,W2,2023-12-14,MARKET_X,WPU0571,2023-09,2023-12-13
CRUDE_OIL,2023-12,W2,2023-12-14,MARKET_X,WPU0571,2023-10,2023-12-13
CRUDE_OIL,2023-12,W2,2023-12-14,MARKET_X,WPU0571,2023-11,2023-12-13
CRUDE_OIL,2023-12,W2,2023-12-14,MARKET_X,WPU0542,2023-07,2023-12-13
CRUDE_OIL,2023-12,W2,2023-12-14,MARKET_X,WPU0542,2023-08,2023-12-13
CRUDE_OIL,2023-12,W2,2023-12-14,MARKET_X,WPU0542,2023-09,2023-12-13
CRUDE_OIL,2023-12,W2,2023-12-14,MARKET_X,WPU0542,2023-10,2023-12-13
CRUDE_OIL,2023-12,W2,2023-12-14,MARKET_X,WPU0542,2023-11,2023-12-13
CRUDE_OIL,2024-01,W2,2024-01-14,TARGET_HISTORY,WPU0561,2023-08,2024-01-12
CRUDE_OIL,2024-01,W2,2024-01-14,TARGET_HISTORY,WPU0561,2023-09,2024-01-12
CRUDE_OIL,2024-01,W2,2024-01-14,TARGET_HISTORY,WPU0561,2023-10,2024-01-12
CRUDE_OIL,2024-01,W2,2024-01-14,TARGET_HISTORY,WPU0561,2023-11,2024-01-12
CRUDE_OIL,2024-01,W2,2024-01-14,TARGET_HISTORY,WPU0561,2023-12,2024-01-12
CRUDE_OIL,2024-01,W2,2024-01-14,MARKET_X,WPU0571,2023-08,2024-01-12
CRUDE_OIL,2024-01,W2,2024-01-14,MARKET_X,WPU0571,2023-09,2024-01-12
CRUDE_OIL,2024-01,W2,2024-01-14,MARKET_X,WPU0571,2023-10,2024-01-12
CRUDE_OIL,2024-01,W2,2024-01-14,MARKET_X,WPU0571,2023-11,2024-01-12
CRUDE_OIL,2024-01,W2,2024-01-14,MARKET_X,WPU0571,2023-12,2024-01-12
CRUDE_OIL,2024-01,W2,2024-01-14,MARKET_X,WPU0542,2023-08,2024-01-12
CRUDE_OIL,2024-01,W2,2024-01-14,MARKET_X,WPU0542,2023-09,2024-01-12
CRUDE_OIL,2024-01,W2,2024-01-14,MARKET_X,WPU0542,2023-10,2024-01-12
CRUDE_OIL,2024-01,W2,2024-01-14,MARKET_X,WPU0542,2023-11,2024-01-12
CRUDE_OIL,2024-01,W2,2024-01-14,MARKET_X,WPU0542,2023-12,2024-01-12
CRUDE_OIL,2024-02,W3,2024-02-21,TARGET_HISTORY,WPU0561,2023-09,2024-02-16
CRUDE_OIL,2024-02,W3,2024-02-21,TARGET_HISTORY,WPU0561,2023-10,2024-02-16
CRUDE_OIL,2024-02,W3,2024-02-21,TARGET_HISTORY,WPU0561,2023-11,2024-02-16
CRUDE_OIL,2024-02,W3,2024-02-21,TARGET_HISTORY,WPU0561,2023-12,2024-02-16
CRUDE_OIL,2024-02,W3,2024-02-21,TARGET_HISTORY,WPU0561,2024-01,2024-02-16
CRUDE_OIL,2024-02,W3,2024-02-21,MARKET_X,WPU0571,2023-09,2024-02-16
CRUDE_OIL,2024-02,W3,2024-02-21,MARKET_X,WPU0571,2023-10,2024-02-16
CRUDE_OIL,2024-02,W3,2024-02-21,MARKET_X,WPU0571,2023-11,2024-02-16
CRUDE_OIL,2024-02,W3,2024-02-21,MARKET_X,WPU0571,2023-12,2024-02-16
CRUDE_OIL,2024-02,W3,2024-02-21,MARKET_X,WPU0571,2024-01,2024-02-16
CRUDE_OIL,2024-02,W3,2024-02-21,MARKET_X,WPU0542,2023-09,2024-02-16
CRUDE_OIL,2024-02,W3,2024-02-21,MARKET_X,WPU0542,2023-10,2024-02-16
CRUDE_OIL,2024-02,W3,2024-02-21,MARKET_X,WPU0542,2023-11,2024-02-16
CRUDE_OIL,2024-02,W3,2024-02-21,MARKET_X,WPU0542,2023-12,2024-02-16
CRUDE_OIL,2024-02,W3,2024-02-21,MARKET_X,WPU0542,2024-01,2024-02-16
CRUDE_OIL,2024-03,W2,2024-03-14,TARGET_HISTORY,WPU0561,2023-10,2024-03-14
CRUDE_OIL,2024-03,W2,2024-03-14,TARGET_HISTORY,WPU0561,2023-11,2024-03-14
CRUDE_OIL,2024-03,W2,2024-03-14,TARGET_HISTORY,WPU0561,2023-12,2024-03-14
CRUDE_OIL,2024-03,W2,2024-03-14,TARGET_HISTORY,WPU0561,2024-01,2024-03-14
CRUDE_OIL,2024-03,W2,2024-03-14,TARGET_HISTORY,WPU0561,2024-02,2024-03-14
CRUDE_OIL,2024-03,W2,2024-03-14,MARKET_X,WPU0571,2023-10,2024-03-14
CRUDE_OIL,2024-03,W2,2024-03-14,MARKET_X,WPU0571,2023-11,2024-03-14
CRUDE_OIL,2024-03,W2,2024-03-14,MARKET_X,WPU0571,2023-12,2024-03-14
CRUDE_OIL,2024-03,W2,2024-03-14,MARKET_X,WPU0571,2024-01,2024-03-14
CRUDE_OIL,2024-03,W2,2024-03-14,MARKET_X,WPU0571,2024-02,2024-03-14
CRUDE_OIL,2024-03,W2,2024-03-14,MARKET_X,WPU0542,2023-10,2024-03-14
CRUDE_OIL,2024-03,W2,2024-03-14,MARKET_X,WPU0542,2023-11,2024-03-14
CRUDE_OIL,2024-03,W2,2024-03-14,MARKET_X,WPU0542,2023-12,2024-03-14
CRUDE_OIL,2024-03,W2,2024-03-14,MARKET_X,WPU0542,2024-01,2024-03-14
CRUDE_OIL,2024-03,W2,2024-03-14,MARKET_X,WPU0542,2024-02,2024-03-14
CRUDE_OIL,2024-04,W2,2024-04-14,TARGET_HISTORY,WPU0561,2023-11,2024-04-11
CRUDE_OIL,2024-04,W2,2024-04-14,TARGET_HISTORY,WPU0561,2023-12,2024-04-11
CRUDE_OIL,2024-04,W2,2024-04-14,TARGET_HISTORY,WPU0561,2024-01,2024-04-11
CRUDE_OIL,2024-04,W2,2024-04-14,TARGET_HISTORY,WPU0561,2024-02,2024-04-11
CRUDE_OIL,2024-04,W2,2024-04-14,TARGET_HISTORY,WPU0561,2024-03,2024-04-11
CRUDE_OIL,2024-04,W2,2024-04-14,MARKET_X,WPU0571,2023-11,2024-04-11
CRUDE_OIL,2024-04,W2,2024-04-14,MARKET_X,WPU0571,2023-12,2024-04-11
CRUDE_OIL,2024-04,W2,2024-04-14,MARKET_X,WPU0571,2024-01,2024-04-11
CRUDE_OIL,2024-04,W2,2024-04-14,MARKET_X,WPU0571,2024-02,2024-04-11
CRUDE_OIL,2024-04,W2,2024-04-14,MARKET_X,WPU0571,2024-03,2024-04-11
CRUDE_OIL,2024-04,W2,2024-04-14,MARKET_X,WPU0542,2023-11,2024-04-11
CRUDE_OIL,2024-04,W2,2024-04-14,MARKET_X,WPU0542,2023-12,2024-04-11
CRUDE_OIL,2024-04,W2,2024-04-14,MARKET_X,WPU0542,2024-01,2024-04-11
CRUDE_OIL,2024-04,W2,2024-04-14,MARKET_X,WPU0542,2024-02,2024-04-11
CRUDE_OIL,2024-04,W2,2024-04-14,MARKET_X,WPU0542,2024-03,2024-04-11
CRUDE_OIL,2024-05,W2,2024-05-14,TARGET_HISTORY,WPU0561,2023-12,2024-05-14
CRUDE_OIL,2024-05,W2,2024-05-14,TARGET_HISTORY,WPU0561,2024-01,2024-05-14
CRUDE_OIL,2024-05,W2,2024-05-14,TARGET_HISTORY,WPU0561,2024-02,2024-05-14
CRUDE_OIL,2024-05,W2,2024-05-14,TARGET_HISTORY,WPU0561,2024-03,2024-05-14
CRUDE_OIL,2024-05,W2,2024-05-14,TARGET_HISTORY,WPU0561,2024-04,2024-05-14
CRUDE_OIL,2024-05,W2,2024-05-14,MARKET_X,WPU0571,2023-12,2024-05-14
CRUDE_OIL,2024-05,W2,2024-05-14,MARKET_X,WPU0571,2024-01,2024-05-14
CRUDE_OIL,2024-05,W2,2024-05-14,MARKET_X,WPU0571,2024-02,2024-05-14
CRUDE_OIL,2024-05,W2,2024-05-14,MARKET_X,WPU0571,2024-03,2024-05-14
CRUDE_OIL,2024-05,W2,2024-05-14,MARKET_X,WPU0571,2024-04,2024-05-14
CRUDE_OIL,2024-05,W2,2024-05-14,MARKET_X,WPU0542,2023-12,2024-05-14
CRUDE_OIL,2024-05,W2,2024-05-14,MARKET_X,WPU0542,2024-01,2024-05-14
CRUDE_OIL,2024-05,W2,2024-05-14,MARKET_X,WPU0542,2024-02,2024-05-14
CRUDE_OIL,2024-05,W2,2024-05-14,MARKET_X,WPU0542,2024-03,2024-05-14
CRUDE_OIL,2024-05,W2,2024-05-14,MARKET_X,WPU0542,2024-04,2024-05-14
CRUDE_OIL,2024-06,W2,2024-06-14,TARGET_HISTORY,WPU0561,2024-01,2024-06-13
CRUDE_OIL,2024-06,W2,2024-06-14,TARGET_HISTORY,WPU0561,2024-02,2024-06-13
CRUDE_OIL,2024-06,W2,2024-06-14,TARGET_HISTORY,WPU0561,2024-03,2024-06-13
CRUDE_OIL,2024-06,W2,2024-06-14,TARGET_HISTORY,WPU0561,2024-04,2024-06-13
CRUDE_OIL,2024-06,W2,2024-06-14,TARGET_HISTORY,WPU0561,2024-05,2024-06-13
CRUDE_OIL,2024-06,W2,2024-06-14,MARKET_X,WPU0571,2024-01,2024-06-13
CRUDE_OIL,2024-06,W2,2024-06-14,MARKET_X,WPU0571,2024-02,2024-06-13
CRUDE_OIL,2024-06,W2,2024-06-14,MARKET_X,WPU0571,2024-03,2024-06-13
CRUDE_OIL,2024-06,W2,2024-06-14,MARKET_X,WPU0571,2024-04,2024-06-13
CRUDE_OIL,2024-06,W2,2024-06-14,MARKET_X,WPU0571,2024-05,2024-06-13
CRUDE_OIL,2024-06,W2,2024-06-14,MARKET_X,WPU0542,2024-01,2024-06-13
CRUDE_OIL,2024-06,W2,2024-06-14,MARKET_X,WPU0542,2024-02,2024-06-13
CRUDE_OIL,2024-06,W2,2024-06-14,MARKET_X,WPU0542,2024-03,2024-06-13
CRUDE_OIL,2024-06,W2,2024-06-14,MARKET_X,WPU0542,2024-04,2024-06-13
CRUDE_OIL,2024-06,W2,2024-06-14,MARKET_X,WPU0542,2024-05,2024-06-13
CRUDE_OIL,2024-07,W2,2024-07-14,TARGET_HISTORY,WPU0561,2024-02,2024-07-12
CRUDE_OIL,2024-07,W2,2024-07-14,TARGET_HISTORY,WPU0561,2024-03,2024-07-12
CRUDE_OIL,2024-07,W2,2024-07-14,TARGET_HISTORY,WPU0561,2024-04,2024-07-12
CRUDE_OIL,2024-07,W2,2024-07-14,TARGET_HISTORY,WPU0561,2024-05,2024-07-12
CRUDE_OIL,2024-07,W2,2024-07-14,TARGET_HISTORY,WPU0561,2024-06,2024-07-12
CRUDE_OIL,2024-07,W2,2024-07-14,MARKET_X,WPU0571,2024-02,2024-07-12
CRUDE_OIL,2024-07,W2,2024-07-14,MARKET_X,WPU0571,2024-03,2024-07-12
CRUDE_OIL,2024-07,W2,2024-07-14,MARKET_X,WPU0571,2024-04,2024-07-12
CRUDE_OIL,2024-07,W2,2024-07-14,MARKET_X,WPU0571,2024-05,2024-07-12
CRUDE_OIL,2024-07,W2,2024-07-14,MARKET_X,WPU0571,2024-06,2024-07-12
CRUDE_OIL,2024-07,W2,2024-07-14,MARKET_X,WPU0542,2024-02,2024-07-12
CRUDE_OIL,2024-07,W2,2024-07-14,MARKET_X,WPU0542,2024-03,2024-07-12
CRUDE_OIL,2024-07,W2,2024-07-14,MARKET_X,WPU0542,2024-04,2024-07-12
CRUDE_OIL,2024-07,W2,2024-07-14,MARKET_X,WPU0542,2024-05,2024-07-12
CRUDE_OIL,2024-07,W2,2024-07-14,MARKET_X,WPU0542,2024-06,2024-07-12
CRUDE_OIL,2024-08,W2,2024-08-14,TARGET_HISTORY,WPU0561,2024-03,2024-08-13
CRUDE_OIL,2024-08,W2,2024-08-14,TARGET_HISTORY,WPU0561,2024-04,2024-08-13
CRUDE_OIL,2024-08,W2,2024-08-14,TARGET_HISTORY,WPU0561,2024-05,2024-08-13
CRUDE_OIL,2024-08,W2,2024-08-14,TARGET_HISTORY,WPU0561,2024-06,2024-08-13
CRUDE_OIL,2024-08,W2,2024-08-14,TARGET_HISTORY,WPU0561,2024-07,2024-08-13
CRUDE_OIL,2024-08,W2,2024-08-14,MARKET_X,WPU0571,2024-03,2024-08-13
CRUDE_OIL,2024-08,W2,2024-08-14,MARKET_X,WPU0571,2024-04,2024-08-13
CRUDE_OIL,2024-08,W2,2024-08-14,MARKET_X,WPU0571,2024-05,2024-08-13
CRUDE_OIL,2024-08,W2,2024-08-14,MARKET_X,WPU0571,2024-06,2024-08-13
CRUDE_OIL,2024-08,W2,2024-08-14,MARKET_X,WPU0571,2024-07,2024-08-13
CRUDE_OIL,2024-08,W2,2024-08-14,MARKET_X,WPU0542,2024-03,2024-08-13
CRUDE_OIL,2024-08,W2,2024-08-14,MARKET_X,WPU0542,2024-04,2024-08-13
CRUDE_OIL,2024-08,W2,2024-08-14,MARKET_X,WPU0542,2024-05,2024-08-13
CRUDE_OIL,2024-08,W2,2024-08-14,MARKET_X,WPU0542,2024-06,2024-08-13
CRUDE_OIL,2024-08,W2,2024-08-14,MARKET_X,WPU0542,2024-07,2024-08-13
CRUDE_OIL,2024-09,W2,2024-09-14,TARGET_HISTORY,WPU0561,2024-04,2024-09-12
CRUDE_OIL,2024-09,W2,2024-09-14,TARGET_HISTORY,WPU0561,2024-05,2024-09-12
CRUDE_OIL,2024-09,W2,2024-09-14,TARGET_HISTORY,WPU0561,2024-06,2024-09-12
CRUDE_OIL,2024-09,W2,2024-09-14,TARGET_HISTORY,WPU0561,2024-07,2024-09-12
CRUDE_OIL,2024-09,W2,2024-09-14,TARGET_HISTORY,WPU0561,2024-08,2024-09-12
CRUDE_OIL,2024-09,W2,2024-09-14,MARKET_X,WPU0571,2024-04,2024-09-12
CRUDE_OIL,2024-09,W2,2024-09-14,MARKET_X,WPU0571,2024-05,2024-09-12
CRUDE_OIL,2024-09,W2,2024-09-14,MARKET_X,WPU0571,2024-06,2024-09-12
CRUDE_OIL,2024-09,W2,2024-09-14,MARKET_X,WPU0571,2024-07,2024-09-12
CRUDE_OIL,2024-09,W2,2024-09-14,MARKET_X,WPU0571,2024-08,2024-09-12
CRUDE_OIL,2024-09,W2,2024-09-14,MARKET_X,WPU0542,2024-04,2024-09-12
CRUDE_OIL,2024-09,W2,2024-09-14,MARKET_X,WPU0542,2024-05,2024-09-12
CRUDE_OIL,2024-09,W2,2024-09-14,MARKET_X,WPU0542,2024-06,2024-09-12
CRUDE_OIL,2024-09,W2,2024-09-14,MARKET_X,WPU0542,2024-07,2024-09-12
CRUDE_OIL,2024-09,W2,2024-09-14,MARKET_X,WPU0542,2024-08,2024-09-12
CRUDE_OIL,2024-10,W2,2024-10-14,TARGET_HISTORY,WPU0561,2024-05,2024-10-11
CRUDE_OIL,2024-10,W2,2024-10-14,TARGET_HISTORY,WPU0561,2024-06,2024-10-11
CRUDE_OIL,2024-10,W2,2024-10-14,TARGET_HISTORY,WPU0561,2024-07,2024-10-11
CRUDE_OIL,2024-10,W2,2024-10-14,TARGET_HISTORY,WPU0561,2024-08,2024-10-11
CRUDE_OIL,2024-10,W2,2024-10-14,TARGET_HISTORY,WPU0561,2024-09,2024-10-11
CRUDE_OIL,2024-10,W2,2024-10-14,MARKET_X,WPU0571,2024-05,2024-10-11
CRUDE_OIL,2024-10,W2,2024-10-14,MARKET_X,WPU0571,2024-06,2024-10-11
CRUDE_OIL,2024-10,W2,2024-10-14,MARKET_X,WPU0571,2024-07,2024-10-11
CRUDE_OIL,2024-10,W2,2024-10-14,MARKET_X,WPU0571,2024-08,2024-10-11
CRUDE_OIL,2024-10,W2,2024-10-14,MARKET_X,WPU0571,2024-09,2024-10-11
CRUDE_OIL,2024-10,W2,2024-10-14,MARKET_X,WPU0542,2024-05,2024-10-11
CRUDE_OIL,2024-10,W2,2024-10-14,MARKET_X,WPU0542,2024-06,2024-10-11
CRUDE_OIL,2024-10,W2,2024-10-14,MARKET_X,WPU0542,2024-07,2024-10-11
CRUDE_OIL,2024-10,W2,2024-10-14,MARKET_X,WPU0542,2024-08,2024-10-11
CRUDE_OIL,2024-10,W2,2024-10-14,MARKET_X,WPU0542,2024-09,2024-10-11
CRUDE_OIL,2024-11,W2,2024-11-14,TARGET_HISTORY,WPU0561,2024-06,2024-11-14
CRUDE_OIL,2024-11,W2,2024-11-14,TARGET_HISTORY,WPU0561,2024-07,2024-11-14
CRUDE_OIL,2024-11,W2,2024-11-14,TARGET_HISTORY,WPU0561,2024-08,2024-11-14
CRUDE_OIL,2024-11,W2,2024-11-14,TARGET_HISTORY,WPU0561,2024-09,2024-11-14
CRUDE_OIL,2024-11,W2,2024-11-14,TARGET_HISTORY,WPU0561,2024-10,2024-11-14
CRUDE_OIL,2024-11,W2,2024-11-14,MARKET_X,WPU0571,2024-06,2024-11-14
CRUDE_OIL,2024-11,W2,2024-11-14,MARKET_X,WPU0571,2024-07,2024-11-14
CRUDE_OIL,2024-11,W2,2024-11-14,MARKET_X,WPU0571,2024-08,2024-11-14
CRUDE_OIL,2024-11,W2,2024-11-14,MARKET_X,WPU0571,2024-09,2024-11-14
CRUDE_OIL,2024-11,W2,2024-11-14,MARKET_X,WPU0571,2024-10,2024-11-14
CRUDE_OIL,2024-11,W2,2024-11-14,MARKET_X,WPU0542,2024-06,2024-11-14
CRUDE_OIL,2024-11,W2,2024-11-14,MARKET_X,WPU0542,2024-07,2024-11-14
CRUDE_OIL,2024-11,W2,2024-11-14,MARKET_X,WPU0542,2024-08,2024-11-14
CRUDE_OIL,2024-11,W2,2024-11-14,MARKET_X,WPU0542,2024-09,2024-11-14
CRUDE_OIL,2024-11,W2,2024-11-14,MARKET_X,WPU0542,2024-10,2024-11-14
CRUDE_OIL,2024-12,W2,2024-12-14,TARGET_HISTORY,WPU0561,2024-07,2024-12-12
CRUDE_OIL,2024-12,W2,2024-12-14,TARGET_HISTORY,WPU0561,2024-08,2024-12-12
CRUDE_OIL,2024-12,W2,2024-12-14,TARGET_HISTORY,WPU0561,2024-09,2024-12-12
CRUDE_OIL,2024-12,W2,2024-12-14,TARGET_HISTORY,WPU0561,2024-10,2024-12-12
CRUDE_OIL,2024-12,W2,2024-12-14,TARGET_HISTORY,WPU0561,2024-11,2024-12-12
CRUDE_OIL,2024-12,W2,2024-12-14,MARKET_X,WPU0571,2024-07,2024-12-12
CRUDE_OIL,2024-12,W2,2024-12-14,MARKET_X,WPU0571,2024-08,2024-12-12
CRUDE_OIL,2024-12,W2,2024-12-14,MARKET_X,WPU0571,2024-09,2024-12-12
CRUDE_OIL,2024-12,W2,2024-12-14,MARKET_X,WPU0571,2024-10,2024-12-12
CRUDE_OIL,2024-12,W2,2024-12-14,MARKET_X,WPU0571,2024-11,2024-12-12
CRUDE_OIL,2024-12,W2,2024-12-14,MARKET_X,WPU0542,2024-07,2024-12-12
CRUDE_OIL,2024-12,W2,2024-12-14,MARKET_X,WPU0542,2024-08,2024-12-12
CRUDE_OIL,2024-12,W2,2024-12-14,MARKET_X,WPU0542,2024-09,2024-12-12
CRUDE_OIL,2024-12,W2,2024-12-14,MARKET_X,WPU0542,2024-10,2024-12-12
CRUDE_OIL,2024-12,W2,2024-12-14,MARKET_X,WPU0542,2024-11,2024-12-12
CRUDE_OIL,2025-01,W2,2025-01-14,TARGET_HISTORY,WPU0561,2024-08,2025-01-14
CRUDE_OIL,2025-01,W2,2025-01-14,TARGET_HISTORY,WPU0561,2024-09,2025-01-14
CRUDE_OIL,2025-01,W2,2025-01-14,TARGET_HISTORY,WPU0561,2024-10,2025-01-14
CRUDE_OIL,2025-01,W2,2025-01-14,TARGET_HISTORY,WPU0561,2024-11,2025-01-14
CRUDE_OIL,2025-01,W2,2025-01-14,TARGET_HISTORY,WPU0561,2024-12,2025-01-14
CRUDE_OIL,2025-01,W2,2025-01-14,MARKET_X,WPU0571,2024-08,2025-01-14
CRUDE_OIL,2025-01,W2,2025-01-14,MARKET_X,WPU0571,2024-09,2025-01-14
CRUDE_OIL,2025-01,W2,2025-01-14,MARKET_X,WPU0571,2024-10,2025-01-14
CRUDE_OIL,2025-01,W2,2025-01-14,MARKET_X,WPU0571,2024-11,2025-01-14
CRUDE_OIL,2025-01,W2,2025-01-14,MARKET_X,WPU0571,2024-12,2025-01-14
CRUDE_OIL,2025-01,W2,2025-01-14,MARKET_X,WPU0542,2024-08,2025-01-14
CRUDE_OIL,2025-01,W2,2025-01-14,MARKET_X,WPU0542,2024-09,2025-01-14
CRUDE_OIL,2025-01,W2,2025-01-14,MARKET_X,WPU0542,2024-10,2025-01-14
CRUDE_OIL,2025-01,W2,2025-01-14,MARKET_X,WPU0542,2024-11,2025-01-14
CRUDE_OIL,2025-01,W2,2025-01-14,MARKET_X,WPU0542,2024-12,2025-01-14
CRUDE_OIL,2025-02,W2,2025-02-14,TARGET_HISTORY,WPU0561,2024-09,2025-02-13
CRUDE_OIL,2025-02,W2,2025-02-14,TARGET_HISTORY,WPU0561,2024-10,2025-02-13
CRUDE_OIL,2025-02,W2,2025-02-14,TARGET_HISTORY,WPU0561,2024-11,2025-02-13
CRUDE_OIL,2025-02,W2,2025-02-14,TARGET_HISTORY,WPU0561,2024-12,2025-02-13
CRUDE_OIL,2025-02,W2,2025-02-14,TARGET_HISTORY,WPU0561,2025-01,2025-02-13
CRUDE_OIL,2025-02,W2,2025-02-14,MARKET_X,WPU0571,2024-09,2025-02-13
CRUDE_OIL,2025-02,W2,2025-02-14,MARKET_X,WPU0571,2024-10,2025-02-13
CRUDE_OIL,2025-02,W2,2025-02-14,MARKET_X,WPU0571,2024-11,2025-02-13
CRUDE_OIL,2025-02,W2,2025-02-14,MARKET_X,WPU0571,2024-12,2025-02-13
CRUDE_OIL,2025-02,W2,2025-02-14,MARKET_X,WPU0571,2025-01,2025-02-13
CRUDE_OIL,2025-02,W2,2025-02-14,MARKET_X,WPU0542,2024-09,2025-02-13
CRUDE_OIL,2025-02,W2,2025-02-14,MARKET_X,WPU0542,2024-10,2025-02-13
CRUDE_OIL,2025-02,W2,2025-02-14,MARKET_X,WPU0542,2024-11,2025-02-13
CRUDE_OIL,2025-02,W2,2025-02-14,MARKET_X,WPU0542,2024-12,2025-02-13
CRUDE_OIL,2025-02,W2,2025-02-14,MARKET_X,WPU0542,2025-01,2025-02-13
CRUDE_OIL,2025-03,W2,2025-03-14,TARGET_HISTORY,WPU0561,2024-10,2025-03-13
CRUDE_OIL,2025-03,W2,2025-03-14,TARGET_HISTORY,WPU0561,2024-11,2025-03-13
CRUDE_OIL,2025-03,W2,2025-03-14,TARGET_HISTORY,WPU0561,2024-12,2025-03-13
CRUDE_OIL,2025-03,W2,2025-03-14,TARGET_HISTORY,WPU0561,2025-01,2025-03-13
CRUDE_OIL,2025-03,W2,2025-03-14,TARGET_HISTORY,WPU0561,2025-02,2025-03-13
CRUDE_OIL,2025-03,W2,2025-03-14,MARKET_X,WPU0571,2024-10,2025-03-13
CRUDE_OIL,2025-03,W2,2025-03-14,MARKET_X,WPU0571,2024-11,2025-03-13
CRUDE_OIL,2025-03,W2,2025-03-14,MARKET_X,WPU0571,2024-12,2025-03-13
CRUDE_OIL,2025-03,W2,2025-03-14,MARKET_X,WPU0571,2025-01,2025-03-13
CRUDE_OIL,2025-03,W2,2025-03-14,MARKET_X,WPU0571,2025-02,2025-03-13
CRUDE_OIL,2025-03,W2,2025-03-14,MARKET_X,WPU0542,2024-10,2025-03-13
CRUDE_OIL,2025-03,W2,2025-03-14,MARKET_X,WPU0542,2024-11,2025-03-13
CRUDE_OIL,2025-03,W2,2025-03-14,MARKET_X,WPU0542,2024-12,2025-03-13
CRUDE_OIL,2025-03,W2,2025-03-14,MARKET_X,WPU0542,2025-01,2025-03-13
CRUDE_OIL,2025-03,W2,2025-03-14,MARKET_X,WPU0542,2025-02,2025-03-13
CRUDE_OIL,2025-04,W2,2025-04-14,TARGET_HISTORY,WPU0561,2024-11,2025-04-11
CRUDE_OIL,2025-04,W2,2025-04-14,TARGET_HISTORY,WPU0561,2024-12,2025-04-11
CRUDE_OIL,2025-04,W2,2025-04-14,TARGET_HISTORY,WPU0561,2025-01,2025-04-11
CRUDE_OIL,2025-04,W2,2025-04-14,TARGET_HISTORY,WPU0561,2025-02,2025-04-11
CRUDE_OIL,2025-04,W2,2025-04-14,TARGET_HISTORY,WPU0561,2025-03,2025-04-11
CRUDE_OIL,2025-04,W2,2025-04-14,MARKET_X,WPU0571,2024-11,2025-04-11
CRUDE_OIL,2025-04,W2,2025-04-14,MARKET_X,WPU0571,2024-12,2025-04-11
CRUDE_OIL,2025-04,W2,2025-04-14,MARKET_X,WPU0571,2025-01,2025-04-11
CRUDE_OIL,2025-04,W2,2025-04-14,MARKET_X,WPU0571,2025-02,2025-04-11
CRUDE_OIL,2025-04,W2,2025-04-14,MARKET_X,WPU0571,2025-03,2025-04-11
CRUDE_OIL,2025-04,W2,2025-04-14,MARKET_X,WPU0542,2024-11,2025-04-11
CRUDE_OIL,2025-04,W2,2025-04-14,MARKET_X,WPU0542,2024-12,2025-04-11
CRUDE_OIL,2025-04,W2,2025-04-14,MARKET_X,WPU0542,2025-01,2025-04-11
CRUDE_OIL,2025-04,W2,2025-04-14,MARKET_X,WPU0542,2025-02,2025-04-11
CRUDE_OIL,2025-04,W2,2025-04-14,MARKET_X,WPU0542,2025-03,2025-04-11
CRUDE_OIL,2025-05,W3,2025-05-21,TARGET_HISTORY,WPU0561,2024-12,2025-05-15
CRUDE_OIL,2025-05,W3,2025-05-21,TARGET_HISTORY,WPU0561,2025-01,2025-05-15
CRUDE_OIL,2025-05,W3,2025-05-21,TARGET_HISTORY,WPU0561,2025-02,2025-05-15
CRUDE_OIL,2025-05,W3,2025-05-21,TARGET_HISTORY,WPU0561,2025-03,2025-05-15
CRUDE_OIL,2025-05,W3,2025-05-21,TARGET_HISTORY,WPU0561,2025-04,2025-05-15
CRUDE_OIL,2025-05,W3,2025-05-21,MARKET_X,WPU0571,2024-12,2025-05-15
CRUDE_OIL,2025-05,W3,2025-05-21,MARKET_X,WPU0571,2025-01,2025-05-15
CRUDE_OIL,2025-05,W3,2025-05-21,MARKET_X,WPU0571,2025-02,2025-05-15
CRUDE_OIL,2025-05,W3,2025-05-21,MARKET_X,WPU0571,2025-03,2025-05-15
CRUDE_OIL,2025-05,W3,2025-05-21,MARKET_X,WPU0571,2025-04,2025-05-15
CRUDE_OIL,2025-05,W3,2025-05-21,MARKET_X,WPU0542,2024-12,2025-05-15
CRUDE_OIL,2025-05,W3,2025-05-21,MARKET_X,WPU0542,2025-01,2025-05-15
CRUDE_OIL,2025-05,W3,2025-05-21,MARKET_X,WPU0542,2025-02,2025-05-15
CRUDE_OIL,2025-05,W3,2025-05-21,MARKET_X,WPU0542,2025-03,2025-05-15
CRUDE_OIL,2025-05,W3,2025-05-21,MARKET_X,WPU0542,2025-04,2025-05-15
CRUDE_OIL,2025-06,W2,2025-06-14,TARGET_HISTORY,WPU0561,2025-01,2025-06-12
CRUDE_OIL,2025-06,W2,2025-06-14,TARGET_HISTORY,WPU0561,2025-02,2025-06-12
CRUDE_OIL,2025-06,W2,2025-06-14,TARGET_HISTORY,WPU0561,2025-03,2025-06-12
CRUDE_OIL,2025-06,W2,2025-06-14,TARGET_HISTORY,WPU0561,2025-04,2025-06-12
CRUDE_OIL,2025-06,W2,2025-06-14,TARGET_HISTORY,WPU0561,2025-05,2025-06-12
CRUDE_OIL,2025-06,W2,2025-06-14,MARKET_X,WPU0571,2025-01,2025-06-12
CRUDE_OIL,2025-06,W2,2025-06-14,MARKET_X,WPU0571,2025-02,2025-06-12
CRUDE_OIL,2025-06,W2,2025-06-14,MARKET_X,WPU0571,2025-03,2025-06-12
CRUDE_OIL,2025-06,W2,2025-06-14,MARKET_X,WPU0571,2025-04,2025-06-12
CRUDE_OIL,2025-06,W2,2025-06-14,MARKET_X,WPU0571,2025-05,2025-06-12
CRUDE_OIL,2025-06,W2,2025-06-14,MARKET_X,WPU0542,2025-01,2025-06-12
CRUDE_OIL,2025-06,W2,2025-06-14,MARKET_X,WPU0542,2025-02,2025-06-12
CRUDE_OIL,2025-06,W2,2025-06-14,MARKET_X,WPU0542,2025-03,2025-06-12
CRUDE_OIL,2025-06,W2,2025-06-14,MARKET_X,WPU0542,2025-04,2025-06-12
CRUDE_OIL,2025-06,W2,2025-06-14,MARKET_X,WPU0542,2025-05,2025-06-12
CRUDE_OIL,2025-07,W3,2025-07-21,TARGET_HISTORY,WPU0561,2025-02,2025-07-16
CRUDE_OIL,2025-07,W3,2025-07-21,TARGET_HISTORY,WPU0561,2025-03,2025-07-16
CRUDE_OIL,2025-07,W3,2025-07-21,TARGET_HISTORY,WPU0561,2025-04,2025-07-16
CRUDE_OIL,2025-07,W3,2025-07-21,TARGET_HISTORY,WPU0561,2025-05,2025-07-16
CRUDE_OIL,2025-07,W3,2025-07-21,TARGET_HISTORY,WPU0561,2025-06,2025-07-16
CRUDE_OIL,2025-07,W3,2025-07-21,MARKET_X,WPU0571,2025-02,2025-07-16
CRUDE_OIL,2025-07,W3,2025-07-21,MARKET_X,WPU0571,2025-03,2025-07-16
CRUDE_OIL,2025-07,W3,2025-07-21,MARKET_X,WPU0571,2025-04,2025-07-16
CRUDE_OIL,2025-07,W3,2025-07-21,MARKET_X,WPU0571,2025-05,2025-07-16
CRUDE_OIL,2025-07,W3,2025-07-21,MARKET_X,WPU0571,2025-06,2025-07-16
CRUDE_OIL,2025-07,W3,2025-07-21,MARKET_X,WPU0542,2025-02,2025-07-16
CRUDE_OIL,2025-07,W3,2025-07-21,MARKET_X,WPU0542,2025-03,2025-07-16
CRUDE_OIL,2025-07,W3,2025-07-21,MARKET_X,WPU0542,2025-04,2025-07-16
CRUDE_OIL,2025-07,W3,2025-07-21,MARKET_X,WPU0542,2025-05,2025-07-16
CRUDE_OIL,2025-07,W3,2025-07-21,MARKET_X,WPU0542,2025-06,2025-07-16
CRUDE_OIL,2025-08,W2,2025-08-14,TARGET_HISTORY,WPU0561,2025-03,2025-08-14
CRUDE_OIL,2025-08,W2,2025-08-14,TARGET_HISTORY,WPU0561,2025-04,2025-08-14
CRUDE_OIL,2025-08,W2,2025-08-14,TARGET_HISTORY,WPU0561,2025-05,2025-08-14
CRUDE_OIL,2025-08,W2,2025-08-14,TARGET_HISTORY,WPU0561,2025-06,2025-08-14
CRUDE_OIL,2025-08,W2,2025-08-14,TARGET_HISTORY,WPU0561,2025-07,2025-08-14
CRUDE_OIL,2025-08,W2,2025-08-14,MARKET_X,WPU0571,2025-03,2025-08-14
CRUDE_OIL,2025-08,W2,2025-08-14,MARKET_X,WPU0571,2025-04,2025-08-14
CRUDE_OIL,2025-08,W2,2025-08-14,MARKET_X,WPU0571,2025-05,2025-08-14
CRUDE_OIL,2025-08,W2,2025-08-14,MARKET_X,WPU0571,2025-06,2025-08-14
CRUDE_OIL,2025-08,W2,2025-08-14,MARKET_X,WPU0571,2025-07,2025-08-14
CRUDE_OIL,2025-08,W2,2025-08-14,MARKET_X,WPU0542,2025-03,2025-08-14
CRUDE_OIL,2025-08,W2,2025-08-14,MARKET_X,WPU0542,2025-04,2025-08-14
CRUDE_OIL,2025-08,W2,2025-08-14,MARKET_X,WPU0542,2025-05,2025-08-14
CRUDE_OIL,2025-08,W2,2025-08-14,MARKET_X,WPU0542,2025-06,2025-08-14
CRUDE_OIL,2025-08,W2,2025-08-14,MARKET_X,WPU0542,2025-07,2025-08-14
CRUDE_OIL,2025-09,W2,2025-09-14,TARGET_HISTORY,WPU0561,2025-04,2025-09-10
CRUDE_OIL,2025-09,W2,2025-09-14,TARGET_HISTORY,WPU0561,2025-05,2025-09-10
CRUDE_OIL,2025-09,W2,2025-09-14,TARGET_HISTORY,WPU0561,2025-06,2025-09-10
CRUDE_OIL,2025-09,W2,2025-09-14,TARGET_HISTORY,WPU0561,2025-07,2025-09-10
CRUDE_OIL,2025-09,W2,2025-09-14,TARGET_HISTORY,WPU0561,2025-08,2025-09-10
CRUDE_OIL,2025-09,W2,2025-09-14,MARKET_X,WPU0571,2025-04,2025-09-10
CRUDE_OIL,2025-09,W2,2025-09-14,MARKET_X,WPU0571,2025-05,2025-09-10
CRUDE_OIL,2025-09,W2,2025-09-14,MARKET_X,WPU0571,2025-06,2025-09-10
CRUDE_OIL,2025-09,W2,2025-09-14,MARKET_X,WPU0571,2025-07,2025-09-10
CRUDE_OIL,2025-09,W2,2025-09-14,MARKET_X,WPU0571,2025-08,2025-09-10
CRUDE_OIL,2025-09,W2,2025-09-14,MARKET_X,WPU0542,2025-04,2025-09-10
CRUDE_OIL,2025-09,W2,2025-09-14,MARKET_X,WPU0542,2025-05,2025-09-10
CRUDE_OIL,2025-09,W2,2025-09-14,MARKET_X,WPU0542,2025-06,2025-09-10
CRUDE_OIL,2025-09,W2,2025-09-14,MARKET_X,WPU0542,2025-07,2025-09-10
CRUDE_OIL,2025-09,W2,2025-09-14,MARKET_X,WPU0542,2025-08,2025-09-10
CRUDE_OIL,2025-11,W4,2025-11-30,TARGET_HISTORY,WPU0561,2025-05,2025-11-25
CRUDE_OIL,2025-11,W4,2025-11-30,TARGET_HISTORY,WPU0561,2025-06,2025-11-25
CRUDE_OIL,2025-11,W4,2025-11-30,TARGET_HISTORY,WPU0561,2025-07,2025-11-25
CRUDE_OIL,2025-11,W4,2025-11-30,TARGET_HISTORY,WPU0561,2025-08,2025-11-25
CRUDE_OIL,2025-11,W4,2025-11-30,TARGET_HISTORY,WPU0561,2025-09,2025-11-25
CRUDE_OIL,2025-11,W4,2025-11-30,MARKET_X,WPU0571,2025-05,2025-11-25
CRUDE_OIL,2025-11,W4,2025-11-30,MARKET_X,WPU0571,2025-06,2025-11-25
CRUDE_OIL,2025-11,W4,2025-11-30,MARKET_X,WPU0571,2025-07,2025-11-25
CRUDE_OIL,2025-11,W4,2025-11-30,MARKET_X,WPU0571,2025-08,2025-11-25
CRUDE_OIL,2025-11,W4,2025-11-30,MARKET_X,WPU0571,2025-09,2025-11-25
CRUDE_OIL,2025-11,W4,2025-11-30,MARKET_X,WPU0542,2025-05,2025-11-25
CRUDE_OIL,2025-11,W4,2025-11-30,MARKET_X,WPU0542,2025-06,2025-11-25
CRUDE_OIL,2025-11,W4,2025-11-30,MARKET_X,WPU0542,2025-07,2025-11-25
CRUDE_OIL,2025-11,W4,2025-11-30,MARKET_X,WPU0542,2025-08,2025-11-25
CRUDE_OIL,2025-11,W4,2025-11-30,MARKET_X,WPU0542,2025-09,2025-11-25
