target_id,history_mode,target_month,stage,forecast_as_of,n_train,L,y_true,n0,M0,M1,M2,event_active,m2_equals_m1,new_target_releases,new_x_releases,new_material_events
SCRAP,MATCHED,2021-12,W0,2021-11-30,110,2,739.064,690.1,692.5942749943802,690.3673550184271,690.3673550184271,0,1,0,0,0
SCRAP,MATCHED,2021-12,W1,2021-12-07,110,2,739.064,690.1,692.5942749943802,690.3673550184271,690.3673550184271,0,1,0,0,0
SCRAP,MATCHED,2021-12,W2,2021-12-14,112,1,739.064,765.016,765.4181162308754,772.8322583817392,772.8322583817392,0,1,5,10,1
SCRAP,MATCHED,2021-12,W3,2021-12-21,112,1,739.064,765.016,765.4181162308754,772.8322583817392,772.8322583817392,0,1,0,0,0
SCRAP,MATCHED,2021-12,W4,2021-12-31,112,1,739.064,765.016,765.4181162308754,772.8322583817392,772.8322583817392,0,1,0,0,0
SCRAP,MATCHED,2022-01,W0,2021-12-31,111,2,689.363,765.016,749.2534251109728,749.0119017066218,785.7851277670025,1,0,0,0,0
SCRAP,MATCHED,2022-01,W1,2022-01-07,111,2,689.363,765.016,749.2534251109728,749.0119017066218,785.7851277670025,1,0,0,0,0
SCRAP,MATCHED,2022-01,W2,2022-01-14,113,1,689.363,737.872,718.2256520260335,723.0417041001926,737.6139642348671,1,0,5,10,0
SCRAP,MATCHED,2022-01,W3,2022-01-21,113,1,689.363,737.872,718.2256520260335,723.0417041001926,737.6139642348671,1,0,0,0,0
SCRAP,MATCHED,2022-01,W4,2022-01-31,113,1,689.363,737.872,718.2256520260335,723.0417041001926,737.6139642348671,1,0,0,0,0
SCRAP,MATCHED,2022-02,W0,2022-01-31,112,2,687.35,737.872,709.0295771882339,719.0433393125644,719.0433393125644,0,1,0,0,0
SCRAP,MATCHED,2022-02,W1,2022-02-07,112,2,687.35,737.872,709.0295771882339,719.0433393125644,719.0433393125644,0,1,0,0,0
SCRAP,MATCHED,2022-02,W2,2022-02-14,112,2,687.35,737.872,709.0295771882339,719.0433393125644,719.0433393125644,0,1,0,0,0
SCRAP,MATCHED,2022-02,W3,2022-02-21,114,1,687.35,659.741,652.8580281677529,630.8280612563747,630.7211204104722,1,0,5,10,0
SCRAP,MATCHED,2022-02,W4,2022-02-28,114,1,687.35,659.741,652.8580281677529,630.8280612563747,630.7211204104722,1,0,0,0,0
SCRAP,MATCHED,2022-03,W0,2022-02-28,113,2,858.642,659.741,648.421420843555,637.6919702250462,639.1489268204693,1,0,0,0,0
SCRAP,MATCHED,2022-03,W1,2022-03-07,113,2,858.642,659.741,648.421420843555,637.6919702250462,639.1489268204693,1,0,0,0,0
SCRAP,MATCHED,2022-03,W2,2022-03-14,113,2,858.642,659.741,648.421420843555,637.6919702250462,639.1489268204693,1,0,0,0,0
SCRAP,MATCHED,2022-03,W3,2022-03-21,115,1,858.642,661.402,658.0662329460425,632.7823652790162,632.4564871432183,1,0,5,10,0
SCRAP,MATCHED,2022-03,W4,2022-03-31,115,1,858.642,661.402,658.0662329460425,632.7823652790162,632.4564871432183,1,0,0,0,0
SCRAP,MATCHED,2022-04,W0,2022-03-31,114,2,859.242,661.402,641.2996992707451,639.0222316019288,635.6505554708328,1,0,0,0,0
SCRAP,MATCHED,2022-04,W1,2022-04-07,114,2,859.242,661.402,641.2996992707451,639.0222316019288,635.6505554708328,1,0,0,0,0
SCRAP,MATCHED,2022-04,W2,2022-04-14,116,1,859.242,844.532,816.8401196513034,818.4312475454128,817.4058721649569,1,0,5,10,0
SCRAP,MATCHED,2022-04,W3,2022-04-21,116,1,859.242,844.532,816.8401196513034,818.4312475454128,817.4058721649569,1,0,0,0,0
SCRAP,MATCHED,2022-04,W4,2022-04-30,116,1,859.242,844.532,816.8401196513034,818.4312475454128,817.4058721649569,1,0,0,0,0
SCRAP,MATCHED,2022-05,W0,2022-04-30,115,2,756.577,844.532,771.1099794596976,759.4095639415074,757.2223018583401,1,0,0,0,0
SCRAP,MATCHED,2022-05,W1,2022-05-07,115,2,756.577,844.532,771.1099794596976,759.4095639415074,757.2223018583401,1,0,0,0,0
SCRAP,MATCHED,2022-05,W2,2022-05-14,117,1,756.577,831.034,773.2523618079688,774.2361546205477,774.2361546205477,0,1,5,10,0
SCRAP,MATCHED,2022-05,W3,2022-05-21,117,1,756.577,831.034,773.2523618079688,774.2361546205477,774.2361546205477,0,1,0,0,0
SCRAP,MATCHED,2022-05,W4,2022-05-31,117,1,756.577,831.034,773.2523618079688,774.2361546205477,774.2361546205477,0,1,0,0,0
SCRAP,MATCHED,2022-06,W0,2022-05-31,116,2,679.742,831.034,754.9247739066361,755.8026497053717,755.8026497053717,0,1,0,0,0
SCRAP,MATCHED,2022-06,W1,2022-06-07,116,2,679.742,831.034,754.9247739066361,755.8026497053717,755.8026497053717,0,1,0,0,0
SCRAP,MATCHED,2022-06,W2,2022-06-14,118,1,679.742,756.48,767.5228055136995,767.7475146314771,767.7475146314771,0,1,5,10,0
SCRAP,MATCHED,2022-06,W3,2022-06-21,118,1,679.742,756.48,767.5228055136995,767.7475146314771,767.7475146314771,0,1,0,0,0
SCRAP,MATCHED,2022-06,W4,2022-06-30,118,1,679.742,756.48,767.5228055136995,767.7475146314771,767.7475146314771,0,1,0,0,0
SCRAP,MATCHED,2022-07,W0,2022-06-30,117,2,593.864,756.48,786.3397295113407,785.8105877531586,785.8105877531586,0,1,0,0,0
SCRAP,MATCHED,2022-07,W1,2022-07-07,117,2,593.864,756.48,786.3397295113407,785.8105877531586,785.8105877531586,0,1,0,0,0
SCRAP,MATCHED,2022-07,W2,2022-07-14,119,1,593.864,680.206,694.6106827136573,678.928625179753,678.928625179753,0,1,5,10,0
SCRAP,MATCHED,2022-07,W3,2022-07-21,119,1,593.864,680.206,694.6106827136573,678.928625179753,678.928625179753,0,1,0,0,0
SCRAP,MATCHED,2022-07,W4,2022-07-31,119,1,593.864,680.206,694.6106827136573,678.928625179753,678.928625179753,0,1,0,0,0
SCRAP,MATCHED,2022-08,W0,2022-07-31,118,2,546.383,680.206,745.8942219170926,738.6852023436116,738.6852023436116,0,1,0,0,0
SCRAP,MATCHED,2022-08,W1,2022-08-07,118,2,546.383,680.206,745.8942219170926,738.6852023436116,738.6852023436116,0,1,0,0,0
SCRAP,MATCHED,2022-08,W2,2022-08-14,120,1,546.383,594.231,586.5148211146759,551.7393417346703,551.7393417346703,0,1,5,10,0
SCRAP,MATCHED,2022-08,W3,2022-08-21,120,1,546.383,594.231,586.5148211146759,551.7393417346703,551.7393417346703,0,1,0,0,0
SCRAP,MATCHED,2022-08,W4,2022-08-31,120,1,546.383,594.231,586.5148211146759,551.7393417346703,551.7393417346703,0,1,0,0,1
SCRAP,MATCHED,2022-09,W0,2022-08-31,119,2,527.719,594.231,607.3248823640754,557.1759744120088,621.3971899925086,1,0,0,0,0
SCRAP,MATCHED,2022-09,W1,2022-09-07,119,2,527.719,594.231,607.3248823640754,557.1759744120088,621.3971899925086,1,0,0,0,0
SCRAP,MATCHED,2022-09,W2,2022-09-14,121,1,527.719,562.991,553.9177908681907,543.1209285307687,544.8581105821283,1,0,5,10,0
SCRAP,MATCHED,2022-09,W3,2022-09-21,121,1,527.719,562.991,553.9177908681907,543.1209285307687,544.8581105821283,1,0,0,0,0
SCRAP,MATCHED,2022-09,W4,2022-09-30,121,1,527.719,562.991,553.9177908681907,543.1209285307687,544.8581105821283,1,0,0,0,0
SCRAP,MATCHED,2022-10,W0,2022-09-30,120,2,510.006,562.991,530.1538631165279,498.4627792775154,498.4627792775154,0,1,0,0,0
SCRAP,MATCHED,2022-10,W1,2022-10-07,120,2,510.006,562.991,530.1538631165279,498.4627792775154,498.4627792775154,0,1,0,0,0
SCRAP,MATCHED,2022-10,W2,2022-10-14,122,1,510.006,528.942,512.130768829999,508.36658534690554,511.74096943057094,1,0,5,10,0
SCRAP,MATCHED,2022-10,W3,2022-10-21,122,1,510.006,528.942,512.130768829999,508.36658534690554,511.74096943057094,1,0,0,0,0
SCRAP,MATCHED,2022-10,W4,2022-10-31,122,1,510.006,528.942,512.130768829999,508.36658534690554,511.74096943057094,1,0,0,0,0
SCRAP,MATCHED,2022-11,W0,2022-10-31,121,2,493.08,528.942,467.66713217180546,473.14081088783126,475.07940171769957,1,0,0,0,0
SCRAP,MATCHED,2022-11,W1,2022-11-07,121,2,493.08,528.942,467.66713217180546,473.14081088783126,475.07940171769957,1,0,0,0,0
SCRAP,MATCHED,2022-11,W2,2022-11-14,121,2,493.08,528.942,467.66713217180546,473.14081088783126,475.07940171769957,1,0,0,0,0
SCRAP,MATCHED,2022-11,W3,2022-11-21,123,1,493.08,503.35,487.4322772485126,488.27087208368414,488.1877449902012,1,0,5,10,0
SCRAP,MATCHED,2022-11,W4,2022-11-30,123,1,493.08,503.35,487.4322772485126,488.27087208368414,488.1877449902012,1,0,0,0,0
SCRAP,MATCHED,2022-12,W0,2022-11-30,122,2,517.66,503.35,445.0256694440942,444.1609602611891,443.72597727825564,1,0,0,0,0
SCRAP,MATCHED,2022-12,W1,2022-12-07,122,2,517.66,503.35,445.0256694440942,444.1609602611891,443.72597727825564,1,0,0,0,1
SCRAP,MATCHED,2022-12,W2,2022-12-14,124,1,517.66,494.258,480.4982053807153,485.8664490366141,485.4811247658952,1,0,5,10,0
SCRAP,MATCHED,2022-12,W3,2022-12-21,124,1,517.66,494.258,480.4982053807153,485.8664490366141,485.4811247658952,1,0,0,0,0
SCRAP,MATCHED,2022-12,W4,2022-12-31,124,1,517.66,494.258,480.4982053807153,485.8664490366141,485.4811247658952,1,0,0,0,1
SCRAP,MATCHED,2023-01,W0,2022-12-31,123,2,570.52,494.258,449.50362762302166,483.8104529220609,457.3939347434035,1,0,0,0,0
SCRAP,MATCHED,2023-01,W1,2023-01-07,123,2,570.52,494.258,449.50362762302166,483.8104529220609,457.3939347434035,1,0,0,0,0
SCRAP,MATCHED,2023-01,W2,2023-01-14,123,2,570.52,494.258,449.50362762302166,483.8104529220609,457.3939347434035,1,0,0,0,0
SCRAP,MATCHED,2023-01,W3,2023-01-21,125,1,570.52,534.202,529.7112220607086,532.0260142543591,533.1748514302205,1,0,5,10,0
SCRAP,MATCHED,2023-01,W4,2023-01-31,125,1,570.52,534.202,529.7112220607086,532.0260142543591,533.1748514302205,1,0,0,0,0
SCRAP,MATCHED,2023-02,W0,2023-01-31,124,2,606.166,534.202,496.91499941077063,497.4000358888253,497.4000358888253,0,1,0,0,0
SCRAP,MATCHED,2023-02,W1,2023-02-07,124,2,606.166,534.202,496.91499941077063,497.4000358888253,497.4000358888253,0,1,0,0,0
SCRAP,MATCHED,2023-02,W2,2023-02-14,124,2,606.166,534.202,496.91499941077063,497.4000358888253,497.4000358888253,0,1,0,0,0
SCRAP,MATCHED,2023-02,W3,2023-02-21,126,1,606.166,591.546,577.8608361019283,569.2896051435571,571.9263593911907,1,0,5,10,0
SCRAP,MATCHED,2023-02,W4,2023-02-28,126,1,606.166,591.546,577.8608361019283,569.2896051435571,571.9263593911907,1,0,0,0,0
SCRAP,MATCHED,2023-03,W0,2023-02-28,125,2,664.4,591.546,536.9371949399335,531.677452748448,535.5040848238165,1,0,0,0,0
SCRAP,MATCHED,2023-03,W1,2023-03-07,125,2,664.4,591.546,536.9371949399335,531.677452748448,535.5040848238165,1,0,0,0,0
SCRAP,MATCHED,2023-03,W2,2023-03-14,125,2,664.4,591.546,536.9371949399335,531.677452748448,535.5040848238165,1,0,0,0,0
SCRAP,MATCHED,2023-03,W3,2023-03-21,127,1,664.4,626.106,613.0537673538252,601.916337867532,601.144577883089,1,0,5,10,0
SCRAP,MATCHED,2023-03,W4,2023-03-31,127,1,664.4,626.106,613.0537673538252,601.916337867532,601.144577883089,1,0,0,0,0
SCRAP,MATCHED,2023-04,W0,2023-03-31,126,2,651.118,626.106,569.7198922982268,564.210331223205,563.5512863950082,1,0,0,0,0
SCRAP,MATCHED,2023-04,W1,2023-04-07,126,2,651.118,626.106,569.7198922982268,564.210331223205,563.5512863950082,1,0,0,0,0
SCRAP,MATCHED,2023-04,W2,2023-04-14,128,1,651.118,671.838,656.4868964131267,651.9914297218771,651.2305588263321,1,0,5,10,0
SCRAP,MATCHED,2023-04,W3,2023-04-21,128,1,651.118,671.838,656.4868964131267,651.9914297218771,651.2305588263321,1,0,0,0,0
SCRAP,MATCHED,2023-04,W4,2023-04-30,128,1,651.118,671.838,656.4868964131267,651.9914297218771,651.2305588263321,1,0,0,0,0
SCRAP,MATCHED,2023-05,W0,2023-04-30,127,2,617.717,671.838,610.0029489585553,604.076722510016,603.3617427059698,1,0,0,0,0
SCRAP,MATCHED,2023-05,W1,2023-05-07,127,2,617.717,671.838,610.0029489585553,604.076722510016,603.3617427059698,1,0,0,0,0
SCRAP,MATCHED,2023-05,W2,2023-05-14,129,1,617.717,651.089,607.726724055649,608.2164919451168,608.2164919451168,0,1,5,10,0
SCRAP,MATCHED,2023-05,W3,2023-05-21,129,1,617.717,651.089,607.726724055649,608.2164919451168,608.2164919451168,0,1,0,0,0
SCRAP,MATCHED,2023-05,W4,2023-05-31,129,1,617.717,651.089,607.726724055649,608.2164919451168,608.2164919451168,0,1,0,0,1
SCRAP,MATCHED,2023-06,W0,2023-05-31,128,2,557.441,651.089,587.1429923696219,605.6915258215981,605.416995802568,1,0,0,0,0
SCRAP,MATCHED,2023-06,W1,2023-06-07,128,2,557.441,651.089,587.1429923696219,605.6915258215981,605.416995802568,1,0,0,0,0
SCRAP,MATCHED,2023-06,W2,2023-06-14,130,1,557.441,602.014,582.3897382412774,584.7331901146283,584.7015539814249,1,0,5,10,0
SCRAP,MATCHED,2023-06,W3,2023-06-21,130,1,557.441,602.014,582.3897382412774,584.7331901146283,584.7015539814249,1,0,0,0,0
SCRAP,MATCHED,2023-06,W4,2023-06-30,130,1,557.441,602.014,582.3897382412774,584.7331901146283,584.7015539814249,1,0,0,0,0
SCRAP,MATCHED,2023-07,W0,2023-06-30,129,2,539.555,602.014,565.5497305141182,590.0582962133091,590.0582962133091,0,1,0,0,0
SCRAP,MATCHED,2023-07,W1,2023-07-07,129,2,539.555,602.014,565.5497305141182,590.0582962133091,590.0582962133091,0,1,0,0,0
SCRAP,MATCHED,2023-07,W2,2023-07-14,131,1,539.555,539.463,516.8576053795441,511.0657553564859,510.8711085454637,1,0,5,10,0
SCRAP,MATCHED,2023-07,W3,2023-07-21,131,1,539.555,539.463,516.8576053795441,511.0657553564859,510.8711085454637,1,0,0,0,0
SCRAP,MATCHED,2023-07,W4,2023-07-31,131,1,539.555,539.463,516.8576053795441,511.0657553564859,510.8711085454637,1,0,0,0,0
SCRAP,MATCHED,2023-08,W0,2023-07-31,130,2,543.896,539.463,512.9416807383227,525.2806151486772,524.3573734732337,1,0,0,0,0
SCRAP,MATCHED,2023-08,W1,2023-08-07,130,2,543.896,539.463,512.9416807383227,525.2806151486772,524.3573734732337,1,0,0,0,0
SCRAP,MATCHED,2023-08,W2,2023-08-14,132,1,543.896,519.409,512.03750092973,510.6409447181654,507.6863249867494,1,0,5,10,0
SCRAP,MATCHED,2023-08,W3,2023-08-21,132,1,543.896,519.409,512.03750092973,510.6409447181654,507.6863249867494,1,0,0,0,0
SCRAP,MATCHED,2023-08,W4,2023-08-31,132,1,543.896,519.409,512.03750092973,510.6409447181654,507.6863249867494,1,0,0,0,1
SCRAP,MATCHED,2023-09,W0,2023-08-31,131,2,547.501,519.409,507.3274520778311,499.00181006797607,549.9403715955661,1,0,0,0,0
SCRAP,MATCHED,2023-09,W1,2023-09-07,131,2,547.501,519.409,507.3274520778311,499.00181006797607,549.9403715955661,1,0,0,0,0
SCRAP,MATCHED,2023-09,W2,2023-09-14,133,1,547.501,556.201,548.5578765276127,548.4618855422901,550.9144388004396,1,0,5,10,0
SCRAP,MATCHED,2023-09,W3,2023-09-21,133,1,547.501,556.201,548.5578765276127,548.4618855422901,550.9144388004396,1,0,0,0,0
SCRAP,MATCHED,2023-09,W4,2023-09-30,133,1,547.501,556.201,548.5578765276127,548.4618855422901,550.9144388004396,1,0,0,0,0
SCRAP,MATCHED,2023-10,W0,2023-09-30,132,2,534.762,556.201,539.2418851553954,539.0075098945935,520.2237525847565,1,0,0,0,0
SCRAP,MATCHED,2023-10,W1,2023-10-07,132,2,534.762,556.201,539.2418851553954,539.0075098945935,520.2237525847565,1,0,0,0,0
SCRAP,MATCHED,2023-10,W2,2023-10-14,134,1,534.762,548.783,541.7590028322718,542.2995570423489,550.6569412487975,1,0,5,10,1
SCRAP,MATCHED,2023-10,W3,2023-10-21,134,1,534.762,548.783,541.7590028322718,542.2995570423489,550.6569412487975,1,0,0,0,0
SCRAP,MATCHED,2023-10,W4,2023-10-31,134,1,534.762,548.783,541.7590028322718,542.2995570423489,550.6569412487975,1,0,0,0,0
SCRAP,MATCHED,2023-11,W0,2023-10-31,133,2,554.973,548.783,536.3588332048032,536.4795627199267,561.6443410383225,1,0,0,0,0
SCRAP,MATCHED,2023-11,W1,2023-11-07,133,2,554.973,548.783,536.3588332048032,536.4795627199267,561.6443410383225,1,0,0,0,0
SCRAP,MATCHED,2023-11,W2,2023-11-14,133,2,554.973,548.783,536.3588332048032,536.4795627199267,561.6443410383225,1,0,0,0,0
SCRAP,MATCHED,2023-11,W3,2023-11-21,135,1,554.973,528.592,521.3761875665317,522.5419425031838,530.5441716514723,1,0,5,10,0
SCRAP,MATCHED,2023-11,W4,2023-11-30,135,1,554.973,528.592,521.3761875665317,522.5419425031838,530.5441716514723,1,0,0,0,0
SCRAP,MATCHED,2023-12,W0,2023-11-30,134,2,608.785,528.592,523.6666196676962,526.3470846967987,539.9233035920229,1,0,0,0,0
SCRAP,MATCHED,2023-12,W1,2023-12-07,134,2,608.785,528.592,523.6666196676962,526.3470846967987,539.9233035920229,1,0,0,0,0
SCRAP,MATCHED,2023-12,W2,2023-12-14,136,1,608.785,562.716,572.7913613716752,574.4096290214351,579.0353700054834,1,0,5,10,0
SCRAP,MATCHED,2023-12,W3,2023-12-21,136,1,608.785,562.716,572.7913613716752,574.4096290214351,579.0353700054834,1,0,0,0,0
SCRAP,MATCHED,2023-12,W4,2023-12-31,136,1,608.785,562.716,572.7913613716752,574.4096290214351,579.0353700054834,1,0,0,0,0
SCRAP,MATCHED,2024-01,W0,2023-12-31,135,2,620.161,562.716,571.121358706006,574.2242277254024,570.8701887899738,1,0,0,0,0
SCRAP,MATCHED,2024-01,W1,2024-01-07,135,2,620.161,562.716,571.121358706006,574.2242277254024,570.8701887899738,1,0,0,0,0
SCRAP,MATCHED,2024-01,W2,2024-01-14,137,1,620.161,618.225,620.2106028868257,621.8401456811492,623.7143988150309,1,0,5,10,1
SCRAP,MATCHED,2024-01,W3,2024-01-21,137,1,620.161,618.225,620.2106028868257,621.8401456811492,623.7143988150309,1,0,0,0,0
SCRAP,MATCHED,2024-01,W4,2024-01-31,137,1,620.161,618.225,620.2106028868257,621.8401456811492,623.7143988150309,1,0,0,0,0
SCRAP,MATCHED,2024-02,W0,2024-01-31,136,2,603.853,618.225,611.5837575394853,611.9252845399532,643.3197817890982,1,0,0,0,0
SCRAP,MATCHED,2024-02,W1,2024-02-07,136,2,603.853,618.225,611.5837575394853,611.9252845399532,643.3197817890982,1,0,0,0,0
SCRAP,MATCHED,2024-02,W2,2024-02-14,136,2,603.853,618.225,611.5837575394853,611.9252845399532,643.3197817890982,1,0,0,0,0
SCRAP,MATCHED,2024-02,W3,2024-02-21,138,1,603.853,614.603,595.5626933872204,596.046075422361,609.7543921493939,1,0,5,10,0
SCRAP,MATCHED,2024-02,W4,2024-02-29,138,1,603.853,614.603,595.5626933872204,596.046075422361,609.7543921493939,1,0,0,0,0
SCRAP,MATCHED,2024-03,W0,2024-02-29,137,2,556.234,614.603,590.067057967241,591.3211611874067,589.5774296110349,1,0,0,0,0
SCRAP,MATCHED,2024-03,W1,2024-03-07,137,2,556.234,614.603,590.067057967241,591.3211611874067,589.5774296110349,1,0,0,0,0
SCRAP,MATCHED,2024-03,W2,2024-03-14,139,1,556.234,586.525,582.7326041975443,582.4957272585975,583.318518868632,1,0,5,10,0
SCRAP,MATCHED,2024-03,W3,2024-03-21,139,1,556.234,586.525,582.7326041975443,582.4957272585975,583.318518868632,1,0,0,0,0
SCRAP,MATCHED,2024-03,W4,2024-03-31,139,1,556.234,586.525,582.7326041975443,582.4957272585975,583.318518868632,1,0,0,0,0
SCRAP,MATCHED,2024-04,W0,2024-03-31,138,2,543.767,586.525,573.2060698774467,573.5100892564982,573.939118627411,1,0,0,0,0
SCRAP,MATCHED,2024-04,W1,2024-04-07,138,2,543.767,586.525,573.2060698774467,573.5100892564982,573.939118627411,1,0,0,0,0
SCRAP,MATCHED,2024-04,W2,2024-04-14,140,1,543.767,544.29,528.8477979161432,530.079198255407,529.9014725783511,1,0,5,10,0
SCRAP,MATCHED,2024-04,W3,2024-04-21,140,1,543.767,544.29,528.8477979161432,530.079198255407,529.9014725783511,1,0,0,0,0
SCRAP,MATCHED,2024-04,W4,2024-04-30,140,1,543.767,544.29,528.8477979161432,530.079198255407,529.9014725783511,1,0,0,0,0
SCRAP,MATCHED,2024-05,W0,2024-04-30,139,2,541.476,544.29,523.8145555299852,529.9823969115901,534.7754764566721,1,0,0,0,0
SCRAP,MATCHED,2024-05,W1,2024-05-07,139,2,541.476,544.29,523.8145555299852,529.9823969115901,534.7754764566721,1,0,0,0,0
SCRAP,MATCHED,2024-05,W2,2024-05-14,141,1,541.476,547.78,546.9123832774186,546.9801215373003,546.2835112220353,1,0,5,10,0
SCRAP,MATCHED,2024-05,W3,2024-05-21,141,1,541.476,547.78,546.9123832774186,546.9801215373003,546.2835112220353,1,0,0,0,1
SCRAP,MATCHED,2024-05,W4,2024-05-31,141,1,541.476,547.78,546.9123832774186,546.9801215373003,546.2835112220353,1,0,0,0,0
SCRAP,MATCHED,2024-06,W0,2024-05-31,140,2,521.206,547.78,531.1593444008241,539.022071819529,546.7265003755377,1,0,0,0,0
SCRAP,MATCHED,2024-06,W1,2024-06-07,140,2,521.206,547.78,531.1593444008241,539.022071819529,546.7265003755377,1,0,0,0,0
SCRAP,MATCHED,2024-06,W2,2024-06-14,142,1,521.206,535.947,519.8616723819342,525.2627115260674,527.4919755061354,1,0,5,10,0
SCRAP,MATCHED,2024-06,W3,2024-06-21,142,1,521.206,535.947,519.8616723819342,525.2627115260674,527.4919755061354,1,0,0,0,0
SCRAP,MATCHED,2024-06,W4,2024-06-30,142,1,521.206,535.947,519.8616723819342,525.2627115260674,527.4919755061354,1,0,0,0,0
SCRAP,MATCHED,2024-07,W0,2024-06-30,141,2,522.499,535.947,515.8048020066545,525.8018508618048,525.8018508618048,0,1,0,0,0
SCRAP,MATCHED,2024-07,W1,2024-07-07,141,2,522.499,535.947,515.8048020066545,525.8018508618048,525.8018508618048,0,1,0,0,0
SCRAP,MATCHED,2024-07,W2,2024-07-14,143,1,522.499,517.279,509.5805893167329,509.03327074370696,509.7700821685253,1,0,5,10,0
SCRAP,MATCHED,2024-07,W3,2024-07-21,143,1,522.499,517.279,509.5805893167329,509.03327074370696,509.7700821685253,1,0,0,0,0
SCRAP,MATCHED,2024-07,W4,2024-07-31,143,1,522.499,517.279,509.5805893167329,509.03327074370696,509.7700821685253,1,0,0,0,0
SCRAP,MATCHED,2024-08,W0,2024-07-31,142,2,520.709,517.279,511.7737542666849,508.97565580243867,511.2347212044594,1,0,0,0,0
SCRAP,MATCHED,2024-08,W1,2024-08-07,142,2,520.709,517.279,511.7737542666849,508.97565580243867,511.2347212044594,1,0,0,0,0
SCRAP,MATCHED,2024-08,W2,2024-08-14,144,1,520.709,534.435,538.7959609515211,538.7067170685833,538.5591343883956,1,0,5,10,0
SCRAP,MATCHED,2024-08,W3,2024-08-21,144,1,520.709,534.435,538.7959609515211,538.7067170685833,538.5591343883956,1,0,0,0,0
SCRAP,MATCHED,2024-08,W4,2024-08-31,144,1,520.709,534.435,538.7959609515211,538.7067170685833,538.5591343883956,1,0,0,0,0
SCRAP,MATCHED,2024-09,W0,2024-08-31,143,2,516.389,534.435,529.1895017516383,528.2961851592839,528.182123240973,1,0,0,0,0
SCRAP,MATCHED,2024-09,W1,2024-09-07,143,2,516.389,534.435,529.1895017516383,528.2961851592839,528.182123240973,1,0,0,0,0
SCRAP,MATCHED,2024-09,W2,2024-09-14,145,1,516.389,533.358,529.0550441352285,528.9769120493542,528.4741501810815,1,0,5,10,0
SCRAP,MATCHED,2024-09,W3,2024-09-21,145,1,516.389,533.358,529.0550441352285,528.9769120493542,528.4741501810815,1,0,0,0,0
SCRAP,MATCHED,2024-09,W4,2024-09-30,145,1,516.389,533.358,529.0550441352285,528.9769120493542,528.4741501810815,1,0,0,0,0
SCRAP,MATCHED,2024-10,W0,2024-09-30,144,2,526.359,533.358,522.9906196395461,522.4183580569061,520.9954806329558,1,0,0,0,0
SCRAP,MATCHED,2024-10,W1,2024-10-07,144,2,526.359,533.358,522.9906196395461,522.4183580569061,520.9954806329558,1,0,0,0,0
SCRAP,MATCHED,2024-10,W2,2024-10-14,146,1,526.359,517.062,515.6242280198178,516.5167116088799,516.5167116088799,0,1,5,10,0
SCRAP,MATCHED,2024-10,W3,2024-10-21,146,1,526.359,517.062,515.6242280198178,516.5167116088799,516.5167116088799,0,1,0,0,0
SCRAP,MATCHED,2024-10,W4,2024-10-31,146,1,526.359,517.062,515.6242280198178,516.5167116088799,516.5167116088799,0,1,0,0,0
SCRAP,MATCHED,2024-11,W0,2024-10-31,145,2,527.912,517.062,514.13177908253,516.7469636436218,516.7469636436218,0,1,0,0,0
SCRAP,MATCHED,2024-11,W1,2024-11-07,145,2,527.912,517.062,514.13177908253,516.7469636436218,516.7469636436218,0,1,0,0,0
SCRAP,MATCHED,2024-11,W2,2024-11-14,147,1,527.912,536.479,542.7202432089825,544.0445156186763,544.0445156186763,0,1,5,10,0
SCRAP,MATCHED,2024-11,W3,2024-11-21,147,1,527.912,536.479,542.7202432089825,544.0445156186763,544.0445156186763,0,1,0,0,0
SCRAP,MATCHED,2024-11,W4,2024-11-30,147,1,527.912,536.479,542.7202432089825,544.0445156186763,544.0445156186763,0,1,0,0,0
SCRAP,MATCHED,2024-12,W0,2024-11-30,146,2,514.749,536.479,532.9497536799031,536.5806836643496,536.5806836643496,0,1,0,0,0
SCRAP,MATCHED,2024-12,W1,2024-12-07,146,2,514.749,536.479,532.9497536799031,536.5806836643496,536.5806836643496,0,1,0,0,0
SCRAP,MATCHED,2024-12,W2,2024-12-14,148,1,514.749,530.05,528.8070986194903,530.143442364826,530.143442364826,0,1,5,10,0
SCRAP,MATCHED,2024-12,W3,2024-12-21,148,1,514.749,530.05,528.8070986194903,530.143442364826,530.143442364826,0,1,0,0,0
SCRAP,MATCHED,2024-12,W4,2024-12-31,148,1,514.749,530.05,528.8070986194903,530.143442364826,530.143442364826,0,1,0,0,0
SCRAP,MATCHED,2025-01,W0,2024-12-31,147,2,530.866,530.05,523.6936843847456,528.2263457797358,528.2263457797358,0,1,0,0,0
SCRAP,MATCHED,2025-01,W1,2025-01-07,147,2,530.866,530.05,523.6936843847456,528.2263457797358,528.2263457797358,0,1,0,0,0
SCRAP,MATCHED,2025-01,W2,2025-01-14,149,1,530.866,516.258,514.3415803661214,515.613952483875,515.613952483875,0,1,5,10,0
SCRAP,MATCHED,2025-01,W3,2025-01-21,149,1,530.866,516.258,514.3415803661214,515.613952483875,515.613952483875,0,1,0,0,0
SCRAP,MATCHED,2025-01,W4,2025-01-31,149,1,530.866,516.258,514.3415803661214,515.613952483875,515.613952483875,0,1,0,0,0
SCRAP,MATCHED,2025-02,W0,2025-01-31,148,2,574.367,516.258,510.73677727894636,511.22693726429605,511.22693726429605,0,1,0,0,0
SCRAP,MATCHED,2025-02,W1,2025-02-07,148,2,574.367,516.258,510.73677727894636,511.22693726429605,511.22693726429605,0,1,0,0,0
SCRAP,MATCHED,2025-02,W2,2025-02-14,150,1,574.367,543.349,547.5875272185804,547.7563690660769,547.7563690660769,0,1,5,10,0
SCRAP,MATCHED,2025-02,W3,2025-02-21,150,1,574.367,543.349,547.5875272185804,547.7563690660769,547.7563690660769,0,1,0,0,0
SCRAP,MATCHED,2025-02,W4,2025-02-28,150,1,574.367,543.349,547.5875272185804,547.7563690660769,547.7563690660769,0,1,0,0,0
SCRAP,MATCHED,2025-03,W0,2025-02-28,149,2,607.858,543.349,528.7687908912342,530.635562720739,530.635562720739,0,1,0,0,0
SCRAP,MATCHED,2025-03,W1,2025-03-07,149,2,607.858,543.349,528.7687908912342,530.635562720739,530.635562720739,0,1,0,0,0
SCRAP,MATCHED,2025-03,W2,2025-03-14,151,1,607.858,601.79,591.8883524588205,591.4651651304139,591.4651651304139,0,1,5,10,0
SCRAP,MATCHED,2025-03,W3,2025-03-21,151,1,607.858,601.79,591.8883524588205,591.4651651304139,591.4651651304139,0,1,0,0,0
SCRAP,MATCHED,2025-03,W4,2025-03-31,151,1,607.858,601.79,591.8883524588205,591.4651651304139,591.4651651304139,0,1,0,0,0
SCRAP,MATCHED,2025-04,W0,2025-03-31,150,2,567.259,601.79,565.2975382180385,565.05949467955,565.05949467955,0,1,0,0,0
SCRAP,MATCHED,2025-04,W1,2025-04-07,150,2,567.259,601.79,565.2975382180385,565.05949467955,565.05949467955,0,1,0,0,0
SCRAP,MATCHED,2025-04,W2,2025-04-14,152,1,567.259,603.832,590.0060529826039,582.2715265698004,582.2715265698004,0,1,5,10,0
SCRAP,MATCHED,2025-04,W3,2025-04-21,152,1,567.259,603.832,590.0060529826039,582.2715265698004,582.2715265698004,0,1,0,0,0
SCRAP,MATCHED,2025-04,W4,2025-04-30,152,1,567.259,603.832,590.0060529826039,582.2715265698004,582.2715265698004,0,1,0,0,0
SCRAP,MATCHED,2025-05,W0,2025-04-30,151,2,538.243,603.832,572.7809686957933,573.4079674632778,573.4079674632778,0,1,0,0,0
SCRAP,MATCHED,2025-05,W1,2025-05-07,151,2,538.243,603.832,572.7809686957933,573.4079674632778,573.4079674632778,0,1,0,0,0
SCRAP,MATCHED,2025-05,W2,2025-05-14,151,2,538.243,603.832,572.7809686957933,573.4079674632778,573.4079674632778,0,1,0,0,0
SCRAP,MATCHED,2025-05,W3,2025-05-21,153,1,538.243,560.08,547.313004258812,553.0494689523401,553.0494689523401,0,1,5,10,0
SCRAP,MATCHED,2025-05,W4,2025-05-31,153,1,538.243,560.08,547.313004258812,553.0494689523401,553.0494689523401,0,1,0,0,0
SCRAP,MATCHED,2025-06,W0,2025-05-31,152,2,530.948,560.08,531.6073302895081,542.8431348090245,542.8431348090245,0,1,0,0,0
SCRAP,MATCHED,2025-06,W1,2025-06-07,152,2,530.948,560.08,531.6073302895081,542.8431348090245,542.8431348090245,0,1,0,0,0
SCRAP,MATCHED,2025-06,W2,2025-06-14,154,1,530.948,511.875,512.6250368340734,521.953546285985,521.953546285985,0,1,5,10,1
SCRAP,MATCHED,2025-06,W3,2025-06-21,154,1,530.948,511.875,512.6250368340734,521.953546285985,521.953546285985,0,1,0,0,0
SCRAP,MATCHED,2025-06,W4,2025-06-30,154,1,530.948,511.875,512.6250368340734,521.953546285985,521.953546285985,0,1,0,0,1
SCRAP,MATCHED,2025-07,W0,2025-06-30,153,2,530.174,511.875,518.0592378300222,532.8037542913395,524.299592948364,1,0,0,0,0
SCRAP,MATCHED,2025-07,W1,2025-07-07,153,2,530.174,511.875,518.0592378300222,532.8037542913395,524.299592948364,1,0,0,0,0
SCRAP,MATCHED,2025-07,W2,2025-07-14,153,2,530.174,511.875,518.0592378300222,532.8037542913395,524.299592948364,1,0,0,0,1
SCRAP,MATCHED,2025-07,W3,2025-07-21,155,1,530.174,513.018,510.22570968529163,512.161008829104,512.0189192736111,1,0,5,10,0
SCRAP,MATCHED,2025-07,W4,2025-07-31,155,1,530.174,513.018,510.22570968529163,512.161008829104,512.0189192736111,1,0,0,0,0
SCRAP,MATCHED,2025-08,W0,2025-07-31,154,2,530.965,513.018,512.0992390595239,521.6451553503265,519.0812831586007,1,0,0,0,0
SCRAP,MATCHED,2025-08,W1,2025-08-07,154,2,530.965,513.018,512.0992390595239,521.6451553503265,519.0812831586007,1,0,0,0,0
SCRAP,MATCHED,2025-08,W2,2025-08-14,156,1,530.965,529.915,527.4001583736074,527.2816667709784,527.791791235299,1,0,5,10,0
SCRAP,MATCHED,2025-08,W3,2025-08-21,156,1,530.965,529.915,527.4001583736074,527.2816667709784,527.791791235299,1,0,0,0,0
SCRAP,MATCHED,2025-08,W4,2025-08-31,156,1,530.965,529.915,527.4001583736074,527.2816667709784,527.791791235299,1,0,0,0,0
SCRAP,MATCHED,2025-09,W0,2025-08-31,155,2,527.241,529.915,517.875587816256,525.7065799163562,521.3350597939195,1,0,0,0,0
SCRAP,MATCHED,2025-09,W1,2025-09-07,155,2,527.241,529.915,517.875587816256,525.7065799163562,521.3350597939195,1,0,0,0,0
SCRAP,MATCHED,2025-09,W2,2025-09-14,157,1,527.241,532.482,530.7652094839848,530.6848133727586,530.5452089234707,1,0,5,10,0
SCRAP,MATCHED,2025-09,W3,2025-09-21,157,1,527.241,532.482,530.7652094839848,530.6848133727586,530.5452089234707,1,0,0,0,0
SCRAP,MATCHED,2025-09,W4,2025-09-30,157,1,527.241,532.482,530.7652094839848,530.6848133727586,530.5452089234707,1,0,0,0,0
SCRAP,MATCHED,2025-10,W0,2025-09-30,156,2,517.244,532.482,527.7054999365967,525.5112103581596,522.5669905345042,1,0,0,0,0
SCRAP,MATCHED,2025-10,W1,2025-10-07,156,2,517.244,532.482,527.7054999365967,525.5112103581596,522.5669905345042,1,0,0,0,0
SCRAP,MATCHED,2025-10,W2,2025-10-14,156,2,517.244,532.482,527.7054999365967,525.5112103581596,522.5669905345042,1,0,0,0,0
SCRAP,MATCHED,2025-10,W3,2025-10-21,156,2,517.244,532.482,527.7054999365967,525.5112103581596,522.5669905345042,1,0,0,0,0
SCRAP,MATCHED,2025-10,W4,2025-10-31,156,2,517.244,532.482,527.7054999365967,525.5112103581596,522.5669905345042,1,0,0,0,0
SCRAP,MATCHED,2025-11,W0,2025-10-31,157,3,519.92,532.482,518.4866716428056,522.9490231027223,520.4949462873229,1,0,0,0,0
SCRAP,MATCHED,2025-11,W1,2025-11-07,157,3,519.92,532.482,518.4866716428056,522.9490231027223,520.4949462873229,1,0,0,0,0
SCRAP,MATCHED,2025-11,W2,2025-11-14,157,3,519.92,532.482,518.4866716428056,522.9490231027223,520.4949462873229,1,0,0,0,0
SCRAP,MATCHED,2025-11,W3,2025-11-21,157,3,519.92,532.482,518.4866716428056,522.9490231027223,520.4949462873229,1,0,0,0,0
SCRAP,MATCHED,2025-11,W4,2025-11-30,157,2,519.92,530.07,527.9885728794344,526.8374976279729,524.4379996652847,1,0,5,10,0
SCRAP,MATCHED,2025-12,W0,2025-11-30,158,3,532.289,530.07,517.0971884058392,525.6111448115299,523.3084717978969,1,0,0,0,0
SCRAP,MATCHED,2025-12,W1,2025-12-07,158,3,532.289,530.07,517.0971884058392,525.6111448115299,523.3084717978969,1,0,0,0,0
SCRAP,MATCHED,2025-12,W2,2025-12-14,158,3,532.289,530.07,517.0971884058392,525.6111448115299,523.3084717978969,1,0,0,0,0
SCRAP,MATCHED,2025-12,W3,2025-12-21,158,3,532.289,530.07,517.0971884058392,525.6111448115299,523.3084717978969,1,0,0,0,0
SCRAP,MATCHED,2025-12,W4,2025-12-31,158,3,532.289,530.07,517.0971884058392,525.6111448115299,523.3084717978969,1,0,0,0,0
SCRAP,MATCHED,2026-01,W0,2025-12-31,159,4,573.649,530.07,516.5964164316443,525.4098622010061,523.1428014106731,1,0,0,0,0
SCRAP,MATCHED,2026-01,W1,2026-01-07,159,4,573.649,530.07,516.5964164316443,525.4098622010061,523.1428014106731,1,0,0,0,0
SCRAP,MATCHED,2026-01,W2,2026-01-14,159,4,573.649,530.07,516.5964164316443,525.4098622010061,523.1428014106731,1,0,0,0,0
SCRAP,MATCHED,2026-01,W3,2026-01-21,159,4,573.649,530.07,516.5964164316443,525.4098622010061,523.1428014106731,1,0,0,0,0
SCRAP,MATCHED,2026-01,W4,2026-01-31,159,4,573.649,530.07,516.5964164316443,525.4098622010061,523.1428014106731,1,0,0,0,0
SCRAP,MAXIMUM,2021-12,W0,2021-11-30,126,2,739.064,690.1,682.2856924636515,682.2407732056575,682.2407732056575,0,1,0,0,0
SCRAP,MAXIMUM,2021-12,W1,2021-12-07,126,2,739.064,690.1,682.2856924636515,682.2407732056575,682.2407732056575,0,1,0,0,0
SCRAP,MAXIMUM,2021-12,W2,2021-12-14,129,1,739.064,765.016,764.1604888509291,783.9673059158613,783.9673059158613,0,1,5,10,1
SCRAP,MAXIMUM,2021-12,W3,2021-12-21,129,1,739.064,765.016,764.1604888509291,783.9673059158613,783.9673059158613,0,1,0,0,0
SCRAP,MAXIMUM,2021-12,W4,2021-12-31,129,1,739.064,765.016,764.1604888509291,783.9673059158613,783.9673059158613,0,1,0,0,0
SCRAP,MAXIMUM,2022-01,W0,2021-12-31,127,2,689.363,765.016,743.397605167632,743.2516613240217,780.6792710246746,1,0,0,0,0
SCRAP,MAXIMUM,2022-01,W1,2022-01-07,127,2,689.363,765.016,743.397605167632,743.2516613240217,780.6792710246746,1,0,0,0,0
SCRAP,MAXIMUM,2022-01,W2,2022-01-14,130,1,689.363,737.872,718.7425101365822,726.7907872166364,729.5055106941898,1,0,5,10,0
SCRAP,MAXIMUM,2022-01,W3,2022-01-21,130,1,689.363,737.872,718.7425101365822,726.7907872166364,729.5055106941898,1,0,0,0,0
SCRAP,MAXIMUM,2022-01,W4,2022-01-31,130,1,689.363,737.872,718.7425101365822,726.7907872166364,729.5055106941898,1,0,0,0,0
SCRAP,MAXIMUM,2022-02,W0,2022-01-31,128,2,687.35,737.872,709.5777489247627,726.5446931685576,726.5446931685576,0,1,0,0,0
SCRAP,MAXIMUM,2022-02,W1,2022-02-07,128,2,687.35,737.872,709.5777489247627,726.5446931685576,726.5446931685576,0,1,0,0,0
SCRAP,MAXIMUM,2022-02,W2,2022-02-14,128,2,687.35,737.872,709.5777489247627,726.5446931685576,726.5446931685576,0,1,0,0,0
SCRAP,MAXIMUM,2022-02,W3,2022-02-21,131,1,687.35,659.741,654.3245861802004,627.953481468405,628.7396594919231,1,0,5,10,0
SCRAP,MAXIMUM,2022-02,W4,2022-02-28,131,1,687.35,659.741,654.3245861802004,627.953481468405,628.7396594919231,1,0,0,0,0
SCRAP,MAXIMUM,2022-03,W0,2022-02-28,129,2,858.642,659.741,643.906268058654,641.4238391942681,642.5918929661826,1,0,0,0,0
SCRAP,MAXIMUM,2022-03,W1,2022-03-07,129,2,858.642,659.741,643.906268058654,641.4238391942681,642.5918929661826,1,0,0,0,0
SCRAP,MAXIMUM,2022-03,W2,2022-03-14,129,2,858.642,659.741,643.906268058654,641.4238391942681,642.5918929661826,1,0,0,0,0
SCRAP,MAXIMUM,2022-03,W3,2022-03-21,132,1,858.642,661.402,657.415203903696,582.6765552262318,581.5724755642932,1,0,5,10,0
SCRAP,MAXIMUM,2022-03,W4,2022-03-31,132,1,858.642,661.402,657.415203903696,582.6765552262318,581.5724755642932,1,0,0,0,0
SCRAP,MAXIMUM,2022-04,W0,2022-03-31,130,2,859.242,661.402,640.0599399814897,565.9361582352741,565.2053565309175,1,0,0,0,0
SCRAP,MAXIMUM,2022-04,W1,2022-04-07,130,2,859.242,661.402,640.0599399814897,565.9361582352741,565.2053565309175,1,0,0,0,0
SCRAP,MAXIMUM,2022-04,W2,2022-04-14,133,1,859.242,844.532,824.8294693731966,821.4194209898325,820.8104915586057,1,0,5,10,0
SCRAP,MAXIMUM,2022-04,W3,2022-04-21,133,1,859.242,844.532,824.8294693731966,821.4194209898325,820.8104915586057,1,0,0,0,0
SCRAP,MAXIMUM,2022-04,W4,2022-04-30,133,1,859.242,844.532,824.8294693731966,821.4194209898325,820.8104915586057,1,0,0,0,0
SCRAP,MAXIMUM,2022-05,W0,2022-04-30,131,2,756.577,844.532,779.2387695438063,683.0305428612523,681.4903754853849,1,0,0,0,0
SCRAP,MAXIMUM,2022-05,W1,2022-05-07,131,2,756.577,844.532,779.2387695438063,683.0305428612523,681.4903754853849,1,0,0,0,0
SCRAP,MAXIMUM,2022-05,W2,2022-05-14,134,1,756.577,831.034,774.8297329064408,775.4416683645277,775.4416683645277,0,1,5,10,0
SCRAP,MAXIMUM,2022-05,W3,2022-05-21,134,1,756.577,831.034,774.8297329064408,775.4416683645277,775.4416683645277,0,1,0,0,0
SCRAP,MAXIMUM,2022-05,W4,2022-05-31,134,1,756.577,831.034,774.8297329064408,775.4416683645277,775.4416683645277,0,1,0,0,0
SCRAP,MAXIMUM,2022-06,W0,2022-05-31,132,2,679.742,831.034,757.2810961301591,737.4913640369512,737.4913640369512,0,1,0,0,0
SCRAP,MAXIMUM,2022-06,W1,2022-06-07,132,2,679.742,831.034,757.2810961301591,737.4913640369512,737.4913640369512,0,1,0,0,0
SCRAP,MAXIMUM,2022-06,W2,2022-06-14,135,1,679.742,756.48,765.9637765747906,767.1839735459139,767.1839735459139,0,1,5,10,0
SCRAP,MAXIMUM,2022-06,W3,2022-06-21,135,1,679.742,756.48,765.9637765747906,767.1839735459139,767.1839735459139,0,1,0,0,0
SCRAP,MAXIMUM,2022-06,W4,2022-06-30,135,1,679.742,756.48,765.9637765747906,767.1839735459139,767.1839735459139,0,1,0,0,0
SCRAP,MAXIMUM,2022-07,W0,2022-06-30,133,2,593.864,756.48,777.8687626393865,777.49070837624,777.49070837624,0,1,0,0,0
SCRAP,MAXIMUM,2022-07,W1,2022-07-07,133,2,593.864,756.48,777.8687626393865,777.49070837624,777.49070837624,0,1,0,0,0
SCRAP,MAXIMUM,2022-07,W2,2022-07-14,136,1,593.864,680.206,685.8471461202308,682.125343355259,682.125343355259,0,1,5,10,0
SCRAP,MAXIMUM,2022-07,W3,2022-07-21,136,1,593.864,680.206,685.8471461202308,682.125343355259,682.125343355259,0,1,0,0,0
SCRAP,MAXIMUM,2022-07,W4,2022-07-31,136,1,593.864,680.206,685.8471461202308,682.125343355259,682.125343355259,0,1,0,0,0
SCRAP,MAXIMUM,2022-08,W0,2022-07-31,134,2,546.383,680.206,675.4533947138048,684.4403608922839,684.4403608922839,0,1,0,0,0
SCRAP,MAXIMUM,2022-08,W1,2022-08-07,134,2,546.383,680.206,675.4533947138048,684.4403608922839,684.4403608922839,0,1,0,0,0
SCRAP,MAXIMUM,2022-08,W2,2022-08-14,137,1,546.383,594.231,576.788530209021,565.0108477238645,565.0108477238645,0,1,5,10,0
SCRAP,MAXIMUM,2022-08,W3,2022-08-21,137,1,546.383,594.231,576.788530209021,565.0108477238645,565.0108477238645,0,1,0,0,0
SCRAP,MAXIMUM,2022-08,W4,2022-08-31,137,1,546.383,594.231,576.788530209021,565.0108477238645,565.0108477238645,0,1,0,0,1
SCRAP,MAXIMUM,2022-09,W0,2022-08-31,135,2,527.719,594.231,569.7575042776188,558.8441764975731,581.6616943764388,1,0,0,0,0
SCRAP,MAXIMUM,2022-09,W1,2022-09-07,135,2,527.719,594.231,569.7575042776188,558.8441764975731,581.6616943764388,1,0,0,0,0
SCRAP,MAXIMUM,2022-09,W2,2022-09-14,138,1,527.719,562.991,548.4877431211521,535.1072076706978,558.246588408459,1,0,5,10,0
SCRAP,MAXIMUM,2022-09,W3,2022-09-21,138,1,527.719,562.991,548.4877431211521,535.1072076706978,558.246588408459,1,0,0,0,0
SCRAP,MAXIMUM,2022-09,W4,2022-09-30,138,1,527.719,562.991,548.4877431211521,535.1072076706978,558.246588408459,1,0,0,0,0
SCRAP,MAXIMUM,2022-10,W0,2022-09-30,136,2,510.006,562.991,509.1124052558741,497.4534385795044,497.4534385795044,0,1,0,0,0
SCRAP,MAXIMUM,2022-10,W1,2022-10-07,136,2,510.006,562.991,509.1124052558741,497.4534385795044,497.4534385795044,0,1,0,0,0
SCRAP,MAXIMUM,2022-10,W2,2022-10-14,139,1,510.006,528.942,508.30816654887815,503.5219759086298,513.3455296009934,1,0,5,10,0
SCRAP,MAXIMUM,2022-10,W3,2022-10-21,139,1,510.006,528.942,508.30816654887815,503.5219759086298,513.3455296009934,1,0,0,0,0
SCRAP,MAXIMUM,2022-10,W4,2022-10-31,139,1,510.006,528.942,508.30816654887815,503.5219759086298,513.3455296009934,1,0,0,0,0
SCRAP,MAXIMUM,2022-11,W0,2022-10-31,137,2,493.08,528.942,454.0244749271372,447.64153767677305,449.10229471857855,1,0,0,0,0
SCRAP,MAXIMUM,2022-11,W1,2022-11-07,137,2,493.08,528.942,454.0244749271372,447.64153767677305,449.10229471857855,1,0,0,0,0
SCRAP,MAXIMUM,2022-11,W2,2022-11-14,137,2,493.08,528.942,454.0244749271372,447.64153767677305,449.10229471857855,1,0,0,0,0
SCRAP,MAXIMUM,2022-11,W3,2022-11-21,140,1,493.08,503.35,485.0601205959481,485.22999760570565,485.21475884489314,1,0,5,10,0
SCRAP,MAXIMUM,2022-11,W4,2022-11-30,140,1,493.08,503.35,485.0601205959481,485.22999760570565,485.21475884489314,1,0,0,0,0
SCRAP,MAXIMUM,2022-12,W0,2022-11-30,138,2,517.66,503.35,441.025629866446,440.3674786947839,440.19340532777926,1,0,0,0,0
SCRAP,MAXIMUM,2022-12,W1,2022-12-07,138,2,517.66,503.35,441.025629866446,440.3674786947839,440.19340532777926,1,0,0,0,1
SCRAP,MAXIMUM,2022-12,W2,2022-12-14,141,1,517.66,494.258,481.3706331984395,482.8901962080188,494.4560306461986,1,0,5,10,0
SCRAP,MAXIMUM,2022-12,W3,2022-12-21,141,1,517.66,494.258,481.3706331984395,482.8901962080188,494.4560306461986,1,0,0,0,0
SCRAP,MAXIMUM,2022-12,W4,2022-12-31,141,1,517.66,494.258,481.3706331984395,482.8901962080188,494.4560306461986,1,0,0,0,1
SCRAP,MAXIMUM,2023-01,W0,2022-12-31,139,2,570.52,494.258,452.9019904547749,456.35081914296416,461.2188058204934,1,0,0,0,0
SCRAP,MAXIMUM,2023-01,W1,2023-01-07,139,2,570.52,494.258,452.9019904547749,456.35081914296416,461.2188058204934,1,0,0,0,0
SCRAP,MAXIMUM,2023-01,W2,2023-01-14,139,2,570.52,494.258,452.9019904547749,456.35081914296416,461.2188058204934,1,0,0,0,0
SCRAP,MAXIMUM,2023-01,W3,2023-01-21,142,1,570.52,534.202,534.6650417067169,535.392291108762,536.2054387464888,1,0,5,10,0
SCRAP,MAXIMUM,2023-01,W4,2023-01-31,142,1,570.52,534.202,534.6650417067169,535.392291108762,536.2054387464888,1,0,0,0,0
SCRAP,MAXIMUM,2023-02,W0,2023-01-31,140,2,606.166,534.202,508.3352459156234,507.98813559705445,507.98813559705445,0,1,0,0,0
SCRAP,MAXIMUM,2023-02,W1,2023-02-07,140,2,606.166,534.202,508.3352459156234,507.98813559705445,507.98813559705445,0,1,0,0,0
SCRAP,MAXIMUM,2023-02,W2,2023-02-14,140,2,606.166,534.202,508.3352459156234,507.98813559705445,507.98813559705445,0,1,0,0,0
SCRAP,MAXIMUM,2023-02,W3,2023-02-21,143,1,606.166,591.546,582.9963354576824,580.8640087486152,580.968785593526,1,0,5,10,0
SCRAP,MAXIMUM,2023-02,W4,2023-02-28,143,1,606.166,591.546,582.9963354576824,580.8640087486152,580.968785593526,1,0,0,0,0
SCRAP,MAXIMUM,2023-03,W0,2023-02-28,141,2,664.4,591.546,545.0015050066438,539.4162884969888,548.6779470181676,1,0,0,0,0
SCRAP,MAXIMUM,2023-03,W1,2023-03-07,141,2,664.4,591.546,545.0015050066438,539.4162884969888,548.6779470181676,1,0,0,0,0
SCRAP,MAXIMUM,2023-03,W2,2023-03-14,141,2,664.4,591.546,545.0015050066438,539.4162884969888,548.6779470181676,1,0,0,0,0
SCRAP,MAXIMUM,2023-03,W3,2023-03-21,144,1,664.4,626.106,614.0305474507746,611.3250380407952,611.0196768534641,1,0,5,10,0
SCRAP,MAXIMUM,2023-03,W4,2023-03-31,144,1,664.4,626.106,614.0305474507746,611.3250380407952,611.0196768534641,1,0,0,0,0
SCRAP,MAXIMUM,2023-04,W0,2023-03-31,142,2,651.118,626.106,574.2663229447893,568.1294895518353,570.6874990567218,1,0,0,0,0
SCRAP,MAXIMUM,2023-04,W1,2023-04-07,142,2,651.118,626.106,574.2663229447893,568.1294895518353,570.6874990567218,1,0,0,0,0
SCRAP,MAXIMUM,2023-04,W2,2023-04-14,145,1,651.118,671.838,660.0900843824159,654.9217194221727,654.3274363076699,1,0,5,10,0
SCRAP,MAXIMUM,2023-04,W3,2023-04-21,145,1,651.118,671.838,660.0900843824159,654.9217194221727,654.3274363076699,1,0,0,0,0
SCRAP,MAXIMUM,2023-04,W4,2023-04-30,145,1,651.118,671.838,660.0900843824159,654.9217194221727,654.3274363076699,1,0,0,0,0
SCRAP,MAXIMUM,2023-05,W0,2023-04-30,143,2,617.717,671.838,617.7681578574318,608.6173146099748,607.538908680489,1,0,0,0,0
SCRAP,MAXIMUM,2023-05,W1,2023-05-07,143,2,617.717,671.838,617.7681578574318,608.6173146099748,607.538908680489,1,0,0,0,0
SCRAP,MAXIMUM,2023-05,W2,2023-05-14,146,1,617.717,651.089,610.5266354739364,614.2603124206944,614.2603124206944,0,1,5,10,0
SCRAP,MAXIMUM,2023-05,W3,2023-05-21,146,1,617.717,651.089,610.5266354739364,614.2603124206944,614.2603124206944,0,1,0,0,0
SCRAP,MAXIMUM,2023-05,W4,2023-05-31,146,1,617.717,651.089,610.5266354739364,614.2603124206944,614.2603124206944,0,1,0,0,1
SCRAP,MAXIMUM,2023-06,W0,2023-05-31,144,2,557.441,651.089,591.6050008082469,606.7722405617885,606.0442516001431,1,0,0,0,0
SCRAP,MAXIMUM,2023-06,W1,2023-06-07,144,2,557.441,651.089,591.6050008082469,606.7722405617885,606.0442516001431,1,0,0,0,0
SCRAP,MAXIMUM,2023-06,W2,2023-06-14,147,1,557.441,602.014,584.6028595056383,587.522147779044,587.3244395395725,1,0,5,10,0
SCRAP,MAXIMUM,2023-06,W3,2023-06-21,147,1,557.441,602.014,584.6028595056383,587.522147779044,587.3244395395725,1,0,0,0,0
SCRAP,MAXIMUM,2023-06,W4,2023-06-30,147,1,557.441,602.014,584.6028595056383,587.522147779044,587.3244395395725,1,0,0,0,0
SCRAP,MAXIMUM,2023-07,W0,2023-06-30,145,2,539.555,602.014,573.39835787636,590.1278867178416,590.1278867178416,0,1,0,0,0
SCRAP,MAXIMUM,2023-07,W1,2023-07-07,145,2,539.555,602.014,573.39835787636,590.1278867178416,590.1278867178416,0,1,0,0,0
SCRAP,MAXIMUM,2023-07,W2,2023-07-14,148,1,539.555,539.463,517.7216197543324,516.1986316706183,513.6202551110161,1,0,5,10,0
SCRAP,MAXIMUM,2023-07,W3,2023-07-21,148,1,539.555,539.463,517.7216197543324,516.1986316706183,513.6202551110161,1,0,0,0,0
SCRAP,MAXIMUM,2023-07,W4,2023-07-31,148,1,539.555,539.463,517.7216197543324,516.1986316706183,513.6202551110161,1,0,0,0,0
SCRAP,MAXIMUM,2023-08,W0,2023-07-31,146,2,543.896,539.463,522.9833655341797,522.3205281981154,520.8038677560886,1,0,0,0,0
SCRAP,MAXIMUM,2023-08,W1,2023-08-07,146,2,543.896,539.463,522.9833655341797,522.3205281981154,520.8038677560886,1,0,0,0,0
SCRAP,MAXIMUM,2023-08,W2,2023-08-14,149,1,543.896,519.409,512.5874274917963,512.3666140468607,508.9855543113971,1,0,5,10,0
SCRAP,MAXIMUM,2023-08,W3,2023-08-21,149,1,543.896,519.409,512.5874274917963,512.3666140468607,508.9855543113971,1,0,0,0,0
SCRAP,MAXIMUM,2023-08,W4,2023-08-31,149,1,543.896,519.409,512.5874274917963,512.3666140468607,508.9855543113971,1,0,0,0,1
SCRAP,MAXIMUM,2023-09,W0,2023-08-31,147,2,547.501,519.409,511.2437175324425,507.6394943522282,554.5167512393533,1,0,0,0,0
SCRAP,MAXIMUM,2023-09,W1,2023-09-07,147,2,547.501,519.409,511.2437175324425,507.6394943522282,554.5167512393533,1,0,0,0,0
SCRAP,MAXIMUM,2023-09,W2,2023-09-14,150,1,547.501,556.201,549.6963197417789,549.5349518888094,558.0033337737665,1,0,5,10,0
SCRAP,MAXIMUM,2023-09,W3,2023-09-21,150,1,547.501,556.201,549.6963197417789,549.5349518888094,558.0033337737665,1,0,0,0,0
SCRAP,MAXIMUM,2023-09,W4,2023-09-30,150,1,547.501,556.201,549.6963197417789,549.5349518888094,558.0033337737665,1,0,0,0,0
SCRAP,MAXIMUM,2023-10,W0,2023-09-30,148,2,534.762,556.201,536.1385205099815,535.8161654729591,527.4962131448199,1,0,0,0,0
SCRAP,MAXIMUM,2023-10,W1,2023-10-07,148,2,534.762,556.201,536.1385205099815,535.8161654729591,527.4962131448199,1,0,0,0,0
SCRAP,MAXIMUM,2023-10,W2,2023-10-14,151,1,534.762,548.783,543.4688445766253,543.4924454654891,548.1176654683624,1,0,5,10,1
SCRAP,MAXIMUM,2023-10,W3,2023-10-21,151,1,534.762,548.783,543.4688445766253,543.4924454654891,548.1176654683624,1,0,0,0,0
SCRAP,MAXIMUM,2023-10,W4,2023-10-31,151,1,534.762,548.783,543.4688445766253,543.4924454654891,548.1176654683624,1,0,0,0,0
SCRAP,MAXIMUM,2023-11,W0,2023-10-31,149,2,554.973,548.783,536.7565362392373,536.8048704970895,549.8341774553594,1,0,0,0,0
SCRAP,MAXIMUM,2023-11,W1,2023-11-07,149,2,554.973,548.783,536.7565362392373,536.8048704970895,549.8341774553594,1,0,0,0,0
SCRAP,MAXIMUM,2023-11,W2,2023-11-14,149,2,554.973,548.783,536.7565362392373,536.8048704970895,549.8341774553594,1,0,0,0,0
SCRAP,MAXIMUM,2023-11,W3,2023-11-21,152,1,554.973,528.592,522.9901465639655,524.1296022881211,524.5684583710776,1,0,5,10,0
SCRAP,MAXIMUM,2023-11,W4,2023-11-30,152,1,554.973,528.592,522.9901465639655,524.1296022881211,524.5684583710776,1,0,0,0,0
SCRAP,MAXIMUM,2023-12,W0,2023-11-30,150,2,608.785,528.592,526.1011981675731,528.6864152278775,530.9662204591849,1,0,0,0,0
SCRAP,MAXIMUM,2023-12,W1,2023-12-07,150,2,608.785,528.592,526.1011981675731,528.6864152278775,530.9662204591849,1,0,0,0,0
SCRAP,MAXIMUM,2023-12,W2,2023-12-14,153,1,608.785,562.716,575.0773701532327,575.2510044442106,575.0266956667409,1,0,5,10,0
SCRAP,MAXIMUM,2023-12,W3,2023-12-21,153,1,608.785,562.716,575.0773701532327,575.2510044442106,575.0266956667409,1,0,0,0,0
SCRAP,MAXIMUM,2023-12,W4,2023-12-31,153,1,608.785,562.716,575.0773701532327,575.2510044442106,575.0266956667409,1,0,0,0,0
SCRAP,MAXIMUM,2024-01,W0,2023-12-31,151,2,620.161,562.716,574.8668940062661,575.2100785179551,576.4080327287652,1,0,0,0,0
SCRAP,MAXIMUM,2024-01,W1,2024-01-07,151,2,620.161,562.716,574.8668940062661,575.2100785179551,576.4080327287652,1,0,0,0,0
SCRAP,MAXIMUM,2024-01,W2,2024-01-14,154,1,620.161,618.225,622.1852583489322,628.431533446533,627.8092522317784,1,0,5,10,1
SCRAP,MAXIMUM,2024-01,W3,2024-01-21,154,1,620.161,618.225,622.1852583489322,628.431533446533,627.8092522317784,1,0,0,0,0
SCRAP,MAXIMUM,2024-01,W4,2024-01-31,154,1,620.161,618.225,622.1852583489322,628.431533446533,627.8092522317784,1,0,0,0,0
SCRAP,MAXIMUM,2024-02,W0,2024-01-31,152,2,603.853,618.225,611.5064734439086,611.9071754988363,625.1999246812727,1,0,0,0,0
SCRAP,MAXIMUM,2024-02,W1,2024-02-07,152,2,603.853,618.225,611.5064734439086,611.9071754988363,625.1999246812727,1,0,0,0,0
SCRAP,MAXIMUM,2024-02,W2,2024-02-14,152,2,603.853,618.225,611.5064734439086,611.9071754988363,625.1999246812727,1,0,0,0,0
SCRAP,MAXIMUM,2024-02,W3,2024-02-21,155,1,603.853,614.603,597.2299740828289,597.6453343709161,598.8263227203582,1,0,5,10,0
SCRAP,MAXIMUM,2024-02,W4,2024-02-29,155,1,603.853,614.603,597.2299740828289,597.6453343709161,598.8263227203582,1,0,0,0,0
SCRAP,MAXIMUM,2024-03,W0,2024-02-29,153,2,556.234,614.603,591.5218428086365,591.6414687767364,590.0238482728952,1,0,0,0,0
SCRAP,MAXIMUM,2024-03,W1,2024-03-07,153,2,556.234,614.603,591.5218428086365,591.6414687767364,590.0238482728952,1,0,0,0,0
SCRAP,MAXIMUM,2024-03,W2,2024-03-14,156,1,556.234,586.525,583.604436852748,583.246566719286,583.4844230041189,1,0,5,10,0
SCRAP,MAXIMUM,2024-03,W3,2024-03-21,156,1,556.234,586.525,583.604436852748,583.246566719286,583.4844230041189,1,0,0,0,0
SCRAP,MAXIMUM,2024-03,W4,2024-03-31,156,1,556.234,586.525,583.604436852748,583.246566719286,583.4844230041189,1,0,0,0,0
SCRAP,MAXIMUM,2024-04,W0,2024-03-31,154,2,543.767,586.525,575.3432877003552,575.3431529825142,575.8104970620775,1,0,0,0,0
SCRAP,MAXIMUM,2024-04,W1,2024-04-07,154,2,543.767,586.525,575.3432877003552,575.3431529825142,575.8104970620775,1,0,0,0,0
SCRAP,MAXIMUM,2024-04,W2,2024-04-14,157,1,543.767,544.29,529.1891447792623,530.022457858546,529.85629400464,1,0,5,10,0
SCRAP,MAXIMUM,2024-04,W3,2024-04-21,157,1,543.767,544.29,529.1891447792623,530.022457858546,529.85629400464,1,0,0,0,0
SCRAP,MAXIMUM,2024-04,W4,2024-04-30,157,1,543.767,544.29,529.1891447792623,530.022457858546,529.85629400464,1,0,0,0,0
SCRAP,MAXIMUM,2024-05,W0,2024-04-30,155,2,541.476,544.29,525.2844929137093,532.8983161940753,531.9299539364308,1,0,0,0,0
SCRAP,MAXIMUM,2024-05,W1,2024-05-07,155,2,541.476,544.29,525.2844929137093,532.8983161940753,531.9299539364308,1,0,0,0,0
SCRAP,MAXIMUM,2024-05,W2,2024-05-14,158,1,541.476,547.78,551.1871061379715,553.529617012162,553.0535934915634,1,0,5,10,0
SCRAP,MAXIMUM,2024-05,W3,2024-05-21,158,1,541.476,547.78,551.1871061379715,553.529617012162,553.0535934915634,1,0,0,0,1
SCRAP,MAXIMUM,2024-05,W4,2024-05-31,158,1,541.476,547.78,551.1871061379715,553.529617012162,553.0535934915634,1,0,0,0,0
SCRAP,MAXIMUM,2024-06,W0,2024-05-31,156,2,521.206,547.78,535.4120445092087,540.6705792961095,547.6437387813786,1,0,0,0,0
SCRAP,MAXIMUM,2024-06,W1,2024-06-07,156,2,521.206,547.78,535.4120445092087,540.6705792961095,547.6437387813786,1,0,0,0,0
SCRAP,MAXIMUM,2024-06,W2,2024-06-14,159,1,521.206,535.947,521.7633676575877,526.5480673478647,528.2771473757756,1,0,5,10,0
SCRAP,MAXIMUM,2024-06,W3,2024-06-21,159,1,521.206,535.947,521.7633676575877,526.5480673478647,528.2771473757756,1,0,0,0,0
SCRAP,MAXIMUM,2024-06,W4,2024-06-30,159,1,521.206,535.947,521.7633676575877,526.5480673478647,528.2771473757756,1,0,0,0,0
SCRAP,MAXIMUM,2024-07,W0,2024-06-30,157,2,522.499,535.947,519.0627338446232,526.900428845277,526.900428845277,0,1,0,0,0
SCRAP,MAXIMUM,2024-07,W1,2024-07-07,157,2,522.499,535.947,519.0627338446232,526.900428845277,526.900428845277,0,1,0,0,0
SCRAP,MAXIMUM,2024-07,W2,2024-07-14,160,1,522.499,517.279,508.38710927219086,507.1874321707258,507.601565957021,1,0,5,10,0
SCRAP,MAXIMUM,2024-07,W3,2024-07-21,160,1,522.499,517.279,508.38710927219086,507.1874321707258,507.601565957021,1,0,0,0,0
SCRAP,MAXIMUM,2024-07,W4,2024-07-31,160,1,522.499,517.279,508.38710927219086,507.1874321707258,507.601565957021,1,0,0,0,0
SCRAP,MAXIMUM,2024-08,W0,2024-07-31,158,2,520.709,517.279,513.8433216195527,512.461592556473,514.7850251792744,1,0,0,0,0
SCRAP,MAXIMUM,2024-08,W1,2024-08-07,158,2,520.709,517.279,513.8433216195527,512.461592556473,514.7850251792744,1,0,0,0,0
SCRAP,MAXIMUM,2024-08,W2,2024-08-14,161,1,520.709,534.435,540.6627464561391,540.5038356715716,540.4549706786942,1,0,5,10,0
SCRAP,MAXIMUM,2024-08,W3,2024-08-21,161,1,520.709,534.435,540.6627464561391,540.5038356715716,540.4549706786942,1,0,0,0,0
SCRAP,MAXIMUM,2024-08,W4,2024-08-31,161,1,520.709,534.435,540.6627464561391,540.5038356715716,540.4549706786942,1,0,0,0,0
SCRAP,MAXIMUM,2024-09,W0,2024-08-31,159,2,516.389,534.435,532.7340140094963,532.4546268537852,532.523700849718,1,0,0,0,0
SCRAP,MAXIMUM,2024-09,W1,2024-09-07,159,2,516.389,534.435,532.7340140094963,532.4546268537852,532.523700849718,1,0,0,0,0
SCRAP,MAXIMUM,2024-09,W2,2024-09-14,162,1,516.389,533.358,530.9983708454766,530.8463822742731,530.4876080409715,1,0,5,10,0
SCRAP,MAXIMUM,2024-09,W3,2024-09-21,162,1,516.389,533.358,530.9983708454766,530.8463822742731,530.4876080409715,1,0,0,0,0
SCRAP,MAXIMUM,2024-09,W4,2024-09-30,162,1,516.389,533.358,530.9983708454766,530.8463822742731,530.4876080409715,1,0,0,0,0
SCRAP,MAXIMUM,2024-10,W0,2024-09-30,160,2,526.359,533.358,527.28880282076,527.0474093410111,525.888411996129,1,0,0,0,0
SCRAP,MAXIMUM,2024-10,W1,2024-10-07,160,2,526.359,533.358,527.28880282076,527.0474093410111,525.888411996129,1,0,0,0,0
SCRAP,MAXIMUM,2024-10,W2,2024-10-14,163,1,526.359,517.062,518.0760960167615,518.1443391079442,518.1443391079442,0,1,5,10,0
SCRAP,MAXIMUM,2024-10,W3,2024-10-21,163,1,526.359,517.062,518.0760960167615,518.1443391079442,518.1443391079442,0,1,0,0,0
SCRAP,MAXIMUM,2024-10,W4,2024-10-31,163,1,526.359,517.062,518.0760960167615,518.1443391079442,518.1443391079442,0,1,0,0,0
SCRAP,MAXIMUM,2024-11,W0,2024-10-31,161,2,527.912,517.062,518.2306742116473,518.4402239127451,518.4402239127451,0,1,0,0,0
SCRAP,MAXIMUM,2024-11,W1,2024-11-07,161,2,527.912,517.062,518.2306742116473,518.4402239127451,518.4402239127451,0,1,0,0,0
SCRAP,MAXIMUM,2024-11,W2,2024-11-14,164,1,527.912,536.479,544.94205296529,546.2194742457791,546.2194742457791,0,1,5,10,0
SCRAP,MAXIMUM,2024-11,W3,2024-11-21,164,1,527.912,536.479,544.94205296529,546.2194742457791,546.2194742457791,0,1,0,0,0
SCRAP,MAXIMUM,2024-11,W4,2024-11-30,164,1,527.912,536.479,544.94205296529,546.2194742457791,546.2194742457791,0,1,0,0,0
SCRAP,MAXIMUM,2024-12,W0,2024-11-30,162,2,514.749,536.479,537.040242833222,540.4122935838774,540.4122935838774,0,1,0,0,0
SCRAP,MAXIMUM,2024-12,W1,2024-12-07,162,2,514.749,536.479,537.040242833222,540.4122935838774,540.4122935838774,0,1,0,0,0
SCRAP,MAXIMUM,2024-12,W2,2024-12-14,165,1,514.749,530.05,529.8045459749898,531.2443155680874,531.2443155680874,0,1,5,10,0
SCRAP,MAXIMUM,2024-12,W3,2024-12-21,165,1,514.749,530.05,529.8045459749898,531.2443155680874,531.2443155680874,0,1,0,0,0
SCRAP,MAXIMUM,2024-12,W4,2024-12-31,165,1,514.749,530.05,529.8045459749898,531.2443155680874,531.2443155680874,0,1,0,0,0
SCRAP,MAXIMUM,2025-01,W0,2024-12-31,163,2,530.866,530.05,527.3138563632019,531.9222752442483,531.9222752442483,0,1,0,0,0
SCRAP,MAXIMUM,2025-01,W1,2025-01-07,163,2,530.866,530.05,527.3138563632019,531.9222752442483,531.9222752442483,0,1,0,0,0
SCRAP,MAXIMUM,2025-01,W2,2025-01-14,166,1,530.866,516.258,516.2729051668492,517.6649368402346,517.6649368402346,0,1,5,10,0
SCRAP,MAXIMUM,2025-01,W3,2025-01-21,166,1,530.866,516.258,516.2729051668492,517.6649368402346,517.6649368402346,0,1,0,0,0
SCRAP,MAXIMUM,2025-01,W4,2025-01-31,166,1,530.866,516.258,516.2729051668492,517.6649368402346,517.6649368402346,0,1,0,0,0
SCRAP,MAXIMUM,2025-02,W0,2025-01-31,164,2,574.367,516.258,515.261216603434,515.7638850459457,515.7638850459457,0,1,0,0,0
SCRAP,MAXIMUM,2025-02,W1,2025-02-07,164,2,574.367,516.258,515.261216603434,515.7638850459457,515.7638850459457,0,1,0,0,0
SCRAP,MAXIMUM,2025-02,W2,2025-02-14,167,1,574.367,543.349,553.4634716082259,553.378473273014,553.378473273014,0,1,5,10,0
SCRAP,MAXIMUM,2025-02,W3,2025-02-21,167,1,574.367,543.349,553.4634716082259,553.378473273014,553.378473273014,0,1,0,0,0
SCRAP,MAXIMUM,2025-02,W4,2025-02-28,167,1,574.367,543.349,553.4634716082259,553.378473273014,553.378473273014,0,1,0,0,0
SCRAP,MAXIMUM,2025-03,W0,2025-02-28,165,2,607.858,543.349,535.0265339295156,535.1671046462227,535.1671046462227,0,1,0,0,0
SCRAP,MAXIMUM,2025-03,W1,2025-03-07,165,2,607.858,543.349,535.0265339295156,535.1671046462227,535.1671046462227,0,1,0,0,0
SCRAP,MAXIMUM,2025-03,W2,2025-03-14,168,1,607.858,601.79,599.4674352205506,598.643787979486,598.643787979486,0,1,5,10,0
SCRAP,MAXIMUM,2025-03,W3,2025-03-21,168,1,607.858,601.79,599.4674352205506,598.643787979486,598.643787979486,0,1,0,0,0
SCRAP,MAXIMUM,2025-03,W4,2025-03-31,168,1,607.858,601.79,599.4674352205506,598.643787979486,598.643787979486,0,1,0,0,0
SCRAP,MAXIMUM,2025-04,W0,2025-03-31,166,2,567.259,601.79,571.3523586333413,570.0175167871347,570.0175167871347,0,1,0,0,0
SCRAP,MAXIMUM,2025-04,W1,2025-04-07,166,2,567.259,601.79,571.3523586333413,570.0175167871347,570.0175167871347,0,1,0,0,0
SCRAP,MAXIMUM,2025-04,W2,2025-04-14,169,1,567.259,603.832,592.9673996907422,589.3236491416565,589.3236491416565,0,1,5,10,0
SCRAP,MAXIMUM,2025-04,W3,2025-04-21,169,1,567.259,603.832,592.9673996907422,589.3236491416565,589.3236491416565,0,1,0,0,0
SCRAP,MAXIMUM,2025-04,W4,2025-04-30,169,1,567.259,603.832,592.9673996907422,589.3236491416565,589.3236491416565,0,1,0,0,0
SCRAP,MAXIMUM,2025-05,W0,2025-04-30,167,2,538.243,603.832,577.0622654676573,576.743829577597,576.743829577597,0,1,0,0,0
SCRAP,MAXIMUM,2025-05,W1,2025-05-07,167,2,538.243,603.832,577.0622654676573,576.743829577597,576.743829577597,0,1,0,0,0
SCRAP,MAXIMUM,2025-05,W2,2025-05-14,167,2,538.243,603.832,577.0622654676573,576.743829577597,576.743829577597,0,1,0,0,0
SCRAP,MAXIMUM,2025-05,W3,2025-05-21,170,1,538.243,560.08,548.4553319405342,552.0818971063164,552.0818971063164,0,1,5,10,0
SCRAP,MAXIMUM,2025-05,W4,2025-05-31,170,1,538.243,560.08,548.4553319405342,552.0818971063164,552.0818971063164,0,1,0,0,0
SCRAP,MAXIMUM,2025-06,W0,2025-05-31,168,2,530.948,560.08,536.3632909289419,537.5840496678849,537.5840496678849,0,1,0,0,0
SCRAP,MAXIMUM,2025-06,W1,2025-06-07,168,2,530.948,560.08,536.3632909289419,537.5840496678849,537.5840496678849,0,1,0,0,0
SCRAP,MAXIMUM,2025-06,W2,2025-06-14,171,1,530.948,511.875,505.35218756440594,504.66376108876534,504.66376108876534,0,1,5,10,1
SCRAP,MAXIMUM,2025-06,W3,2025-06-21,171,1,530.948,511.875,505.35218756440594,504.66376108876534,504.66376108876534,0,1,0,0,0
SCRAP,MAXIMUM,2025-06,W4,2025-06-30,171,1,530.948,511.875,505.35218756440594,504.66376108876534,504.66376108876534,0,1,0,0,1
SCRAP,MAXIMUM,2025-07,W0,2025-06-30,169,2,530.174,511.875,522.0441156962024,523.6744886424585,510.562711723958,1,0,0,0,0
SCRAP,MAXIMUM,2025-07,W1,2025-07-07,169,2,530.174,511.875,522.0441156962024,523.6744886424585,510.562711723958,1,0,0,0,0
SCRAP,MAXIMUM,2025-07,W2,2025-07-14,169,2,530.174,511.875,522.0441156962024,523.6744886424585,510.562711723958,1,0,0,0,1
SCRAP,MAXIMUM,2025-07,W3,2025-07-21,172,1,530.174,513.018,516.088672232954,506.95440571662846,515.1774355949283,1,0,5,10,0
SCRAP,MAXIMUM,2025-07,W4,2025-07-31,172,1,530.174,513.018,516.088672232954,506.95440571662846,515.1774355949283,1,0,0,0,0
SCRAP,MAXIMUM,2025-08,W0,2025-07-31,170,2,530.965,513.018,515.8590576462911,516.8049084769501,513.4339877169016,1,0,0,0,0
SCRAP,MAXIMUM,2025-08,W1,2025-08-07,170,2,530.965,513.018,515.8590576462911,516.8049084769501,513.4339877169016,1,0,0,0,0
SCRAP,MAXIMUM,2025-08,W2,2025-08-14,173,1,530.965,529.915,528.8264542903968,528.6493620449326,528.8228011194626,1,0,5,10,0
SCRAP,MAXIMUM,2025-08,W3,2025-08-21,173,1,530.965,529.915,528.8264542903968,528.6493620449326,528.8228011194626,1,0,0,0,0
SCRAP,MAXIMUM,2025-08,W4,2025-08-31,173,1,530.965,529.915,528.8264542903968,528.6493620449326,528.8228011194626,1,0,0,0,0
SCRAP,MAXIMUM,2025-09,W0,2025-08-31,171,2,527.241,529.915,521.9930826393362,522.7231939983255,521.5658938076865,1,0,0,0,0
SCRAP,MAXIMUM,2025-09,W1,2025-09-07,171,2,527.241,529.915,521.9930826393362,522.7231939983255,521.5658938076865,1,0,0,0,0
SCRAP,MAXIMUM,2025-09,W2,2025-09-14,174,1,527.241,532.482,532.7952683953074,532.6683400538321,532.5008095946312,1,0,5,10,0
SCRAP,MAXIMUM,2025-09,W3,2025-09-21,174,1,527.241,532.482,532.7952683953074,532.6683400538321,532.5008095946312,1,0,0,0,0
SCRAP,MAXIMUM,2025-09,W4,2025-09-30,174,1,527.241,532.482,532.7952683953074,532.6683400538321,532.5008095946312,1,0,0,0,0
SCRAP,MAXIMUM,2025-10,W0,2025-09-30,172,2,517.244,532.482,530.2330367197686,527.1429588865132,523.3011159687317,1,0,0,0,0
SCRAP,MAXIMUM,2025-10,W1,2025-10-07,172,2,517.244,532.482,530.2330367197686,527.1429588865132,523.3011159687317,1,0,0,0,0
SCRAP,MAXIMUM,2025-10,W2,2025-10-14,172,2,517.244,532.482,530.2330367197686,527.1429588865132,523.3011159687317,1,0,0,0,0
SCRAP,MAXIMUM,2025-10,W3,2025-10-21,172,2,517.244,532.482,530.2330367197686,527.1429588865132,523.3011159687317,1,0,0,0,0
SCRAP,MAXIMUM,2025-10,W4,2025-10-31,172,2,517.244,532.482,530.2330367197686,527.1429588865132,523.3011159687317,1,0,0,0,0
SCRAP,MAXIMUM,2025-11,W0,2025-10-31,173,3,519.92,532.482,523.0669312676856,523.3292893735713,519.8411132010027,1,0,0,0,0
SCRAP,MAXIMUM,2025-11,W1,2025-11-07,173,3,519.92,532.482,523.0669312676856,523.3292893735713,519.8411132010027,1,0,0,0,0
SCRAP,MAXIMUM,2025-11,W2,2025-11-14,173,3,519.92,532.482,523.0669312676856,523.3292893735713,519.8411132010027,1,0,0,0,0
SCRAP,MAXIMUM,2025-11,W3,2025-11-21,173,3,519.92,532.482,523.0669312676856,523.3292893735713,519.8411132010027,1,0,0,0,0
SCRAP,MAXIMUM,2025-11,W4,2025-11-30,173,2,519.92,530.07,531.1813752198707,529.3012214123825,526.8659945605095,1,0,5,10,0
SCRAP,MAXIMUM,2025-12,W0,2025-11-30,174,3,532.289,530.07,521.8515480282779,522.6864964928417,520.3397336537103,1,0,0,0,0
SCRAP,MAXIMUM,2025-12,W1,2025-12-07,174,3,532.289,530.07,521.8515480282779,522.6864964928417,520.3397336537103,1,0,0,0,0
SCRAP,MAXIMUM,2025-12,W2,2025-12-14,174,3,532.289,530.07,521.8515480282779,522.6864964928417,520.3397336537103,1,0,0,0,0
SCRAP,MAXIMUM,2025-12,W3,2025-12-21,174,3,532.289,530.07,521.8515480282779,522.6864964928417,520.3397336537103,1,0,0,0,0
SCRAP,MAXIMUM,2025-12,W4,2025-12-31,174,3,532.289,530.07,521.8515480282779,522.6864964928417,520.3397336537103,1,0,0,0,0
SCRAP,MAXIMUM,2026-01,W0,2025-12-31,174,4,573.649,530.07,521.5917393706058,522.4466875463759,520.0405804225045,1,0,0,0,0
SCRAP,MAXIMUM,2026-01,W1,2026-01-07,174,4,573.649,530.07,521.5917393706058,522.4466875463759,520.0405804225045,1,0,0,0,0
SCRAP,MAXIMUM,2026-01,W2,2026-01-14,174,4,573.649,530.07,521.5917393706058,522.4466875463759,520.0405804225045,1,0,0,0,0
SCRAP,MAXIMUM,2026-01,W3,2026-01-21,174,4,573.649,530.07,521.5917393706058,522.4466875463759,520.0405804225045,1,0,0,0,0
SCRAP,MAXIMUM,2026-01,W4,2026-01-31,174,4,573.649,530.07,521.5917393706058,522.4466875463759,520.0405804225045,1,0,0,0,0
IRON_ORE,MATCHED,2021-12,W0,2021-11-30,115,2,189.506,189.6,189.6562374606911,196.15583483107386,196.15583483107386,0,1,0,0,0
IRON_ORE,MATCHED,2021-12,W1,2021-12-07,115,2,189.506,189.6,189.6562374606911,196.15583483107386,196.15583483107386,0,1,0,0,0
IRON_ORE,MATCHED,2021-12,W2,2021-12-14,117,1,189.506,189.551,189.96449720573452,190.37241819435383,190.37241819435383,0,1,5,10,1
IRON_ORE,MATCHED,2021-12,W3,2021-12-21,117,1,189.506,189.551,189.96449720573452,190.37241819435383,190.37241819435383,0,1,0,0,0
IRON_ORE,MATCHED,2021-12,W4,2021-12-31,117,1,189.506,189.551,189.96449720573452,190.37241819435383,190.37241819435383,0,1,0,0,0
IRON_ORE,MATCHED,2022-01,W0,2021-12-31,116,2,188.622,189.551,191.35692895391594,195.4195518509936,195.68156540299253,1,0,0,0,0
IRON_ORE,MATCHED,2022-01,W1,2022-01-07,116,2,188.622,189.551,191.35692895391594,195.4195518509936,195.68156540299253,1,0,0,0,0
IRON_ORE,MATCHED,2022-01,W2,2022-01-14,118,1,188.622,189.551,190.64508334995418,190.9086825941395,191.09819986933488,1,0,5,10,0
IRON_ORE,MATCHED,2022-01,W3,2022-01-21,118,1,188.622,189.551,190.64508334995418,190.9086825941395,191.09819986933488,1,0,0,0,0
IRON_ORE,MATCHED,2022-01,W4,2022-01-31,118,1,188.622,189.551,190.64508334995418,190.9086825941395,191.09819986933488,1,0,0,0,0
IRON_ORE,MATCHED,2022-02,W0,2022-01-31,117,2,190.64,189.551,192.29976107684755,194.43843985553303,194.43843985553303,0,1,0,0,0
IRON_ORE,MATCHED,2022-02,W1,2022-02-07,117,2,190.64,189.551,192.29976107684755,194.43843985553303,194.43843985553303,0,1,0,0,0
IRON_ORE,MATCHED,2022-02,W2,2022-02-14,117,2,190.64,189.551,192.29976107684755,194.43843985553303,194.43843985553303,0,1,0,0,0
IRON_ORE,MATCHED,2022-02,W3,2022-02-21,119,1,190.64,188.622,188.83440360999361,188.91136750713207,188.9080801155463,1,0,5,10,0
IRON_ORE,MATCHED,2022-02,W4,2022-02-28,119,1,190.64,188.622,188.83440360999361,188.91136750713207,188.9080801155463,1,0,0,0,0
IRON_ORE,MATCHED,2022-03,W0,2022-02-28,118,2,192.631,188.622,190.36954471017896,190.38755634774725,190.3621870230914,1,0,0,0,0
IRON_ORE,MATCHED,2022-03,W1,2022-03-07,118,2,192.631,188.622,190.36954471017896,190.38755634774725,190.3621870230914,1,0,0,0,0
IRON_ORE,MATCHED,2022-03,W2,2022-03-14,118,2,192.631,188.622,190.36954471017896,190.38755634774725,190.3621870230914,1,0,0,0,0
IRON_ORE,MATCHED,2022-03,W3,2022-03-21,120,1,192.631,188.622,189.76847481466763,189.4082946268588,189.305881778945,1,0,5,10,0
IRON_ORE,MATCHED,2022-03,W4,2022-03-31,120,1,192.631,188.622,189.76847481466763,189.4082946268588,189.305881778945,1,0,0,0,0
IRON_ORE,MATCHED,2022-04,W0,2022-03-31,119,2,192.057,188.622,191.60518926572593,186.17141031382442,186.01302233108402,1,0,0,0,0
IRON_ORE,MATCHED,2022-04,W1,2022-04-07,119,2,192.057,188.622,191.60518926572593,186.17141031382442,186.01302233108402,1,0,0,0,0
IRON_ORE,MATCHED,2022-04,W2,2022-04-14,121,1,192.057,191.159,192.73187248402508,192.3032906091239,192.16760056421703,1,0,5,10,0
IRON_ORE,MATCHED,2022-04,W3,2022-04-21,121,1,192.057,191.159,192.73187248402508,192.3032906091239,192.16760056421703,1,0,0,0,0
IRON_ORE,MATCHED,2022-04,W4,2022-04-30,121,1,192.057,191.159,192.73187248402508,192.3032906091239,192.16760056421703,1,0,0,0,0
IRON_ORE,MATCHED,2022-05,W0,2022-04-30,120,2,194.053,191.159,197.4734129302717,190.70847780719112,190.4747520674356,1,0,0,0,0
IRON_ORE,MATCHED,2022-05,W1,2022-05-07,120,2,194.053,191.159,197.4734129302717,190.70847780719112,190.4747520674356,1,0,0,0,0
IRON_ORE,MATCHED,2022-05,W2,2022-05-14,122,1,194.053,192.057,193.96184597679965,193.63811839683856,193.63811839683856,0,1,5,10,0
IRON_ORE,MATCHED,2022-05,W3,2022-05-21,122,1,194.053,192.057,193.96184597679965,193.63811839683856,193.63811839683856,0,1,0,0,0
IRON_ORE,MATCHED,2022-05,W4,2022-05-31,122,1,194.053,192.057,193.96184597679965,193.63811839683856,193.63811839683856,0,1,0,0,0
IRON_ORE,MATCHED,2022-06,W0,2022-05-31,121,2,205.995,192.057,196.76242783106832,191.41690814223261,191.41690814223261,0,1,0,0,0
IRON_ORE,MATCHED,2022-06,W1,2022-06-07,121,2,205.995,192.057,196.76242783106832,191.41690814223261,191.41690814223261,0,1,0,0,0
IRON_ORE,MATCHED,2022-06,W2,2022-06-14,123,1,205.995,192.057,192.50206512656106,192.70677082210554,192.70677082210554,0,1,5,10,0
IRON_ORE,MATCHED,2022-06,W3,2022-06-21,123,1,205.995,192.057,192.50206512656106,192.70677082210554,192.70677082210554,0,1,0,0,0
IRON_ORE,MATCHED,2022-06,W4,2022-06-30,123,1,205.995,192.057,192.50206512656106,192.70677082210554,192.70677082210554,0,1,0,0,0
IRON_ORE,MATCHED,2022-07,W0,2022-06-30,122,2,214.199,192.057,194.95534363418747,195.34872139938415,195.34872139938415,0,1,0,0,0
IRON_ORE,MATCHED,2022-07,W1,2022-07-07,122,2,214.199,192.057,194.95534363418747,195.34872139938415,195.34872139938415,0,1,0,0,0
IRON_ORE,MATCHED,2022-07,W2,2022-07-14,124,1,214.199,206.617,209.90427309532308,210.09787576725273,210.09787576725273,0,1,5,10,0
IRON_ORE,MATCHED,2022-07,W3,2022-07-21,124,1,214.199,206.617,209.90427309532308,210.09787576725273,210.09787576725273,0,1,0,0,0
IRON_ORE,MATCHED,2022-07,W4,2022-07-31,124,1,214.199,206.617,209.90427309532308,210.09787576725273,210.09787576725273,0,1,0,0,0
IRON_ORE,MATCHED,2022-08,W0,2022-07-31,123,2,211.983,206.617,209.22321778692307,209.45288189509546,209.45288189509546,0,1,0,0,0
IRON_ORE,MATCHED,2022-08,W1,2022-08-07,123,2,211.983,206.617,209.22321778692307,209.45288189509546,209.45288189509546,0,1,0,0,0
IRON_ORE,MATCHED,2022-08,W2,2022-08-14,125,1,211.983,214.199,217.49389066014885,217.5247324053273,217.5247324053273,0,1,5,10,0
IRON_ORE,MATCHED,2022-08,W3,2022-08-21,125,1,211.983,214.199,217.49389066014885,217.5247324053273,217.5247324053273,0,1,0,0,0
IRON_ORE,MATCHED,2022-08,W4,2022-08-31,125,1,211.983,214.199,217.49389066014885,217.5247324053273,217.5247324053273,0,1,0,0,1
IRON_ORE,MATCHED,2022-09,W0,2022-08-31,124,2,211.381,214.199,213.66292887176073,216.66139977917405,216.7790145185159,1,0,0,0,0
IRON_ORE,MATCHED,2022-09,W1,2022-09-07,124,2,211.381,214.199,213.66292887176073,216.66139977917405,216.7790145185159,1,0,0,0,0
IRON_ORE,MATCHED,2022-09,W2,2022-09-14,126,1,211.381,214.199,213.9956537127561,211.46845373393526,213.70280241986336,1,0,5,10,0
IRON_ORE,MATCHED,2022-09,W3,2022-09-21,126,1,211.381,214.199,213.9956537127561,211.46845373393526,213.70280241986336,1,0,0,0,0
IRON_ORE,MATCHED,2022-09,W4,2022-09-30,126,1,211.381,214.199,213.9956537127561,211.46845373393526,213.70280241986336,1,0,0,0,0
IRON_ORE,MATCHED,2022-10,W0,2022-09-30,125,2,212.131,214.199,213.40958475440627,208.3113841518523,208.3113841518523,0,1,0,0,0
IRON_ORE,MATCHED,2022-10,W1,2022-10-07,125,2,212.131,214.199,213.40958475440627,208.3113841518523,208.3113841518523,0,1,0,0,0
IRON_ORE,MATCHED,2022-10,W2,2022-10-14,127,1,212.131,214.199,213.65510909879922,213.16362027408687,213.4643667126099,1,0,5,10,0
IRON_ORE,MATCHED,2022-10,W3,2022-10-21,127,1,212.131,214.199,213.65510909879922,213.16362027408687,213.4643667126099,1,0,0,0,0
IRON_ORE,MATCHED,2022-10,W4,2022-10-31,127,1,212.131,214.199,213.65510909879922,213.16362027408687,213.4643667126099,1,0,0,0,0
IRON_ORE,MATCHED,2022-11,W0,2022-10-31,126,2,215.261,214.199,214.88976658390033,207.98381620824424,208.02165724531545,1,0,0,0,0
IRON_ORE,MATCHED,2022-11,W1,2022-11-07,126,2,215.261,214.199,214.88976658390033,207.98381620824424,208.02165724531545,1,0,0,0,0
IRON_ORE,MATCHED,2022-11,W2,2022-11-14,126,2,215.261,214.199,214.88976658390033,207.98381620824424,208.02165724531545,1,0,0,0,0
IRON_ORE,MATCHED,2022-11,W3,2022-11-21,128,1,215.261,212.131,213.79499566127885,213.34486442118236,212.2415061545819,1,0,5,10,0
IRON_ORE,MATCHED,2022-11,W4,2022-11-30,128,1,215.261,212.131,213.79499566127885,213.34486442118236,212.2415061545819,1,0,0,0,0
IRON_ORE,MATCHED,2022-12,W0,2022-11-30,127,2,214.962,212.131,213.58714213756534,209.01962230131818,208.9769247850779,1,0,0,0,0
IRON_ORE,MATCHED,2022-12,W1,2022-12-07,127,2,214.962,212.131,213.58714213756534,209.01962230131818,208.9769247850779,1,0,0,0,1
IRON_ORE,MATCHED,2022-12,W2,2022-12-14,129,1,214.962,212.131,213.88330962722733,213.60384605775673,213.522132067982,1,0,5,10,0
IRON_ORE,MATCHED,2022-12,W3,2022-12-21,129,1,214.962,212.131,213.88330962722733,213.60384605775673,213.522132067982,1,0,0,0,0
IRON_ORE,MATCHED,2022-12,W4,2022-12-31,129,1,214.962,212.131,213.88330962722733,213.60384605775673,213.522132067982,1,0,0,0,1
IRON_ORE,MATCHED,2023-01,W0,2022-12-31,128,2,216.837,212.131,214.51294418470923,211.93786755287675,212.2848010764543,1,0,0,0,0
IRON_ORE,MATCHED,2023-01,W1,2023-01-07,128,2,216.837,212.131,214.51294418470923,211.93786755287675,212.2848010764543,1,0,0,0,0
IRON_ORE,MATCHED,2023-01,W2,2023-01-14,128,2,216.837,212.131,214.51294418470923,211.93786755287675,212.2848010764543,1,0,0,0,0
IRON_ORE,MATCHED,2023-01,W3,2023-01-21,130,1,216.837,212.131,213.76326587683772,213.6087465339197,213.77409851558326,1,0,5,10,0
IRON_ORE,MATCHED,2023-01,W4,2023-01-31,130,1,216.837,212.131,213.76326587683772,213.6087465339197,213.77409851558326,1,0,0,0,0
IRON_ORE,MATCHED,2023-02,W0,2023-01-31,129,2,219.106,212.131,215.7559502892564,215.32850598613783,215.32850598613783,0,1,0,0,0
IRON_ORE,MATCHED,2023-02,W1,2023-02-07,129,2,219.106,212.131,215.7559502892564,215.32850598613783,215.32850598613783,0,1,0,0,0
IRON_ORE,MATCHED,2023-02,W2,2023-02-14,129,2,219.106,212.131,215.7559502892564,215.32850598613783,215.32850598613783,0,1,0,0,0
IRON_ORE,MATCHED,2023-02,W3,2023-02-21,131,1,219.106,216.837,218.40028084469856,218.30422892985172,218.3269875021449,1,0,5,10,0
IRON_ORE,MATCHED,2023-02,W4,2023-02-28,131,1,219.106,216.837,218.40028084469856,218.30422892985172,218.3269875021449,1,0,0,0,0
IRON_ORE,MATCHED,2023-03,W0,2023-02-28,130,2,217.959,216.837,221.53126998693537,221.0595159210788,221.1294166698355,1,0,0,0,0
IRON_ORE,MATCHED,2023-03,W1,2023-03-07,130,2,217.959,216.837,221.53126998693537,221.0595159210788,221.1294166698355,1,0,0,0,0
IRON_ORE,MATCHED,2023-03,W2,2023-03-14,130,2,217.959,216.837,221.53126998693537,221.0595159210788,221.1294166698355,1,0,0,0,0
IRON_ORE,MATCHED,2023-03,W3,2023-03-21,132,1,217.959,216.837,218.82678878444307,218.8520034668087,218.80115827609922,1,0,5,10,0
IRON_ORE,MATCHED,2023-03,W4,2023-03-31,132,1,217.959,216.837,218.82678878444307,218.8520034668087,218.80115827609922,1,0,0,0,0
IRON_ORE,MATCHED,2023-04,W0,2023-03-31,131,2,220.056,216.837,220.76415176180683,220.82208129749517,220.81897767012043,1,0,0,0,0
IRON_ORE,MATCHED,2023-04,W1,2023-04-07,131,2,220.056,216.837,220.76415176180683,220.82208129749517,220.81897767012043,1,0,0,0,0
IRON_ORE,MATCHED,2023-04,W2,2023-04-14,133,1,220.056,216.837,218.10871771703157,218.348395019358,218.26883196460346,1,0,5,10,0
IRON_ORE,MATCHED,2023-04,W3,2023-04-21,133,1,220.056,216.837,218.10871771703157,218.348395019358,218.26883196460346,1,0,0,0,0
IRON_ORE,MATCHED,2023-04,W4,2023-04-30,133,1,220.056,216.837,218.10871771703157,218.348395019358,218.26883196460346,1,0,0,0,0
IRON_ORE,MATCHED,2023-05,W0,2023-04-30,132,2,206.001,216.837,220.81436065677644,220.68968710158316,220.65168327811546,1,0,0,0,0
IRON_ORE,MATCHED,2023-05,W1,2023-05-07,132,2,206.001,216.837,220.81436065677644,220.68968710158316,220.65168327811546,1,0,0,0,0
IRON_ORE,MATCHED,2023-05,W2,2023-05-14,134,1,206.001,215.192,216.1207436901581,216.92431196426816,216.92431196426816,0,1,5,10,0
IRON_ORE,MATCHED,2023-05,W3,2023-05-21,134,1,206.001,215.192,216.1207436901581,216.92431196426816,216.92431196426816,0,1,0,0,0
IRON_ORE,MATCHED,2023-05,W4,2023-05-31,134,1,206.001,215.192,216.1207436901581,216.92431196426816,216.92431196426816,0,1,0,0,1
IRON_ORE,MATCHED,2023-06,W0,2023-05-31,133,2,206.577,215.192,221.30685507752398,220.88577881848258,220.98317896634376,1,0,0,0,0
IRON_ORE,MATCHED,2023-06,W1,2023-06-07,133,2,206.577,215.192,221.30685507752398,220.88577881848258,220.98317896634376,1,0,0,0,0
IRON_ORE,MATCHED,2023-06,W2,2023-06-14,135,1,206.577,191.225,191.20820204848837,191.4456524355034,191.56253017803013,1,0,5,10,0
IRON_ORE,MATCHED,2023-06,W3,2023-06-21,135,1,206.577,191.225,191.20820204848837,191.4456524355034,191.56253017803013,1,0,0,0,0
IRON_ORE,MATCHED,2023-06,W4,2023-06-30,135,1,206.577,191.225,191.20820204848837,191.4456524355034,191.56253017803013,1,0,0,0,0
IRON_ORE,MATCHED,2023-07,W0,2023-06-30,134,2,205.071,191.225,195.34274384268673,191.89295290452924,191.89295290452924,0,1,0,0,0
IRON_ORE,MATCHED,2023-07,W1,2023-07-07,134,2,205.071,191.225,195.34274384268673,191.89295290452924,191.89295290452924,0,1,0,0,0
IRON_ORE,MATCHED,2023-07,W2,2023-07-14,136,1,205.071,191.225,189.86905852503577,190.02227833395284,190.1413764993885,1,0,5,10,0
IRON_ORE,MATCHED,2023-07,W3,2023-07-21,136,1,205.071,191.225,189.86905852503577,190.02227833395284,190.1413764993885,1,0,0,0,0
IRON_ORE,MATCHED,2023-07,W4,2023-07-31,136,1,205.071,191.225,189.86905852503577,190.02227833395284,190.1413764993885,1,0,0,0,0
IRON_ORE,MATCHED,2023-08,W0,2023-07-31,135,2,207.269,191.225,193.7234144501511,193.99204781941282,194.00085047722007,1,0,0,0,0
IRON_ORE,MATCHED,2023-08,W1,2023-08-07,135,2,207.269,191.225,193.7234144501511,193.99204781941282,194.00085047722007,1,0,0,0,0
IRON_ORE,MATCHED,2023-08,W2,2023-08-14,137,1,207.269,205.071,207.46812676719756,207.50226412127003,207.43354697900216,1,0,5,10,0
IRON_ORE,MATCHED,2023-08,W3,2023-08-21,137,1,207.269,205.071,207.46812676719756,207.50226412127003,207.43354697900216,1,0,0,0,0
IRON_ORE,MATCHED,2023-08,W4,2023-08-31,137,1,207.269,205.071,207.46812676719756,207.50226412127003,207.43354697900216,1,0,0,0,1
IRON_ORE,MATCHED,2023-09,W0,2023-08-31,136,2,208.326,205.071,204.88731575145496,204.97223657598212,205.24766345538637,1,0,0,0,0
IRON_ORE,MATCHED,2023-09,W1,2023-09-07,136,2,208.326,205.071,204.88731575145496,204.97223657598212,205.24766345538637,1,0,0,0,0
IRON_ORE,MATCHED,2023-09,W2,2023-09-14,138,1,208.326,205.071,205.23668685982068,205.21817953439117,205.5208412779813,1,0,5,10,0
IRON_ORE,MATCHED,2023-09,W3,2023-09-21,138,1,208.326,205.071,205.23668685982068,205.21817953439117,205.5208412779813,1,0,0,0,0
IRON_ORE,MATCHED,2023-09,W4,2023-09-30,138,1,208.326,205.071,205.23668685982068,205.21817953439117,205.5208412779813,1,0,0,0,0
IRON_ORE,MATCHED,2023-10,W0,2023-09-30,137,2,205.938,205.071,206.199203994982,206.1105846227455,206.04301377235174,1,0,0,0,0
IRON_ORE,MATCHED,2023-10,W1,2023-10-07,137,2,205.938,205.071,206.199203994982,206.1105846227455,206.04301377235174,1,0,0,0,0
IRON_ORE,MATCHED,2023-10,W2,2023-10-14,139,1,205.938,205.071,205.78640181900388,205.67303875567,205.728181876172,1,0,5,10,1
IRON_ORE,MATCHED,2023-10,W3,2023-10-21,139,1,205.938,205.071,205.78640181900388,205.67303875567,205.728181876172,1,0,0,0,0
IRON_ORE,MATCHED,2023-10,W4,2023-10-31,139,1,205.938,205.071,205.78640181900388,205.67303875567,205.728181876172,1,0,0,0,0
IRON_ORE,MATCHED,2023-11,W0,2023-10-31,138,2,204.521,205.071,206.26921196332216,206.04298870040446,206.33047969457655,1,0,0,0,0
IRON_ORE,MATCHED,2023-11,W1,2023-11-07,138,2,204.521,205.071,206.26921196332216,206.04298870040446,206.33047969457655,1,0,0,0,0
IRON_ORE,MATCHED,2023-11,W2,2023-11-14,138,2,204.521,205.071,206.26921196332216,206.04298870040446,206.33047969457655,1,0,0,0,0
IRON_ORE,MATCHED,2023-11,W3,2023-11-21,140,1,204.521,205.938,206.6609234909052,206.57758902659447,206.66362671321633,1,0,5,10,0
IRON_ORE,MATCHED,2023-11,W4,2023-11-30,140,1,204.521,205.938,206.6609234909052,206.57758902659447,206.66362671321633,1,0,0,0,0
IRON_ORE,MATCHED,2023-12,W0,2023-11-30,139,2,203.905,205.938,207.42945225327944,207.2782279682256,207.2111198273693,1,0,0,0,0
IRON_ORE,MATCHED,2023-12,W1,2023-12-07,139,2,203.905,205.938,207.42945225327944,207.2782279682256,207.2111198273693,1,0,0,0,0
IRON_ORE,MATCHED,2023-12,W2,2023-12-14,141,1,203.905,202.12,202.00524417818917,201.92045253212447,201.8968750190499,1,0,5,10,0
IRON_ORE,MATCHED,2023-12,W3,2023-12-21,141,1,203.905,202.12,202.00524417818917,201.92045253212447,201.8968750190499,1,0,0,0,0
IRON_ORE,MATCHED,2023-12,W4,2023-12-31,141,1,203.905,202.12,202.00524417818917,201.92045253212447,201.8968750190499,1,0,0,0,0
IRON_ORE,MATCHED,2024-01,W0,2023-12-31,140,2,205.036,202.12,203.532933324848,203.41302122313,203.41095866590086,1,0,0,0,0
IRON_ORE,MATCHED,2024-01,W1,2024-01-07,140,2,205.036,202.12,203.532933324848,203.41302122313,203.41095866590086,1,0,0,0,0
IRON_ORE,MATCHED,2024-01,W2,2024-01-14,142,1,205.036,202.12,202.7521377100288,202.75291661646412,202.65972170794902,1,0,5,10,1
IRON_ORE,MATCHED,2024-01,W3,2024-01-21,142,1,205.036,202.12,202.7521377100288,202.75291661646412,202.65972170794902,1,0,0,0,0
IRON_ORE,MATCHED,2024-01,W4,2024-01-31,142,1,205.036,202.12,202.7521377100288,202.75291661646412,202.65972170794902,1,0,0,0,0
IRON_ORE,MATCHED,2024-02,W0,2024-01-31,141,2,206.54,202.12,203.7843033072327,203.82991370680918,203.94969774862537,1,0,0,0,0
IRON_ORE,MATCHED,2024-02,W1,2024-02-07,141,2,206.54,202.12,203.7843033072327,203.82991370680918,203.94969774862537,1,0,0,0,0
IRON_ORE,MATCHED,2024-02,W2,2024-02-14,141,2,206.54,202.12,203.7843033072327,203.82991370680918,203.94969774862537,1,0,0,0,0
IRON_ORE,MATCHED,2024-02,W3,2024-02-21,143,1,206.54,205.036,206.109886609548,206.12593824271303,206.33386746633198,1,0,5,10,0
IRON_ORE,MATCHED,2024-02,W4,2024-02-29,143,1,206.54,205.036,206.109886609548,206.12593824271303,206.33386746633198,1,0,0,0,0
IRON_ORE,MATCHED,2024-03,W0,2024-02-29,142,2,203.955,205.036,206.1045606860518,206.37807026956457,206.2426963160798,1,0,0,0,0
IRON_ORE,MATCHED,2024-03,W1,2024-03-07,142,2,203.955,205.036,206.1045606860518,206.37807026956457,206.2426963160798,1,0,0,0,0
IRON_ORE,MATCHED,2024-03,W2,2024-03-14,144,1,203.955,203.147,203.67871485014834,203.70482583633327,203.65210778930697,1,0,5,10,0
IRON_ORE,MATCHED,2024-03,W3,2024-03-21,144,1,203.955,203.147,203.67871485014834,203.70482583633327,203.65210778930697,1,0,0,0,0
IRON_ORE,MATCHED,2024-03,W4,2024-03-31,144,1,203.955,203.147,203.67871485014834,203.70482583633327,203.65210778930697,1,0,0,0,0
IRON_ORE,MATCHED,2024-04,W0,2024-03-31,143,2,205.45,203.147,203.74868788511628,204.19648429382724,204.15768632690813,1,0,0,0,0
IRON_ORE,MATCHED,2024-04,W1,2024-04-07,143,2,205.45,203.147,203.74868788511628,204.19648429382724,204.15768632690813,1,0,0,0,0
IRON_ORE,MATCHED,2024-04,W2,2024-04-14,145,1,205.45,203.147,203.50162570972114,203.50797319312608,203.41307832328135,1,0,5,10,0
IRON_ORE,MATCHED,2024-04,W3,2024-04-21,145,1,205.45,203.147,203.50162570972114,203.50797319312608,203.41307832328135,1,0,0,0,0
IRON_ORE,MATCHED,2024-04,W4,2024-04-30,145,1,205.45,203.147,203.50162570972114,203.50797319312608,203.41307832328135,1,0,0,0,0
IRON_ORE,MATCHED,2024-05,W0,2024-04-30,144,2,206.005,203.147,202.38236000110714,202.51758254088952,202.41364558714847,1,0,0,0,0
IRON_ORE,MATCHED,2024-05,W1,2024-05-07,144,2,206.005,203.147,202.38236000110714,202.51758254088952,202.41364558714847,1,0,0,0,0
IRON_ORE,MATCHED,2024-05,W2,2024-05-14,146,1,206.005,203.052,202.16596727217893,202.16203966801305,202.06101579459127,1,0,5,10,0
IRON_ORE,MATCHED,2024-05,W3,2024-05-21,146,1,206.005,203.052,202.16596727217893,202.16203966801305,202.06101579459127,1,0,0,0,1
IRON_ORE,MATCHED,2024-05,W4,2024-05-31,146,1,206.005,203.052,202.16596727217893,202.16203966801305,202.06101579459127,1,0,0,0,0
IRON_ORE,MATCHED,2024-06,W0,2024-05-31,145,2,204.636,203.052,202.12547986177702,202.18165892542692,202.31963255448676,1,0,0,0,0
IRON_ORE,MATCHED,2024-06,W1,2024-06-07,145,2,204.636,203.052,202.12547986177702,202.18165892542692,202.31963255448676,1,0,0,0,0
IRON_ORE,MATCHED,2024-06,W2,2024-06-14,147,1,204.636,203.052,203.73487382108823,203.6269052385031,203.84938445807896,1,0,5,10,0
IRON_ORE,MATCHED,2024-06,W3,2024-06-21,147,1,204.636,203.052,203.73487382108823,203.6269052385031,203.84938445807896,1,0,0,0,0
IRON_ORE,MATCHED,2024-06,W4,2024-06-30,147,1,204.636,203.052,203.73487382108823,203.6269052385031,203.84938445807896,1,0,0,0,0
IRON_ORE,MATCHED,2024-07,W0,2024-06-30,146,2,206.319,203.052,204.27046189264234,204.07767269413813,204.07767269413813,0,1,0,0,0
IRON_ORE,MATCHED,2024-07,W1,2024-07-07,146,2,206.319,203.052,204.27046189264234,204.07767269413813,204.07767269413813,0,1,0,0,0
IRON_ORE,MATCHED,2024-07,W2,2024-07-14,148,1,206.319,203.052,203.43273488084859,203.44028457905114,203.46309814129194,1,0,5,10,0
IRON_ORE,MATCHED,2024-07,W3,2024-07-21,148,1,206.319,203.052,203.43273488084859,203.44028457905114,203.46309814129194,1,0,0,0,0
IRON_ORE,MATCHED,2024-07,W4,2024-07-31,148,1,206.319,203.052,203.43273488084859,203.44028457905114,203.46309814129194,1,0,0,0,0
IRON_ORE,MATCHED,2024-08,W0,2024-07-31,147,2,205.293,203.052,203.44805276876264,203.42497211178917,203.44490615408694,1,0,0,0,0
IRON_ORE,MATCHED,2024-08,W1,2024-08-07,147,2,205.293,203.052,203.44805276876264,203.42497211178917,203.44490615408694,1,0,0,0,0
IRON_ORE,MATCHED,2024-08,W2,2024-08-14,149,1,205.293,208.937,209.60744620643817,209.57677140382273,209.52565756021932,1,0,5,10,0
IRON_ORE,MATCHED,2024-08,W3,2024-08-21,149,1,205.293,208.937,209.60744620643817,209.57677140382273,209.52565756021932,1,0,0,0,0
IRON_ORE,MATCHED,2024-08,W4,2024-08-31,149,1,205.293,208.937,209.60744620643817,209.57677140382273,209.52565756021932,1,0,0,0,0
IRON_ORE,MATCHED,2024-09,W0,2024-08-31,148,2,194.315,208.937,210.00370336701172,209.90841211522758,209.8259711161283,1,0,0,0,0
IRON_ORE,MATCHED,2024-09,W1,2024-09-07,148,2,194.315,208.937,210.00370336701172,209.90841211522758,209.8259711161283,1,0,0,0,0
IRON_ORE,MATCHED,2024-09,W2,2024-09-14,150,1,194.315,208.937,209.9568223261461,209.10497237657106,208.99600001568717,1,0,5,10,0
IRON_ORE,MATCHED,2024-09,W3,2024-09-21,150,1,194.315,208.937,209.9568223261461,209.10497237657106,208.99600001568717,1,0,0,0,0
IRON_ORE,MATCHED,2024-09,W4,2024-09-30,150,1,194.315,208.937,209.9568223261461,209.10497237657106,208.99600001568717,1,0,0,0,0
IRON_ORE,MATCHED,2024-10,W0,2024-09-30,149,2,196.287,208.937,208.0414238089388,207.89749257356937,207.7907293713614,1,0,0,0,0
IRON_ORE,MATCHED,2024-10,W1,2024-10-07,149,2,196.287,208.937,208.0414238089388,207.89749257356937,207.7907293713614,1,0,0,0,0
IRON_ORE,MATCHED,2024-10,W2,2024-10-14,151,1,196.287,208.937,209.07471391779404,208.95543849390344,208.95543849390344,0,1,5,10,0
IRON_ORE,MATCHED,2024-10,W3,2024-10-21,151,1,196.287,208.937,209.07471391779404,208.95543849390344,208.95543849390344,0,1,0,0,0
IRON_ORE,MATCHED,2024-10,W4,2024-10-31,151,1,196.287,208.937,209.07471391779404,208.95543849390344,208.95543849390344,0,1,0,0,0
IRON_ORE,MATCHED,2024-11,W0,2024-10-31,150,2,197.498,208.937,208.76939227257958,208.74393875391144,208.74393875391144,0,1,0,0,0
IRON_ORE,MATCHED,2024-11,W1,2024-11-07,150,2,197.498,208.937,208.76939227257958,208.74393875391144,208.74393875391144,0,1,0,0,0
IRON_ORE,MATCHED,2024-11,W2,2024-11-14,152,1,197.498,203.874,204.01428913634254,204.00714878952013,204.00714878952013,0,1,5,10,0
IRON_ORE,MATCHED,2024-11,W3,2024-11-21,152,1,197.498,203.874,204.01428913634254,204.00714878952013,204.00714878952013,0,1,0,0,0
IRON_ORE,MATCHED,2024-11,W4,2024-11-30,152,1,197.498,203.874,204.01428913634254,204.00714878952013,204.00714878952013,0,1,0,0,0
IRON_ORE,MATCHED,2024-12,W0,2024-11-30,151,2,198.104,203.874,204.36611315469636,204.35178743131925,204.35178743131925,0,1,0,0,0
IRON_ORE,MATCHED,2024-12,W1,2024-12-07,151,2,198.104,203.874,204.36611315469636,204.35178743131925,204.35178743131925,0,1,0,0,0
IRON_ORE,MATCHED,2024-12,W2,2024-12-14,153,1,198.104,204.733,203.8697799518876,203.86619008069857,203.86619008069857,0,1,5,10,0
IRON_ORE,MATCHED,2024-12,W3,2024-12-21,153,1,198.104,204.733,203.8697799518876,203.86619008069857,203.86619008069857,0,1,0,0,0
IRON_ORE,MATCHED,2024-12,W4,2024-12-31,153,1,198.104,204.733,203.8697799518876,203.86619008069857,203.86619008069857,0,1,0,0,0
IRON_ORE,MATCHED,2025-01,W0,2024-12-31,152,2,197.418,204.733,204.5801250208536,204.57611860420613,204.57611860420613,0,1,0,0,0
IRON_ORE,MATCHED,2025-01,W1,2025-01-07,152,2,197.418,204.733,204.5801250208536,204.57611860420613,204.57611860420613,0,1,0,0,0
IRON_ORE,MATCHED,2025-01,W2,2025-01-14,154,1,197.418,204.733,205.19811832240708,205.19339897394943,205.19339897394943,0,1,5,10,0
IRON_ORE,MATCHED,2025-01,W3,2025-01-21,154,1,197.418,204.733,205.19811832240708,205.19339897394943,205.19339897394943,0,1,0,0,0
IRON_ORE,MATCHED,2025-01,W4,2025-01-31,154,1,197.418,204.733,205.19811832240708,205.19339897394943,205.19339897394943,0,1,0,0,0
IRON_ORE,MATCHED,2025-02,W0,2025-01-31,153,2,198.592,204.733,205.28274445256747,205.27388851640106,205.27388851640106,0,1,0,0,0
IRON_ORE,MATCHED,2025-02,W1,2025-02-07,153,2,198.592,204.733,205.28274445256747,205.27388851640106,205.27388851640106,0,1,0,0,0
IRON_ORE,MATCHED,2025-02,W2,2025-02-14,155,1,198.592,198.673,198.87942660398693,198.8759760271812,198.8759760271812,0,1,5,10,0
IRON_ORE,MATCHED,2025-02,W3,2025-02-21,155,1,198.592,198.673,198.87942660398693,198.8759760271812,198.8759760271812,0,1,0,0,0
IRON_ORE,MATCHED,2025-02,W4,2025-02-28,155,1,198.592,198.673,198.87942660398693,198.8759760271812,198.8759760271812,0,1,0,0,0
IRON_ORE,MATCHED,2025-03,W0,2025-02-28,154,2,197.516,198.673,198.2888046517598,198.28131493425985,198.28131493425985,0,1,0,0,0
IRON_ORE,MATCHED,2025-03,W1,2025-03-07,154,2,197.516,198.673,198.2888046517598,198.28131493425985,198.28131493425985,0,1,0,0,0
IRON_ORE,MATCHED,2025-03,W2,2025-03-14,156,1,197.516,198.673,198.36887085276396,198.3682151027146,198.3682151027146,0,1,5,10,0
IRON_ORE,MATCHED,2025-03,W3,2025-03-21,156,1,197.516,198.673,198.36887085276396,198.3682151027146,198.3682151027146,0,1,0,0,0
IRON_ORE,MATCHED,2025-03,W4,2025-03-31,156,1,197.516,198.673,198.36887085276396,198.3682151027146,198.3682151027146,0,1,0,0,0
IRON_ORE,MATCHED,2025-04,W0,2025-03-31,155,2,203.273,198.673,198.21249976136602,198.2076701558938,198.2076701558938,0,1,0,0,0
IRON_ORE,MATCHED,2025-04,W1,2025-04-07,155,2,203.273,198.673,198.21249976136602,198.2076701558938,198.2076701558938,0,1,0,0,0
IRON_ORE,MATCHED,2025-04,W2,2025-04-14,157,1,203.273,198.673,198.8221408664614,198.839097831675,198.839097831675,0,1,5,10,0
IRON_ORE,MATCHED,2025-04,W3,2025-04-21,157,1,203.273,198.673,198.8221408664614,198.839097831675,198.839097831675,0,1,0,0,0
IRON_ORE,MATCHED,2025-04,W4,2025-04-30,157,1,203.273,198.673,198.8221408664614,198.839097831675,198.839097831675,0,1,0,0,0
IRON_ORE,MATCHED,2025-05,W0,2025-04-30,156,2,203.705,198.673,198.8802128874807,198.90667683807166,198.90667683807166,0,1,0,0,0
IRON_ORE,MATCHED,2025-05,W1,2025-05-07,156,2,203.705,198.673,198.8802128874807,198.90667683807166,198.90667683807166,0,1,0,0,0
IRON_ORE,MATCHED,2025-05,W2,2025-05-14,156,2,203.705,198.673,198.8802128874807,198.90667683807166,198.90667683807166,0,1,0,0,0
IRON_ORE,MATCHED,2025-05,W3,2025-05-21,158,1,203.705,202.284,202.53087082481053,202.55781603293164,202.55781603293164,0,1,5,10,0
IRON_ORE,MATCHED,2025-05,W4,2025-05-31,158,1,203.705,202.284,202.53087082481053,202.55781603293164,202.55781603293164,0,1,0,0,0
IRON_ORE,MATCHED,2025-06,W0,2025-05-31,157,2,202.196,202.284,202.44796393126325,202.4913940669035,202.4913940669035,0,1,0,0,0
IRON_ORE,MATCHED,2025-06,W1,2025-06-07,157,2,202.196,202.284,202.44796393126325,202.4913940669035,202.4913940669035,0,1,0,0,0
IRON_ORE,MATCHED,2025-06,W2,2025-06-14,159,1,202.196,202.284,202.0185828923355,202.0536889457544,202.0536889457544,0,1,5,10,1
IRON_ORE,MATCHED,2025-06,W3,2025-06-21,159,1,202.196,202.284,202.0185828923355,202.0536889457544,202.0536889457544,0,1,0,0,0
IRON_ORE,MATCHED,2025-06,W4,2025-06-30,159,1,202.196,202.284,202.0185828923355,202.0536889457544,202.0536889457544,0,1,0,0,1
IRON_ORE,MATCHED,2025-07,W0,2025-06-30,158,2,203.472,202.284,201.16643671199998,201.2283610497417,201.84003478562448,1,0,0,0,0
IRON_ORE,MATCHED,2025-07,W1,2025-07-07,158,2,203.472,202.284,201.16643671199998,201.2283610497417,201.84003478562448,1,0,0,0,0
IRON_ORE,MATCHED,2025-07,W2,2025-07-14,158,2,203.472,202.284,201.16643671199998,201.2283610497417,201.84003478562448,1,0,0,0,1
IRON_ORE,MATCHED,2025-07,W3,2025-07-21,160,1,203.472,202.284,202.4717826524821,202.48647685304428,202.91963827175783,1,0,5,10,0
IRON_ORE,MATCHED,2025-07,W4,2025-07-31,160,1,203.472,202.284,202.4717826524821,202.48647685304428,202.91963827175783,1,0,0,0,0
IRON_ORE,MATCHED,2025-08,W0,2025-07-31,159,2,205.94,202.284,202.28526443724505,202.30943807895383,202.44014665557256,1,0,0,0,0
IRON_ORE,MATCHED,2025-08,W1,2025-08-07,159,2,205.94,202.284,202.28526443724505,202.30943807895383,202.44014665557256,1,0,0,0,0
IRON_ORE,MATCHED,2025-08,W2,2025-08-14,161,1,205.94,203.472,202.89566027475055,202.90852678924227,203.2183432982426,1,0,5,10,0
IRON_ORE,MATCHED,2025-08,W3,2025-08-21,161,1,205.94,203.472,202.89566027475055,202.90852678924227,203.2183432982426,1,0,0,0,0
IRON_ORE,MATCHED,2025-08,W4,2025-08-31,161,1,205.94,203.472,202.89566027475055,202.90852678924227,203.2183432982426,1,0,0,0,0
IRON_ORE,MATCHED,2025-09,W0,2025-08-31,160,2,205.817,203.472,201.73168061130536,201.74067542879376,201.9494950724892,1,0,0,0,0
IRON_ORE,MATCHED,2025-09,W1,2025-09-07,160,2,205.817,203.472,201.73168061130536,201.74067542879376,201.9494950724892,1,0,0,0,0
IRON_ORE,MATCHED,2025-09,W2,2025-09-14,162,1,205.817,205.94,204.81852717830276,204.81735619208013,204.93893402292116,1,0,5,10,0
IRON_ORE,MATCHED,2025-09,W3,2025-09-21,162,1,205.817,205.94,204.81852717830276,204.81735619208013,204.93893402292116,1,0,0,0,0
IRON_ORE,MATCHED,2025-09,W4,2025-09-30,162,1,205.817,205.94,204.81852717830276,204.81735619208013,204.93893402292116,1,0,0,0,0
IRON_ORE,MATCHED,2025-10,W0,2025-09-30,161,2,203.422,205.94,204.08310304392438,204.07459571157233,204.2393973547418,1,0,0,0,0
IRON_ORE,MATCHED,2025-10,W1,2025-10-07,161,2,203.422,205.94,204.08310304392438,204.07459571157233,204.2393973547418,1,0,0,0,0
IRON_ORE,MATCHED,2025-10,W2,2025-10-14,161,2,203.422,205.94,204.08310304392438,204.07459571157233,204.2393973547418,1,0,0,0,0
IRON_ORE,MATCHED,2025-10,W3,2025-10-21,161,2,203.422,205.94,204.08310304392438,204.07459571157233,204.2393973547418,1,0,0,0,0
IRON_ORE,MATCHED,2025-10,W4,2025-10-31,161,2,203.422,205.94,204.08310304392438,204.07459571157233,204.2393973547418,1,0,0,0,0
IRON_ORE,MATCHED,2025-11,W0,2025-10-31,159,3,206.888,205.94,200.56442328488902,200.6010374874608,200.39088229638094,1,0,0,0,0
IRON_ORE,MATCHED,2025-11,W1,2025-11-07,159,3,206.888,205.94,200.56442328488902,200.6010374874608,200.39088229638094,1,0,0,0,0
IRON_ORE,MATCHED,2025-11,W2,2025-11-14,159,3,206.888,205.94,200.56442328488902,200.6010374874608,200.39088229638094,1,0,0,0,0
IRON_ORE,MATCHED,2025-11,W3,2025-11-21,159,3,206.888,205.94,200.56442328488902,200.6010374874608,200.39088229638094,1,0,0,0,0
IRON_ORE,MATCHED,2025-11,W4,2025-11-30,162,2,206.888,205.94,205.93357767797391,205.92760249706143,205.9258771494654,1,0,5,10,0
IRON_ORE,MATCHED,2025-12,W0,2025-11-30,160,3,204.225,205.94,202.86522492586792,202.88971276634715,202.7608354206142,1,0,0,0,0
IRON_ORE,MATCHED,2025-12,W1,2025-12-07,160,3,204.225,205.94,202.86522492586792,202.88971276634715,202.7608354206142,1,0,0,0,0
IRON_ORE,MATCHED,2025-12,W2,2025-12-14,160,3,204.225,205.94,202.86522492586792,202.88971276634715,202.7608354206142,1,0,0,0,0
IRON_ORE,MATCHED,2025-12,W3,2025-12-21,160,3,204.225,205.94,202.86522492586792,202.88971276634715,202.7608354206142,1,0,0,0,0
IRON_ORE,MATCHED,2025-12,W4,2025-12-31,160,3,204.225,205.94,202.86522492586792,202.88971276634715,202.7608354206142,1,0,0,0,0
IRON_ORE,MATCHED,2026-01,W0,2025-12-31,160,4,206.673,205.94,202.8407477160843,202.8664082722854,202.9144484073756,1,0,0,0,0
IRON_ORE,MATCHED,2026-01,W1,2026-01-07,160,4,206.673,205.94,202.8407477160843,202.8664082722854,202.9144484073756,1,0,0,0,0
IRON_ORE,MATCHED,2026-01,W2,2026-01-14,160,4,206.673,205.94,202.8407477160843,202.8664082722854,202.9144484073756,1,0,0,0,0
IRON_ORE,MATCHED,2026-01,W3,2026-01-21,160,4,206.673,205.94,202.8407477160843,202.8664082722854,202.9144484073756,1,0,0,0,0
IRON_ORE,MATCHED,2026-01,W4,2026-01-31,160,4,206.673,205.94,202.8407477160843,202.8664082722854,202.9144484073756,1,0,0,0,0
IRON_ORE,MAXIMUM,2021-12,W0,2021-11-30,115,2,189.506,189.6,189.6562374606911,196.15583483107386,196.15583483107386,0,1,0,0,0
IRON_ORE,MAXIMUM,2021-12,W1,2021-12-07,115,2,189.506,189.6,189.6562374606911,196.15583483107386,196.15583483107386,0,1,0,0,0
IRON_ORE,MAXIMUM,2021-12,W2,2021-12-14,118,1,189.506,189.551,190.11258206175512,190.51254241393443,190.51254241393443,0,1,5,10,1
IRON_ORE,MAXIMUM,2021-12,W3,2021-12-21,118,1,189.506,189.551,190.11258206175512,190.51254241393443,190.51254241393443,0,1,0,0,0
IRON_ORE,MAXIMUM,2021-12,W4,2021-12-31,118,1,189.506,189.551,190.11258206175512,190.51254241393443,190.51254241393443,0,1,0,0,0
IRON_ORE,MAXIMUM,2022-01,W0,2021-12-31,116,2,188.622,189.551,191.35692895391594,195.4195518509936,195.68156540299253,1,0,0,0,0
IRON_ORE,MAXIMUM,2022-01,W1,2022-01-07,116,2,188.622,189.551,191.35692895391594,195.4195518509936,195.68156540299253,1,0,0,0,0
IRON_ORE,MAXIMUM,2022-01,W2,2022-01-14,119,1,188.622,189.551,190.82216598012474,191.07042571331766,191.24586919581685,1,0,5,10,0
IRON_ORE,MAXIMUM,2022-01,W3,2022-01-21,119,1,188.622,189.551,190.82216598012474,191.07042571331766,191.24586919581685,1,0,0,0,0
IRON_ORE,MAXIMUM,2022-01,W4,2022-01-31,119,1,188.622,189.551,190.82216598012474,191.07042571331766,191.24586919581685,1,0,0,0,0
IRON_ORE,MAXIMUM,2022-02,W0,2022-01-31,117,2,190.64,189.551,192.29976107684755,194.43843985553303,194.43843985553303,0,1,0,0,0
IRON_ORE,MAXIMUM,2022-02,W1,2022-02-07,117,2,190.64,189.551,192.29976107684755,194.43843985553303,194.43843985553303,0,1,0,0,0
IRON_ORE,MAXIMUM,2022-02,W2,2022-02-14,117,2,190.64,189.551,192.29976107684755,194.43843985553303,194.43843985553303,0,1,0,0,0
IRON_ORE,MAXIMUM,2022-02,W3,2022-02-21,120,1,190.64,188.622,189.0285675638657,189.08507698437322,189.08751172470704,1,0,5,10,0
IRON_ORE,MAXIMUM,2022-02,W4,2022-02-28,120,1,190.64,188.622,189.0285675638657,189.08507698437322,189.08751172470704,1,0,0,0,0
IRON_ORE,MAXIMUM,2022-03,W0,2022-02-28,118,2,192.631,188.622,190.36954471017896,190.38755634774725,190.3621870230914,1,0,0,0,0
IRON_ORE,MAXIMUM,2022-03,W1,2022-03-07,118,2,192.631,188.622,190.36954471017896,190.38755634774725,190.3621870230914,1,0,0,0,0
IRON_ORE,MAXIMUM,2022-03,W2,2022-03-14,118,2,192.631,188.622,190.36954471017896,190.38755634774725,190.3621870230914,1,0,0,0,0
IRON_ORE,MAXIMUM,2022-03,W3,2022-03-21,121,1,192.631,188.622,189.9353213943908,189.5324911669506,189.4470862588807,1,0,5,10,0
IRON_ORE,MAXIMUM,2022-03,W4,2022-03-31,121,1,192.631,188.622,189.9353213943908,189.5324911669506,189.4470862588807,1,0,0,0,0
IRON_ORE,MAXIMUM,2022-04,W0,2022-03-31,119,2,192.057,188.622,191.60518926572593,186.17141031382442,186.01302233108402,1,0,0,0,0
IRON_ORE,MAXIMUM,2022-04,W1,2022-04-07,119,2,192.057,188.622,191.60518926572593,186.17141031382442,186.01302233108402,1,0,0,0,0
IRON_ORE,MAXIMUM,2022-04,W2,2022-04-14,122,1,192.057,191.159,192.90200228894375,192.4315355355182,192.31696206150895,1,0,5,10,0
IRON_ORE,MAXIMUM,2022-04,W3,2022-04-21,122,1,192.057,191.159,192.90200228894375,192.4315355355182,192.31696206150895,1,0,0,0,0
IRON_ORE,MAXIMUM,2022-04,W4,2022-04-30,122,1,192.057,191.159,192.90200228894375,192.4315355355182,192.31696206150895,1,0,0,0,0
IRON_ORE,MAXIMUM,2022-05,W0,2022-04-30,120,2,194.053,191.159,197.4734129302717,190.70847780719112,190.4747520674356,1,0,0,0,0
IRON_ORE,MAXIMUM,2022-05,W1,2022-05-07,120,2,194.053,191.159,197.4734129302717,190.70847780719112,190.4747520674356,1,0,0,0,0
IRON_ORE,MAXIMUM,2022-05,W2,2022-05-14,123,1,194.053,192.057,194.13458161359108,193.76908620722293,193.76908620722293,0,1,5,10,0
IRON_ORE,MAXIMUM,2022-05,W3,2022-05-21,123,1,194.053,192.057,194.13458161359108,193.76908620722293,193.76908620722293,0,1,0,0,0
IRON_ORE,MAXIMUM,2022-05,W4,2022-05-31,123,1,194.053,192.057,194.13458161359108,193.76908620722293,193.76908620722293,0,1,0,0,0
IRON_ORE,MAXIMUM,2022-06,W0,2022-05-31,121,2,205.995,192.057,196.76242783106832,191.41690814223261,191.41690814223261,0,1,0,0,0
IRON_ORE,MAXIMUM,2022-06,W1,2022-06-07,121,2,205.995,192.057,196.76242783106832,191.41690814223261,191.41690814223261,0,1,0,0,0
IRON_ORE,MAXIMUM,2022-06,W2,2022-06-14,124,1,205.995,192.057,192.63620903076657,192.38652687489835,192.38652687489835,0,1,5,10,0
IRON_ORE,MAXIMUM,2022-06,W3,2022-06-21,124,1,205.995,192.057,192.63620903076657,192.38652687489835,192.38652687489835,0,1,0,0,0
IRON_ORE,MAXIMUM,2022-06,W4,2022-06-30,124,1,205.995,192.057,192.63620903076657,192.38652687489835,192.38652687489835,0,1,0,0,0
IRON_ORE,MAXIMUM,2022-07,W0,2022-06-30,122,2,214.199,192.057,194.95534363418747,195.34872139938415,195.34872139938415,0,1,0,0,0
IRON_ORE,MAXIMUM,2022-07,W1,2022-07-07,122,2,214.199,192.057,194.95534363418747,195.34872139938415,195.34872139938415,0,1,0,0,0
IRON_ORE,MAXIMUM,2022-07,W2,2022-07-14,125,1,214.199,206.617,209.94308449248965,210.10394838637893,210.10394838637893,0,1,5,10,0
IRON_ORE,MAXIMUM,2022-07,W3,2022-07-21,125,1,214.199,206.617,209.94308449248965,210.10394838637893,210.10394838637893,0,1,0,0,0
IRON_ORE,MAXIMUM,2022-07,W4,2022-07-31,125,1,214.199,206.617,209.94308449248965,210.10394838637893,210.10394838637893,0,1,0,0,0
IRON_ORE,MAXIMUM,2022-08,W0,2022-07-31,123,2,211.983,206.617,209.22321778692307,209.45288189509546,209.45288189509546,0,1,0,0,0
IRON_ORE,MAXIMUM,2022-08,W1,2022-08-07,123,2,211.983,206.617,209.22321778692307,209.45288189509546,209.45288189509546,0,1,0,0,0
IRON_ORE,MAXIMUM,2022-08,W2,2022-08-14,126,1,211.983,214.199,217.50290203811738,217.5009830087643,217.5009830087643,0,1,5,10,0
IRON_ORE,MAXIMUM,2022-08,W3,2022-08-21,126,1,211.983,214.199,217.50290203811738,217.5009830087643,217.5009830087643,0,1,0,0,0
IRON_ORE,MAXIMUM,2022-08,W4,2022-08-31,126,1,211.983,214.199,217.50290203811738,217.5009830087643,217.5009830087643,0,1,0,0,1
IRON_ORE,MAXIMUM,2022-09,W0,2022-08-31,124,2,211.381,214.199,213.66292887176073,216.66139977917405,216.7790145185159,1,0,0,0,0
IRON_ORE,MAXIMUM,2022-09,W1,2022-09-07,124,2,211.381,214.199,213.66292887176073,216.66139977917405,216.7790145185159,1,0,0,0,0
IRON_ORE,MAXIMUM,2022-09,W2,2022-09-14,127,1,211.381,214.199,214.03265986373844,211.2921942941129,211.4000756992648,1,0,5,10,0
IRON_ORE,MAXIMUM,2022-09,W3,2022-09-21,127,1,211.381,214.199,214.03265986373844,211.2921942941129,211.4000756992648,1,0,0,0,0
IRON_ORE,MAXIMUM,2022-09,W4,2022-09-30,127,1,211.381,214.199,214.03265986373844,211.2921942941129,211.4000756992648,1,0,0,0,0
IRON_ORE,MAXIMUM,2022-10,W0,2022-09-30,125,2,212.131,214.199,213.40958475440627,208.3113841518523,208.3113841518523,0,1,0,0,0
IRON_ORE,MAXIMUM,2022-10,W1,2022-10-07,125,2,212.131,214.199,213.40958475440627,208.3113841518523,208.3113841518523,0,1,0,0,0
IRON_ORE,MAXIMUM,2022-10,W2,2022-10-14,128,1,212.131,214.199,213.63907155931275,213.10469434373186,213.13312517069127,1,0,5,10,0
IRON_ORE,MAXIMUM,2022-10,W3,2022-10-21,128,1,212.131,214.199,213.63907155931275,213.10469434373186,213.13312517069127,1,0,0,0,0
IRON_ORE,MAXIMUM,2022-10,W4,2022-10-31,128,1,212.131,214.199,213.63907155931275,213.10469434373186,213.13312517069127,1,0,0,0,0
IRON_ORE,MAXIMUM,2022-11,W0,2022-10-31,126,2,215.261,214.199,214.88976658390033,207.98381620824424,208.02165724531545,1,0,0,0,0
IRON_ORE,MAXIMUM,2022-11,W1,2022-11-07,126,2,215.261,214.199,214.88976658390033,207.98381620824424,208.02165724531545,1,0,0,0,0
IRON_ORE,MAXIMUM,2022-11,W2,2022-11-14,126,2,215.261,214.199,214.88976658390033,207.98381620824424,208.02165724531545,1,0,0,0,0
IRON_ORE,MAXIMUM,2022-11,W3,2022-11-21,129,1,215.261,212.131,213.76788184712234,212.25110727383318,213.2580660045019,1,0,5,10,0
IRON_ORE,MAXIMUM,2022-11,W4,2022-11-30,129,1,215.261,212.131,213.76788184712234,212.25110727383318,213.2580660045019,1,0,0,0,0
IRON_ORE,MAXIMUM,2022-12,W0,2022-11-30,127,2,214.962,212.131,213.58714213756534,209.01962230131818,208.9769247850779,1,0,0,0,0
IRON_ORE,MAXIMUM,2022-12,W1,2022-12-07,127,2,214.962,212.131,213.58714213756534,209.01962230131818,208.9769247850779,1,0,0,0,1
IRON_ORE,MAXIMUM,2022-12,W2,2022-12-14,130,1,214.962,212.131,213.9761072748285,213.67408624843907,213.6054105686889,1,0,5,10,0
IRON_ORE,MAXIMUM,2022-12,W3,2022-12-21,130,1,214.962,212.131,213.9761072748285,213.67408624843907,213.6054105686889,1,0,0,0,0
IRON_ORE,MAXIMUM,2022-12,W4,2022-12-31,130,1,214.962,212.131,213.9761072748285,213.67408624843907,213.6054105686889,1,0,0,0,1
IRON_ORE,MAXIMUM,2023-01,W0,2022-12-31,128,2,216.837,212.131,214.51294418470923,211.93786755287675,212.2848010764543,1,0,0,0,0
IRON_ORE,MAXIMUM,2023-01,W1,2023-01-07,128,2,216.837,212.131,214.51294418470923,211.93786755287675,212.2848010764543,1,0,0,0,0
IRON_ORE,MAXIMUM,2023-01,W2,2023-01-14,128,2,216.837,212.131,214.51294418470923,211.93786755287675,212.2848010764543,1,0,0,0,0
IRON_ORE,MAXIMUM,2023-01,W3,2023-01-21,131,1,216.837,212.131,213.8923826867447,213.71962889682518,213.8595098007047,1,0,5,10,0
IRON_ORE,MAXIMUM,2023-01,W4,2023-01-31,131,1,216.837,212.131,213.8923826867447,213.71962889682518,213.8595098007047,1,0,0,0,0
IRON_ORE,MAXIMUM,2023-02,W0,2023-01-31,129,2,219.106,212.131,215.7559502892564,215.32850598613783,215.32850598613783,0,1,0,0,0
IRON_ORE,MAXIMUM,2023-02,W1,2023-02-07,129,2,219.106,212.131,215.7559502892564,215.32850598613783,215.32850598613783,0,1,0,0,0
IRON_ORE,MAXIMUM,2023-02,W2,2023-02-14,129,2,219.106,212.131,215.7559502892564,215.32850598613783,215.32850598613783,0,1,0,0,0
IRON_ORE,MAXIMUM,2023-02,W3,2023-02-21,132,1,219.106,216.837,218.50875687605168,218.6181897545958,218.41674638433966,1,0,5,10,0
IRON_ORE,MAXIMUM,2023-02,W4,2023-02-28,132,1,219.106,216.837,218.50875687605168,218.6181897545958,218.41674638433966,1,0,0,0,0
IRON_ORE,MAXIMUM,2023-03,W0,2023-02-28,130,2,217.959,216.837,221.53126998693537,221.0595159210788,221.1294166698355,1,0,0,0,0
IRON_ORE,MAXIMUM,2023-03,W1,2023-03-07,130,2,217.959,216.837,221.53126998693537,221.0595159210788,221.1294166698355,1,0,0,0,0
IRON_ORE,MAXIMUM,2023-03,W2,2023-03-14,130,2,217.959,216.837,221.53126998693537,221.0595159210788,221.1294166698355,1,0,0,0,0
IRON_ORE,MAXIMUM,2023-03,W3,2023-03-21,133,1,217.959,216.837,218.89666731805747,218.54260255874183,218.87317545098637,1,0,5,10,0
IRON_ORE,MAXIMUM,2023-03,W4,2023-03-31,133,1,217.959,216.837,218.89666731805747,218.54260255874183,218.87317545098637,1,0,0,0,0
IRON_ORE,MAXIMUM,2023-04,W0,2023-03-31,131,2,220.056,216.837,220.76415176180683,220.82208129749517,220.81897767012043,1,0,0,0,0
IRON_ORE,MAXIMUM,2023-04,W1,2023-04-07,131,2,220.056,216.837,220.76415176180683,220.82208129749517,220.81897767012043,1,0,0,0,0
IRON_ORE,MAXIMUM,2023-04,W2,2023-04-14,134,1,220.056,216.837,218.19615404639697,218.42171315824876,218.3534763022771,1,0,5,10,0
IRON_ORE,MAXIMUM,2023-04,W3,2023-04-21,134,1,220.056,216.837,218.19615404639697,218.42171315824876,218.3534763022771,1,0,0,0,0
IRON_ORE,MAXIMUM,2023-04,W4,2023-04-30,134,1,220.056,216.837,218.19615404639697,218.42171315824876,218.3534763022771,1,0,0,0,0
IRON_ORE,MAXIMUM,2023-05,W0,2023-04-30,132,2,206.001,216.837,220.81436065677644,220.68968710158316,220.65168327811546,1,0,0,0,0
IRON_ORE,MAXIMUM,2023-05,W1,2023-05-07,132,2,206.001,216.837,220.81436065677644,220.68968710158316,220.65168327811546,1,0,0,0,0
IRON_ORE,MAXIMUM,2023-05,W2,2023-05-14,135,1,206.001,215.192,216.20403628649228,216.9950872321862,216.9950872321862,0,1,5,10,0
IRON_ORE,MAXIMUM,2023-05,W3,2023-05-21,135,1,206.001,215.192,216.20403628649228,216.9950872321862,216.9950872321862,0,1,0,0,0
IRON_ORE,MAXIMUM,2023-05,W4,2023-05-31,135,1,206.001,215.192,216.20403628649228,216.9950872321862,216.9950872321862,0,1,0,0,1
IRON_ORE,MAXIMUM,2023-06,W0,2023-05-31,133,2,206.577,215.192,221.30685507752398,220.88577881848258,220.98317896634376,1,0,0,0,0
IRON_ORE,MAXIMUM,2023-06,W1,2023-06-07,133,2,206.577,215.192,221.30685507752398,220.88577881848258,220.98317896634376,1,0,0,0,0
IRON_ORE,MAXIMUM,2023-06,W2,2023-06-14,136,1,206.577,191.225,187.99411886012302,191.37073498743814,191.47253086122777,1,0,5,10,0
IRON_ORE,MAXIMUM,2023-06,W3,2023-06-21,136,1,206.577,191.225,187.99411886012302,191.37073498743814,191.47253086122777,1,0,0,0,0
IRON_ORE,MAXIMUM,2023-06,W4,2023-06-30,136,1,206.577,191.225,187.99411886012302,191.37073498743814,191.47253086122777,1,0,0,0,0
IRON_ORE,MAXIMUM,2023-07,W0,2023-06-30,134,2,205.071,191.225,195.34274384268673,191.89295290452924,191.89295290452924,0,1,0,0,0
IRON_ORE,MAXIMUM,2023-07,W1,2023-07-07,134,2,205.071,191.225,195.34274384268673,191.89295290452924,191.89295290452924,0,1,0,0,0
IRON_ORE,MAXIMUM,2023-07,W2,2023-07-14,137,1,205.071,191.225,189.76601268278677,189.92081932402823,190.02595192759674,1,0,5,10,0
IRON_ORE,MAXIMUM,2023-07,W3,2023-07-21,137,1,205.071,191.225,189.76601268278677,189.92081932402823,190.02595192759674,1,0,0,0,0
IRON_ORE,MAXIMUM,2023-07,W4,2023-07-31,137,1,205.071,191.225,189.76601268278677,189.92081932402823,190.02595192759674,1,0,0,0,0
IRON_ORE,MAXIMUM,2023-08,W0,2023-07-31,135,2,207.269,191.225,193.7234144501511,193.99204781941282,194.00085047722007,1,0,0,0,0
IRON_ORE,MAXIMUM,2023-08,W1,2023-08-07,135,2,207.269,191.225,193.7234144501511,193.99204781941282,194.00085047722007,1,0,0,0,0
IRON_ORE,MAXIMUM,2023-08,W2,2023-08-14,138,1,207.269,205.071,207.3701404090857,207.40118339292567,207.33795278347077,1,0,5,10,0
IRON_ORE,MAXIMUM,2023-08,W3,2023-08-21,138,1,207.269,205.071,207.3701404090857,207.40118339292567,207.33795278347077,1,0,0,0,0
IRON_ORE,MAXIMUM,2023-08,W4,2023-08-31,138,1,207.269,205.071,207.3701404090857,207.40118339292567,207.33795278347077,1,0,0,0,1
IRON_ORE,MAXIMUM,2023-09,W0,2023-08-31,136,2,208.326,205.071,204.88731575145496,204.97223657598212,205.24766345538637,1,0,0,0,0
IRON_ORE,MAXIMUM,2023-09,W1,2023-09-07,136,2,208.326,205.071,204.88731575145496,204.97223657598212,205.24766345538637,1,0,0,0,0
IRON_ORE,MAXIMUM,2023-09,W2,2023-09-14,139,1,208.326,205.071,205.2641154807225,205.2375486827236,205.5139605439904,1,0,5,10,0
IRON_ORE,MAXIMUM,2023-09,W3,2023-09-21,139,1,208.326,205.071,205.2641154807225,205.2375486827236,205.5139605439904,1,0,0,0,0
IRON_ORE,MAXIMUM,2023-09,W4,2023-09-30,139,1,208.326,205.071,205.2641154807225,205.2375486827236,205.5139605439904,1,0,0,0,0
IRON_ORE,MAXIMUM,2023-10,W0,2023-09-30,137,2,205.938,205.071,206.199203994982,206.1105846227455,206.04301377235174,1,0,0,0,0
IRON_ORE,MAXIMUM,2023-10,W1,2023-10-07,137,2,205.938,205.071,206.199203994982,206.1105846227455,206.04301377235174,1,0,0,0,0
IRON_ORE,MAXIMUM,2023-10,W2,2023-10-14,140,1,205.938,205.071,205.79778230426777,205.67051882395538,205.72239938447012,1,0,5,10,1
IRON_ORE,MAXIMUM,2023-10,W3,2023-10-21,140,1,205.938,205.071,205.79778230426777,205.67051882395538,205.72239938447012,1,0,0,0,0
IRON_ORE,MAXIMUM,2023-10,W4,2023-10-31,140,1,205.938,205.071,205.79778230426777,205.67051882395538,205.72239938447012,1,0,0,0,0
IRON_ORE,MAXIMUM,2023-11,W0,2023-10-31,138,2,204.521,205.071,206.26921196332216,206.04298870040446,206.33047969457655,1,0,0,0,0
IRON_ORE,MAXIMUM,2023-11,W1,2023-11-07,138,2,204.521,205.071,206.26921196332216,206.04298870040446,206.33047969457655,1,0,0,0,0
IRON_ORE,MAXIMUM,2023-11,W2,2023-11-14,138,2,204.521,205.071,206.26921196332216,206.04298870040446,206.33047969457655,1,0,0,0,0
IRON_ORE,MAXIMUM,2023-11,W3,2023-11-21,141,1,204.521,205.938,206.73639125483976,206.64163031409277,206.717309548459,1,0,5,10,0
IRON_ORE,MAXIMUM,2023-11,W4,2023-11-30,141,1,204.521,205.938,206.73639125483976,206.64163031409277,206.717309548459,1,0,0,0,0
IRON_ORE,MAXIMUM,2023-12,W0,2023-11-30,139,2,203.905,205.938,207.42945225327944,207.2782279682256,207.2111198273693,1,0,0,0,0
IRON_ORE,MAXIMUM,2023-12,W1,2023-12-07,139,2,203.905,205.938,207.42945225327944,207.2782279682256,207.2111198273693,1,0,0,0,0
IRON_ORE,MAXIMUM,2023-12,W2,2023-12-14,142,1,203.905,202.12,202.0464160796826,201.95280517445414,201.9317645526388,1,0,5,10,0
IRON_ORE,MAXIMUM,2023-12,W3,2023-12-21,142,1,203.905,202.12,202.0464160796826,201.95280517445414,201.9317645526388,1,0,0,0,0
IRON_ORE,MAXIMUM,2023-12,W4,2023-12-31,142,1,203.905,202.12,202.0464160796826,201.95280517445414,201.9317645526388,1,0,0,0,0
IRON_ORE,MAXIMUM,2024-01,W0,2023-12-31,140,2,205.036,202.12,203.532933324848,203.41302122313,203.41095866590086,1,0,0,0,0
IRON_ORE,MAXIMUM,2024-01,W1,2024-01-07,140,2,205.036,202.12,203.532933324848,203.41302122313,203.41095866590086,1,0,0,0,0
IRON_ORE,MAXIMUM,2024-01,W2,2024-01-14,143,1,205.036,202.12,202.76897689389426,202.76588914717956,202.68344949371087,1,0,5,10,1
IRON_ORE,MAXIMUM,2024-01,W3,2024-01-21,143,1,205.036,202.12,202.76897689389426,202.76588914717956,202.68344949371087,1,0,0,0,0
IRON_ORE,MAXIMUM,2024-01,W4,2024-01-31,143,1,205.036,202.12,202.76897689389426,202.76588914717956,202.68344949371087,1,0,0,0,0
IRON_ORE,MAXIMUM,2024-02,W0,2024-01-31,141,2,206.54,202.12,203.7843033072327,203.82991370680918,203.94969774862537,1,0,0,0,0
IRON_ORE,MAXIMUM,2024-02,W1,2024-02-07,141,2,206.54,202.12,203.7843033072327,203.82991370680918,203.94969774862537,1,0,0,0,0
IRON_ORE,MAXIMUM,2024-02,W2,2024-02-14,141,2,206.54,202.12,203.7843033072327,203.82991370680918,203.94969774862537,1,0,0,0,0
IRON_ORE,MAXIMUM,2024-02,W3,2024-02-21,144,1,206.54,205.036,206.149179748988,206.16568637160353,206.23627238551626,1,0,5,10,0
IRON_ORE,MAXIMUM,2024-02,W4,2024-02-29,144,1,206.54,205.036,206.149179748988,206.16568637160353,206.23627238551626,1,0,0,0,0
IRON_ORE,MAXIMUM,2024-03,W0,2024-02-29,142,2,203.955,205.036,206.1045606860518,206.37807026956457,206.2426963160798,1,0,0,0,0
IRON_ORE,MAXIMUM,2024-03,W1,2024-03-07,142,2,203.955,205.036,206.1045606860518,206.37807026956457,206.2426963160798,1,0,0,0,0
IRON_ORE,MAXIMUM,2024-03,W2,2024-03-14,145,1,203.955,203.147,203.71606240874456,203.74315369996714,203.69872334624634,1,0,5,10,0
IRON_ORE,MAXIMUM,2024-03,W3,2024-03-21,145,1,203.955,203.147,203.71606240874456,203.74315369996714,203.69872334624634,1,0,0,0,0
IRON_ORE,MAXIMUM,2024-03,W4,2024-03-31,145,1,203.955,203.147,203.71606240874456,203.74315369996714,203.69872334624634,1,0,0,0,0
IRON_ORE,MAXIMUM,2024-04,W0,2024-03-31,143,2,205.45,203.147,203.74868788511628,204.19648429382724,204.15768632690813,1,0,0,0,0
IRON_ORE,MAXIMUM,2024-04,W1,2024-04-07,143,2,205.45,203.147,203.74868788511628,204.19648429382724,204.15768632690813,1,0,0,0,0
IRON_ORE,MAXIMUM,2024-04,W2,2024-04-14,146,1,205.45,203.147,203.55082910580677,203.60669926412396,203.52256161107488,1,0,5,10,0
IRON_ORE,MAXIMUM,2024-04,W3,2024-04-21,146,1,205.45,203.147,203.55082910580677,203.60669926412396,203.52256161107488,1,0,0,0,0
IRON_ORE,MAXIMUM,2024-04,W4,2024-04-30,146,1,205.45,203.147,203.55082910580677,203.60669926412396,203.52256161107488,1,0,0,0,0
IRON_ORE,MAXIMUM,2024-05,W0,2024-04-30,144,2,206.005,203.147,202.38236000110714,202.51758254088952,202.41364558714847,1,0,0,0,0
IRON_ORE,MAXIMUM,2024-05,W1,2024-05-07,144,2,206.005,203.147,202.38236000110714,202.51758254088952,202.41364558714847,1,0,0,0,0
IRON_ORE,MAXIMUM,2024-05,W2,2024-05-14,147,1,206.005,203.052,202.20977831696842,202.20541235476878,202.11735327249403,1,0,5,10,0
IRON_ORE,MAXIMUM,2024-05,W3,2024-05-21,147,1,206.005,203.052,202.20977831696842,202.20541235476878,202.11735327249403,1,0,0,0,1
IRON_ORE,MAXIMUM,2024-05,W4,2024-05-31,147,1,206.005,203.052,202.20977831696842,202.20541235476878,202.11735327249403,1,0,0,0,0
IRON_ORE,MAXIMUM,2024-06,W0,2024-05-31,145,2,204.636,203.052,202.12547986177702,202.18165892542692,202.31963255448676,1,0,0,0,0
IRON_ORE,MAXIMUM,2024-06,W1,2024-06-07,145,2,204.636,203.052,202.12547986177702,202.18165892542692,202.31963255448676,1,0,0,0,0
IRON_ORE,MAXIMUM,2024-06,W2,2024-06-14,148,1,204.636,203.052,203.76363965591548,203.64814264707127,203.85201944405202,1,0,5,10,0
IRON_ORE,MAXIMUM,2024-06,W3,2024-06-21,148,1,204.636,203.052,203.76363965591548,203.64814264707127,203.85201944405202,1,0,0,0,0
IRON_ORE,MAXIMUM,2024-06,W4,2024-06-30,148,1,204.636,203.052,203.76363965591548,203.64814264707127,203.85201944405202,1,0,0,0,0
IRON_ORE,MAXIMUM,2024-07,W0,2024-06-30,146,2,206.319,203.052,204.27046189264234,204.07767269413813,204.07767269413813,0,1,0,0,0
IRON_ORE,MAXIMUM,2024-07,W1,2024-07-07,146,2,206.319,203.052,204.27046189264234,204.07767269413813,204.07767269413813,0,1,0,0,0
IRON_ORE,MAXIMUM,2024-07,W2,2024-07-14,149,1,206.319,203.052,203.4766169617366,203.4807175828783,203.50395408904842,1,0,5,10,0
IRON_ORE,MAXIMUM,2024-07,W3,2024-07-21,149,1,206.319,203.052,203.4766169617366,203.4807175828783,203.50395408904842,1,0,0,0,0
IRON_ORE,MAXIMUM,2024-07,W4,2024-07-31,149,1,206.319,203.052,203.4766169617366,203.4807175828783,203.50395408904842,1,0,0,0,0
IRON_ORE,MAXIMUM,2024-08,W0,2024-07-31,147,2,205.293,203.052,203.44805276876264,203.42497211178917,203.44490615408694,1,0,0,0,0
IRON_ORE,MAXIMUM,2024-08,W1,2024-08-07,147,2,205.293,203.052,203.44805276876264,203.42497211178917,203.44490615408694,1,0,0,0,0
IRON_ORE,MAXIMUM,2024-08,W2,2024-08-14,150,1,205.293,208.937,209.64874864798685,209.61257920660717,209.56910445294199,1,0,5,10,0
IRON_ORE,MAXIMUM,2024-08,W3,2024-08-21,150,1,205.293,208.937,209.64874864798685,209.61257920660717,209.56910445294199,1,0,0,0,0
IRON_ORE,MAXIMUM,2024-08,W4,2024-08-31,150,1,205.293,208.937,209.64874864798685,209.61257920660717,209.56910445294199,1,0,0,0,0
IRON_ORE,MAXIMUM,2024-09,W0,2024-08-31,148,2,194.315,208.937,210.00370336701172,209.90841211522758,209.8259711161283,1,0,0,0,0
IRON_ORE,MAXIMUM,2024-09,W1,2024-09-07,148,2,194.315,208.937,210.00370336701172,209.90841211522758,209.8259711161283,1,0,0,0,0
IRON_ORE,MAXIMUM,2024-09,W2,2024-09-14,151,1,194.315,208.937,209.97672283158894,209.12848429791572,209.81340317897212,1,0,5,10,0
IRON_ORE,MAXIMUM,2024-09,W3,2024-09-21,151,1,194.315,208.937,209.97672283158894,209.12848429791572,209.81340317897212,1,0,0,0,0
IRON_ORE,MAXIMUM,2024-09,W4,2024-09-30,151,1,194.315,208.937,209.97672283158894,209.12848429791572,209.81340317897212,1,0,0,0,0
IRON_ORE,MAXIMUM,2024-10,W0,2024-09-30,149,2,196.287,208.937,208.0414238089388,207.89749257356937,207.7907293713614,1,0,0,0,0
IRON_ORE,MAXIMUM,2024-10,W1,2024-10-07,149,2,196.287,208.937,208.0414238089388,207.89749257356937,207.7907293713614,1,0,0,0,0
IRON_ORE,MAXIMUM,2024-10,W2,2024-10-14,152,1,196.287,208.937,209.11447771969847,208.9860179982891,208.9860179982891,0,1,5,10,0
IRON_ORE,MAXIMUM,2024-10,W3,2024-10-21,152,1,196.287,208.937,209.11447771969847,208.9860179982891,208.9860179982891,0,1,0,0,0
IRON_ORE,MAXIMUM,2024-10,W4,2024-10-31,152,1,196.287,208.937,209.11447771969847,208.9860179982891,208.9860179982891,0,1,0,0,0
IRON_ORE,MAXIMUM,2024-11,W0,2024-10-31,150,2,197.498,208.937,208.76939227257958,208.74393875391144,208.74393875391144,0,1,0,0,0
IRON_ORE,MAXIMUM,2024-11,W1,2024-11-07,150,2,197.498,208.937,208.76939227257958,208.74393875391144,208.74393875391144,0,1,0,0,0
IRON_ORE,MAXIMUM,2024-11,W2,2024-11-14,153,1,197.498,203.874,204.04174103576906,203.9703309259006,203.9703309259006,0,1,5,10,0
IRON_ORE,MAXIMUM,2024-11,W3,2024-11-21,153,1,197.498,203.874,204.04174103576906,203.9703309259006,203.9703309259006,0,1,0,0,0
IRON_ORE,MAXIMUM,2024-11,W4,2024-11-30,153,1,197.498,203.874,204.04174103576906,203.9703309259006,203.9703309259006,0,1,0,0,0
IRON_ORE,MAXIMUM,2024-12,W0,2024-11-30,151,2,198.104,203.874,204.36611315469636,204.35178743131925,204.35178743131925,0,1,0,0,0
IRON_ORE,MAXIMUM,2024-12,W1,2024-12-07,151,2,198.104,203.874,204.36611315469636,204.35178743131925,204.35178743131925,0,1,0,0,0
IRON_ORE,MAXIMUM,2024-12,W2,2024-12-14,154,1,198.104,204.733,203.90378417258387,203.8999608487374,203.8999608487374,0,1,5,10,0
IRON_ORE,MAXIMUM,2024-12,W3,2024-12-21,154,1,198.104,204.733,203.90378417258387,203.8999608487374,203.8999608487374,0,1,0,0,0
IRON_ORE,MAXIMUM,2024-12,W4,2024-12-31,154,1,198.104,204.733,203.90378417258387,203.8999608487374,203.8999608487374,0,1,0,0,0
IRON_ORE,MAXIMUM,2025-01,W0,2024-12-31,152,2,197.418,204.733,204.5801250208536,204.57611860420613,204.57611860420613,0,1,0,0,0
IRON_ORE,MAXIMUM,2025-01,W1,2025-01-07,152,2,197.418,204.733,204.5801250208536,204.57611860420613,204.57611860420613,0,1,0,0,0
IRON_ORE,MAXIMUM,2025-01,W2,2025-01-14,155,1,197.418,204.733,205.24011981490418,205.23502420489888,205.23502420489888,0,1,5,10,0
IRON_ORE,MAXIMUM,2025-01,W3,2025-01-21,155,1,197.418,204.733,205.24011981490418,205.23502420489888,205.23502420489888,0,1,0,0,0
IRON_ORE,MAXIMUM,2025-01,W4,2025-01-31,155,1,197.418,204.733,205.24011981490418,205.23502420489888,205.23502420489888,0,1,0,0,0
IRON_ORE,MAXIMUM,2025-02,W0,2025-01-31,153,2,198.592,204.733,205.28274445256747,205.27388851640106,205.27388851640106,0,1,0,0,0
IRON_ORE,MAXIMUM,2025-02,W1,2025-02-07,153,2,198.592,204.733,205.28274445256747,205.27388851640106,205.27388851640106,0,1,0,0,0
IRON_ORE,MAXIMUM,2025-02,W2,2025-02-14,156,1,198.592,198.673,198.89561381796605,198.89186273706815,198.89186273706815,0,1,5,10,0
IRON_ORE,MAXIMUM,2025-02,W3,2025-02-21,156,1,198.592,198.673,198.89561381796605,198.89186273706815,198.89186273706815,0,1,0,0,0
IRON_ORE,MAXIMUM,2025-02,W4,2025-02-28,156,1,198.592,198.673,198.89561381796605,198.89186273706815,198.89186273706815,0,1,0,0,0
IRON_ORE,MAXIMUM,2025-03,W0,2025-02-28,154,2,197.516,198.673,198.2888046517598,198.28131493425985,198.28131493425985,0,1,0,0,0
IRON_ORE,MAXIMUM,2025-03,W1,2025-03-07,154,2,197.516,198.673,198.2888046517598,198.28131493425985,198.28131493425985,0,1,0,0,0
IRON_ORE,MAXIMUM,2025-03,W2,2025-03-14,157,1,197.516,198.673,198.40151052133103,198.4006264730486,198.4006264730486,0,1,5,10,0
IRON_ORE,MAXIMUM,2025-03,W3,2025-03-21,157,1,197.516,198.673,198.40151052133103,198.4006264730486,198.4006264730486,0,1,0,0,0
IRON_ORE,MAXIMUM,2025-03,W4,2025-03-31,157,1,197.516,198.673,198.40151052133103,198.4006264730486,198.4006264730486,0,1,0,0,0
IRON_ORE,MAXIMUM,2025-04,W0,2025-03-31,155,2,203.273,198.673,198.21249976136602,198.2076701558938,198.2076701558938,0,1,0,0,0
IRON_ORE,MAXIMUM,2025-04,W1,2025-04-07,155,2,203.273,198.673,198.21249976136602,198.2076701558938,198.2076701558938,0,1,0,0,0
IRON_ORE,MAXIMUM,2025-04,W2,2025-04-14,158,1,203.273,198.673,198.86325786652196,198.8806746980974,198.8806746980974,0,1,5,10,0
IRON_ORE,MAXIMUM,2025-04,W3,2025-04-21,158,1,203.273,198.673,198.86325786652196,198.8806746980974,198.8806746980974,0,1,0,0,0
IRON_ORE,MAXIMUM,2025-04,W4,2025-04-30,158,1,203.273,198.673,198.86325786652196,198.8806746980974,198.8806746980974,0,1,0,0,0
IRON_ORE,MAXIMUM,2025-05,W0,2025-04-30,156,2,203.705,198.673,198.8802128874807,198.90667683807166,198.90667683807166,0,1,0,0,0
IRON_ORE,MAXIMUM,2025-05,W1,2025-05-07,156,2,203.705,198.673,198.8802128874807,198.90667683807166,198.90667683807166,0,1,0,0,0
IRON_ORE,MAXIMUM,2025-05,W2,2025-05-14,156,2,203.705,198.673,198.8802128874807,198.90667683807166,198.90667683807166,0,1,0,0,0
IRON_ORE,MAXIMUM,2025-05,W3,2025-05-21,159,1,203.705,202.284,202.5631636876079,202.59084414995652,202.59084414995652,0,1,5,10,0
IRON_ORE,MAXIMUM,2025-05,W4,2025-05-31,159,1,203.705,202.284,202.5631636876079,202.59084414995652,202.59084414995652,0,1,0,0,0
IRON_ORE,MAXIMUM,2025-06,W0,2025-05-31,157,2,202.196,202.284,202.44796393126325,202.4913940669035,202.4913940669035,0,1,0,0,0
IRON_ORE,MAXIMUM,2025-06,W1,2025-06-07,157,2,202.196,202.284,202.44796393126325,202.4913940669035,202.4913940669035,0,1,0,0,0
IRON_ORE,MAXIMUM,2025-06,W2,2025-06-14,160,1,202.196,202.284,202.04398112819783,202.0800457344501,202.0800457344501,0,1,5,10,1
IRON_ORE,MAXIMUM,2025-06,W3,2025-06-21,160,1,202.196,202.284,202.04398112819783,202.0800457344501,202.0800457344501,0,1,0,0,0
IRON_ORE,MAXIMUM,2025-06,W4,2025-06-30,160,1,202.196,202.284,202.04398112819783,202.0800457344501,202.0800457344501,0,1,0,0,1
IRON_ORE,MAXIMUM,2025-07,W0,2025-06-30,158,2,203.472,202.284,201.16643671199998,201.2283610497417,201.84003478562448,1,0,0,0,0
IRON_ORE,MAXIMUM,2025-07,W1,2025-07-07,158,2,203.472,202.284,201.16643671199998,201.2283610497417,201.84003478562448,1,0,0,0,0
IRON_ORE,MAXIMUM,2025-07,W2,2025-07-14,158,2,203.472,202.284,201.16643671199998,201.2283610497417,201.84003478562448,1,0,0,0,1
IRON_ORE,MAXIMUM,2025-07,W3,2025-07-21,161,1,203.472,202.284,202.50356488241832,202.51832146938003,202.90036399786365,1,0,5,10,0
IRON_ORE,MAXIMUM,2025-07,W4,2025-07-31,161,1,203.472,202.284,202.50356488241832,202.51832146938003,202.90036399786365,1,0,0,0,0
IRON_ORE,MAXIMUM,2025-08,W0,2025-07-31,159,2,205.94,202.284,202.28526443724505,202.30943807895383,202.44014665557256,1,0,0,0,0
IRON_ORE,MAXIMUM,2025-08,W1,2025-08-07,159,2,205.94,202.284,202.28526443724505,202.30943807895383,202.44014665557256,1,0,0,0,0
IRON_ORE,MAXIMUM,2025-08,W2,2025-08-14,162,1,205.94,203.472,202.91434322078325,202.92696468672702,203.2044354925166,1,0,5,10,0
IRON_ORE,MAXIMUM,2025-08,W3,2025-08-21,162,1,205.94,203.472,202.91434322078325,202.92696468672702,203.2044354925166,1,0,0,0,0
IRON_ORE,MAXIMUM,2025-08,W4,2025-08-31,162,1,205.94,203.472,202.91434322078325,202.92696468672702,203.2044354925166,1,0,0,0,0
IRON_ORE,MAXIMUM,2025-09,W0,2025-08-31,160,2,205.817,203.472,201.73168061130536,201.74067542879376,201.9494950724892,1,0,0,0,0
IRON_ORE,MAXIMUM,2025-09,W1,2025-09-07,160,2,205.817,203.472,201.73168061130536,201.74067542879376,201.9494950724892,1,0,0,0,0
IRON_ORE,MAXIMUM,2025-09,W2,2025-09-14,163,1,205.817,205.94,204.8364934910241,204.83472223209122,204.9456813470546,1,0,5,10,0
IRON_ORE,MAXIMUM,2025-09,W3,2025-09-21,163,1,205.817,205.94,204.8364934910241,204.83472223209122,204.9456813470546,1,0,0,0,0
IRON_ORE,MAXIMUM,2025-09,W4,2025-09-30,163,1,205.817,205.94,204.8364934910241,204.83472223209122,204.9456813470546,1,0,0,0,0
IRON_ORE,MAXIMUM,2025-10,W0,2025-09-30,161,2,203.422,205.94,204.08310304392438,204.07459571157233,204.2393973547418,1,0,0,0,0
IRON_ORE,MAXIMUM,2025-10,W1,2025-10-07,161,2,203.422,205.94,204.08310304392438,204.07459571157233,204.2393973547418,1,0,0,0,0
IRON_ORE,MAXIMUM,2025-10,W2,2025-10-14,161,2,203.422,205.94,204.08310304392438,204.07459571157233,204.2393973547418,1,0,0,0,0
IRON_ORE,MAXIMUM,2025-10,W3,2025-10-21,161,2,203.422,205.94,204.08310304392438,204.07459571157233,204.2393973547418,1,0,0,0,0
IRON_ORE,MAXIMUM,2025-10,W4,2025-10-31,161,2,203.422,205.94,204.08310304392438,204.07459571157233,204.2393973547418,1,0,0,0,0
IRON_ORE,MAXIMUM,2025-11,W0,2025-10-31,159,3,206.888,205.94,200.56442328488902,200.6010374874608,200.39088229638094,1,0,0,0,0
IRON_ORE,MAXIMUM,2025-11,W1,2025-11-07,159,3,206.888,205.94,200.56442328488902,200.6010374874608,200.39088229638094,1,0,0,0,0
IRON_ORE,MAXIMUM,2025-11,W2,2025-11-14,159,3,206.888,205.94,200.56442328488902,200.6010374874608,200.39088229638094,1,0,0,0,0
IRON_ORE,MAXIMUM,2025-11,W3,2025-11-21,159,3,206.888,205.94,200.56442328488902,200.6010374874608,200.39088229638094,1,0,0,0,0
IRON_ORE,MAXIMUM,2025-11,W4,2025-11-30,162,2,206.888,205.94,205.93357767797391,205.92760249706143,205.9258771494654,1,0,5,10,0
IRON_ORE,MAXIMUM,2025-12,W0,2025-11-30,160,3,204.225,205.94,202.86522492586792,202.88971276634715,202.7608354206142,1,0,0,0,0
IRON_ORE,MAXIMUM,2025-12,W1,2025-12-07,160,3,204.225,205.94,202.86522492586792,202.88971276634715,202.7608354206142,1,0,0,0,0
IRON_ORE,MAXIMUM,2025-12,W2,2025-12-14,160,3,204.225,205.94,202.86522492586792,202.88971276634715,202.7608354206142,1,0,0,0,0
IRON_ORE,MAXIMUM,2025-12,W3,2025-12-21,160,3,204.225,205.94,202.86522492586792,202.88971276634715,202.7608354206142,1,0,0,0,0
IRON_ORE,MAXIMUM,2025-12,W4,2025-12-31,160,3,204.225,205.94,202.86522492586792,202.88971276634715,202.7608354206142,1,0,0,0,0
IRON_ORE,MAXIMUM,2026-01,W0,2025-12-31,160,4,206.673,205.94,202.8407477160843,202.8664082722854,202.9144484073756,1,0,0,0,0
IRON_ORE,MAXIMUM,2026-01,W1,2026-01-07,160,4,206.673,205.94,202.8407477160843,202.8664082722854,202.9144484073756,1,0,0,0,0
IRON_ORE,MAXIMUM,2026-01,W2,2026-01-14,160,4,206.673,205.94,202.8407477160843,202.8664082722854,202.9144484073756,1,0,0,0,0
IRON_ORE,MAXIMUM,2026-01,W3,2026-01-21,160,4,206.673,205.94,202.8407477160843,202.8664082722854,202.9144484073756,1,0,0,0,0
IRON_ORE,MAXIMUM,2026-01,W4,2026-01-31,160,4,206.673,205.94,202.8407477160843,202.8664082722854,202.9144484073756,1,0,0,0,0
CRUDE_OIL,MATCHED,2021-12,W0,2021-11-30,126,2,197.098,223.0,225.44062184591,204.39877015582138,204.39877015582138,0,1,0,0,0
CRUDE_OIL,MATCHED,2021-12,W1,2021-12-07,126,2,197.098,223.0,225.44062184591,204.39877015582138,204.39877015582138,0,1,0,0,0
CRUDE_OIL,MATCHED,2021-12,W2,2021-12-14,127,1,197.098,229.786,229.59033527133244,229.56728383864873,229.56728383864873,0,1,5,10,0
CRUDE_OIL,MATCHED,2021-12,W3,2021-12-21,127,1,197.098,229.786,229.59033527133244,229.56728383864873,229.56728383864873,0,1,0,0,0
CRUDE_OIL,MATCHED,2021-12,W4,2021-12-31,127,1,197.098,229.786,229.59033527133244,229.56728383864873,229.56728383864873,0,1,0,0,0
CRUDE_OIL,MATCHED,2022-01,W0,2021-12-31,127,2,226.752,229.786,230.98555993891608,230.92825396922495,230.92825396922495,0,1,0,0,0
CRUDE_OIL,MATCHED,2022-01,W1,2022-01-07,127,2,226.752,229.786,230.98555993891608,230.92825396922495,230.92825396922495,0,1,0,0,0
CRUDE_OIL,MATCHED,2022-01,W2,2022-01-14,128,1,226.752,188.414,191.26619067406062,191.22487483331116,191.22487483331116,0,1,5,10,0
CRUDE_OIL,MATCHED,2022-01,W3,2022-01-21,128,1,226.752,188.414,191.26619067406062,191.22487483331116,191.22487483331116,0,1,0,0,0
CRUDE_OIL,MATCHED,2022-01,W4,2022-01-31,128,1,226.752,188.414,191.26619067406062,191.22487483331116,191.22487483331116,0,1,0,0,0
CRUDE_OIL,MATCHED,2022-02,W0,2022-01-31,128,2,254.864,188.414,192.6427815573788,191.9335955891342,191.9335955891342,0,1,0,0,0
CRUDE_OIL,MATCHED,2022-02,W1,2022-02-07,128,2,254.864,188.414,192.6427815573788,191.9335955891342,191.9335955891342,0,1,0,0,0
CRUDE_OIL,MATCHED,2022-02,W2,2022-02-14,128,2,254.864,188.414,192.6427815573788,191.9335955891342,191.9335955891342,0,1,0,0,0
CRUDE_OIL,MATCHED,2022-02,W3,2022-02-21,129,1,254.864,225.358,225.94665918217464,225.92232841286278,225.92232841286278,0,1,5,10,0
CRUDE_OIL,MATCHED,2022-02,W4,2022-02-28,129,1,254.864,225.358,225.94665918217464,225.92232841286278,225.92232841286278,0,1,0,0,0
CRUDE_OIL,MATCHED,2022-03,W0,2022-02-28,129,2,281.88,225.358,228.55911729892267,228.50050171700727,228.50050171700727,0,1,0,0,0
CRUDE_OIL,MATCHED,2022-03,W1,2022-03-07,129,2,281.88,225.358,228.55911729892267,228.50050171700727,228.50050171700727,0,1,0,0,0
CRUDE_OIL,MATCHED,2022-03,W2,2022-03-14,129,2,281.88,225.358,228.55911729892267,228.50050171700727,228.50050171700727,0,1,0,0,0
CRUDE_OIL,MATCHED,2022-03,W3,2022-03-21,130,1,281.88,258.867,246.82235608606499,246.80845986593118,246.80845986593118,0,1,5,10,0
CRUDE_OIL,MATCHED,2022-03,W4,2022-03-31,130,1,281.88,258.867,246.82235608606499,246.80845986593118,246.80845986593118,0,1,0,0,0
CRUDE_OIL,MATCHED,2022-04,W0,2022-03-31,130,2,283.471,258.867,232.57797042445645,231.34828545180494,231.34828545180494,0,1,0,0,0
CRUDE_OIL,MATCHED,2022-04,W1,2022-04-07,130,2,283.471,258.867,232.57797042445645,231.34828545180494,231.34828545180494,0,1,0,0,0
CRUDE_OIL,MATCHED,2022-04,W2,2022-04-14,131,1,283.471,274.271,267.5650422965579,267.56182426856367,267.56182426856367,0,1,5,10,0
CRUDE_OIL,MATCHED,2022-04,W3,2022-04-21,131,1,283.471,274.271,267.5650422965579,267.56182426856367,267.56182426856367,0,1,0,0,0
CRUDE_OIL,MATCHED,2022-04,W4,2022-04-30,131,1,283.471,274.271,267.5650422965579,267.56182426856367,267.56182426856367,0,1,0,0,0
CRUDE_OIL,MATCHED,2022-05,W0,2022-04-30,131,2,289.411,274.271,266.95592768781074,252.22712572952798,252.22712572952798,0,1,0,0,0
CRUDE_OIL,MATCHED,2022-05,W1,2022-05-07,131,2,289.411,274.271,266.95592768781074,252.22712572952798,252.22712572952798,0,1,0,0,0
CRUDE_OIL,MATCHED,2022-05,W2,2022-05-14,132,1,289.411,290.16,283.23590571958334,283.23198970439466,283.23198970439466,0,1,5,10,0
CRUDE_OIL,MATCHED,2022-05,W3,2022-05-21,132,1,289.411,290.16,283.23590571958334,283.23198970439466,283.23198970439466,0,1,0,0,0
CRUDE_OIL,MATCHED,2022-05,W4,2022-05-31,132,1,289.411,290.16,283.23590571958334,283.23198970439466,283.23198970439466,0,1,0,0,0
CRUDE_OIL,MATCHED,2022-06,W0,2022-05-31,132,2,326.056,290.16,285.08771819113315,285.0525431114936,285.0525431114936,0,1,0,0,0
CRUDE_OIL,MATCHED,2022-06,W1,2022-06-07,132,2,326.056,290.16,285.08771819113315,285.0525431114936,285.0525431114936,0,1,0,0,0
CRUDE_OIL,MATCHED,2022-06,W2,2022-06-14,133,1,326.056,281.504,276.07897394265177,276.0816287275566,276.0816287275566,0,1,5,10,0
CRUDE_OIL,MATCHED,2022-06,W3,2022-06-21,133,1,326.056,281.504,276.07897394265177,276.0816287275566,276.0816287275566,0,1,0,0,0
CRUDE_OIL,MATCHED,2022-06,W4,2022-06-30,133,1,326.056,281.504,276.07897394265177,276.0816287275566,276.0816287275566,0,1,0,0,0
CRUDE_OIL,MATCHED,2022-07,W0,2022-06-30,133,2,275.308,281.504,279.73639523554726,279.7174295558708,279.7174295558708,0,1,0,0,0
CRUDE_OIL,MATCHED,2022-07,W1,2022-07-07,133,2,275.308,281.504,279.73639523554726,279.7174295558708,279.7174295558708,0,1,0,0,0
CRUDE_OIL,MATCHED,2022-07,W2,2022-07-14,134,1,275.308,343.497,332.8107317216007,332.92336880590074,332.92336880590074,0,1,5,10,0
CRUDE_OIL,MATCHED,2022-07,W3,2022-07-21,134,1,275.308,343.497,332.8107317216007,332.92336880590074,332.92336880590074,0,1,0,0,0
CRUDE_OIL,MATCHED,2022-07,W4,2022-07-31,134,1,275.308,343.497,332.8107317216007,332.92336880590074,332.92336880590074,0,1,0,0,0
CRUDE_OIL,MATCHED,2022-08,W0,2022-07-31,134,2,258.826,343.497,366.4668318692891,366.5077951064119,366.5077951064119,0,1,0,0,0
CRUDE_OIL,MATCHED,2022-08,W1,2022-08-07,134,2,258.826,343.497,366.4668318692891,366.5077951064119,366.5077951064119,0,1,0,0,0
CRUDE_OIL,MATCHED,2022-08,W2,2022-08-14,135,1,258.826,267.122,267.0276599128366,266.98918670703193,266.98918670703193,0,1,5,10,0
CRUDE_OIL,MATCHED,2022-08,W3,2022-08-21,135,1,258.826,267.122,267.0276599128366,266.98918670703193,266.98918670703193,0,1,0,0,0
CRUDE_OIL,MATCHED,2022-08,W4,2022-08-31,135,1,258.826,267.122,267.0276599128366,266.98918670703193,266.98918670703193,0,1,0,0,0
CRUDE_OIL,MATCHED,2022-09,W0,2022-08-31,135,2,241.987,267.122,267.24443769601703,267.2567470062766,267.2567470062766,0,1,0,0,0
CRUDE_OIL,MATCHED,2022-09,W1,2022-09-07,135,2,241.987,267.122,267.24443769601703,267.2567470062766,267.2567470062766,0,1,0,0,0
CRUDE_OIL,MATCHED,2022-09,W2,2022-09-14,136,1,241.987,257.91,265.1733571770399,265.12180967500825,265.12180967500825,0,1,5,10,0
CRUDE_OIL,MATCHED,2022-09,W3,2022-09-21,136,1,241.987,257.91,265.1733571770399,265.12180967500825,265.12180967500825,0,1,0,0,0
CRUDE_OIL,MATCHED,2022-09,W4,2022-09-30,136,1,241.987,257.91,265.1733571770399,265.12180967500825,265.12180967500825,0,1,0,0,0
CRUDE_OIL,MATCHED,2022-10,W0,2022-09-30,136,2,247.665,257.91,266.9334715701686,266.81584839698723,266.81584839698723,0,1,0,0,0
CRUDE_OIL,MATCHED,2022-10,W1,2022-10-07,136,2,247.665,257.91,266.9334715701686,266.81584839698723,266.81584839698723,0,1,0,0,0
CRUDE_OIL,MATCHED,2022-10,W2,2022-10-14,137,1,247.665,250.595,243.0336189876055,242.95938602634413,242.95938602634413,0,1,5,10,0
CRUDE_OIL,MATCHED,2022-10,W3,2022-10-21,137,1,247.665,250.595,243.0336189876055,242.95938602634413,242.95938602634413,0,1,0,0,0
CRUDE_OIL,MATCHED,2022-10,W4,2022-10-31,137,1,247.665,250.595,243.0336189876055,242.95938602634413,242.95938602634413,0,1,0,0,0
CRUDE_OIL,MATCHED,2022-11,W0,2022-10-31,137,2,241.614,250.595,245.71052054308927,245.58059732469573,245.58059732469573,0,1,0,0,0
CRUDE_OIL,MATCHED,2022-11,W1,2022-11-07,137,2,241.614,250.595,245.71052054308927,245.58059732469573,245.58059732469573,0,1,0,0,0
CRUDE_OIL,MATCHED,2022-11,W2,2022-11-14,137,2,241.614,250.595,245.71052054308927,245.58059732469573,245.58059732469573,0,1,0,0,0
CRUDE_OIL,MATCHED,2022-11,W3,2022-11-21,138,1,241.614,249.344,246.898928825407,246.8729698211726,246.8729698211726,0,1,5,10,0
CRUDE_OIL,MATCHED,2022-11,W4,2022-11-30,138,1,241.614,249.344,246.898928825407,246.8729698211726,246.8729698211726,0,1,0,0,0
CRUDE_OIL,MATCHED,2022-12,W0,2022-11-30,138,2,209.831,249.344,253.0791568454809,252.97420460995332,252.97420460995332,0,1,0,0,0
CRUDE_OIL,MATCHED,2022-12,W1,2022-12-07,138,2,209.831,249.344,253.0791568454809,252.97420460995332,252.97420460995332,0,1,0,0,0
CRUDE_OIL,MATCHED,2022-12,W2,2022-12-14,139,1,209.831,241.975,237.5187412879464,237.5111827234996,237.5111827234996,0,1,5,10,0
CRUDE_OIL,MATCHED,2022-12,W3,2022-12-21,139,1,209.831,241.975,237.5187412879464,237.5111827234996,237.5111827234996,0,1,0,0,0
CRUDE_OIL,MATCHED,2022-12,W4,2022-12-31,139,1,209.831,241.975,237.5187412879464,237.5111827234996,237.5111827234996,0,1,0,0,0
CRUDE_OIL,MATCHED,2023-01,W0,2022-12-31,139,2,207.365,241.975,238.70063888523686,238.66542321905985,238.66542321905985,0,1,0,0,0
CRUDE_OIL,MATCHED,2023-01,W1,2023-01-07,139,2,207.365,241.975,238.70063888523686,238.66542321905985,238.66542321905985,0,1,0,0,0
CRUDE_OIL,MATCHED,2023-01,W2,2023-01-14,139,2,207.365,241.975,238.70063888523686,238.66542321905985,238.66542321905985,0,1,0,0,0
CRUDE_OIL,MATCHED,2023-01,W3,2023-01-21,140,1,207.365,205.481,208.38905343950407,208.33416047568238,208.33416047568238,0,1,5,10,0
CRUDE_OIL,MATCHED,2023-01,W4,2023-01-31,140,1,207.365,205.481,208.38905343950407,208.33416047568238,208.33416047568238,0,1,0,0,0
CRUDE_OIL,MATCHED,2023-02,W0,2023-01-31,140,2,214.227,205.481,208.73681881046477,207.87116771847798,207.87116771847798,0,1,0,0,0
CRUDE_OIL,MATCHED,2023-02,W1,2023-02-07,140,2,214.227,205.481,208.73681881046477,207.87116771847798,207.87116771847798,0,1,0,0,0
CRUDE_OIL,MATCHED,2023-02,W2,2023-02-14,140,2,214.227,205.481,208.73681881046477,207.87116771847798,207.87116771847798,0,1,0,0,0
CRUDE_OIL,MATCHED,2023-02,W3,2023-02-21,141,1,214.227,204.019,205.65072663701156,205.58011683696813,205.58011683696813,0,1,5,10,0
CRUDE_OIL,MATCHED,2023-02,W4,2023-02-28,141,1,214.227,204.019,205.65072663701156,205.58011683696813,205.58011683696813,0,1,0,0,0
CRUDE_OIL,MATCHED,2023-03,W0,2023-02-28,141,2,198.961,204.019,207.686858106838,206.18480963419597,206.18480963419597,0,1,0,0,0
CRUDE_OIL,MATCHED,2023-03,W1,2023-03-07,141,2,198.961,204.019,207.686858106838,206.18480963419597,206.18480963419597,0,1,0,0,0
CRUDE_OIL,MATCHED,2023-03,W2,2023-03-14,141,2,198.961,204.019,207.686858106838,206.18480963419597,206.18480963419597,0,1,0,0,0
CRUDE_OIL,MATCHED,2023-03,W3,2023-03-21,142,1,198.961,222.316,218.26564677622903,218.21841140338725,218.21841140338725,0,1,5,10,0
CRUDE_OIL,MATCHED,2023-03,W4,2023-03-31,142,1,198.961,222.316,218.26564677622903,218.21841140338725,218.21841140338725,0,1,0,0,0
CRUDE_OIL,MATCHED,2023-04,W0,2023-03-31,142,2,221.208,222.316,213.3859191582793,212.606785697563,212.606785697563,0,1,0,0,0
CRUDE_OIL,MATCHED,2023-04,W1,2023-04-07,142,2,221.208,222.316,213.3859191582793,212.606785697563,212.606785697563,0,1,0,0,0
CRUDE_OIL,MATCHED,2023-04,W2,2023-04-14,143,1,221.208,193.978,193.15244905188823,193.0813493618364,193.0813493618364,0,1,5,10,0
CRUDE_OIL,MATCHED,2023-04,W3,2023-04-21,143,1,221.208,193.978,193.15244905188823,193.0813493618364,193.0813493618364,0,1,0,0,0
CRUDE_OIL,MATCHED,2023-04,W4,2023-04-30,143,1,221.208,193.978,193.15244905188823,193.0813493618364,193.0813493618364,0,1,0,0,0
CRUDE_OIL,MATCHED,2023-05,W0,2023-04-30,143,2,199.51,193.978,196.20581343893386,196.17380636402788,196.17380636402788,0,1,0,0,0
CRUDE_OIL,MATCHED,2023-05,W1,2023-05-07,143,2,199.51,193.978,196.20581343893386,196.17380636402788,196.17380636402788,0,1,0,0,0
CRUDE_OIL,MATCHED,2023-05,W2,2023-05-14,144,1,199.51,225.601,222.46407679635823,222.511864301187,222.511864301187,0,1,5,10,0
CRUDE_OIL,MATCHED,2023-05,W3,2023-05-21,144,1,199.51,225.601,222.46407679635823,222.511864301187,222.511864301187,0,1,0,0,0
CRUDE_OIL,MATCHED,2023-05,W4,2023-05-31,144,1,199.51,225.601,222.46407679635823,222.511864301187,222.511864301187,0,1,0,0,0
CRUDE_OIL,MATCHED,2023-06,W0,2023-05-31,144,2,191.18,225.601,222.351844865011,222.30365532154426,222.30365532154426,0,1,0,0,0
CRUDE_OIL,MATCHED,2023-06,W1,2023-06-07,144,2,191.18,225.601,222.351844865011,222.30365532154426,222.30365532154426,0,1,0,0,0
CRUDE_OIL,MATCHED,2023-06,W2,2023-06-14,145,1,191.18,200.235,196.55247581616055,196.4929450275993,196.4929450275993,0,1,5,10,0
CRUDE_OIL,MATCHED,2023-06,W3,2023-06-21,145,1,191.18,200.235,196.55247581616055,196.4929450275993,196.4929450275993,0,1,0,0,0
CRUDE_OIL,MATCHED,2023-06,W4,2023-06-30,145,1,191.18,200.235,196.55247581616055,196.4929450275993,196.4929450275993,0,1,0,0,0
CRUDE_OIL,MATCHED,2023-07,W0,2023-06-30,145,2,207.341,200.235,195.4683768626653,195.41266458380233,195.41266458380233,0,1,0,0,0
CRUDE_OIL,MATCHED,2023-07,W1,2023-07-07,145,2,207.341,200.235,195.4683768626653,195.41266458380233,195.41266458380233,0,1,0,0,0
CRUDE_OIL,MATCHED,2023-07,W2,2023-07-14,146,1,207.341,187.219,189.36941753745828,189.29417809869145,189.29417809869145,0,1,5,10,0
CRUDE_OIL,MATCHED,2023-07,W3,2023-07-21,146,1,207.341,187.219,189.36941753745828,189.29417809869145,189.29417809869145,0,1,0,0,0
CRUDE_OIL,MATCHED,2023-07,W4,2023-07-31,146,1,207.341,187.219,189.36941753745828,189.29417809869145,189.29417809869145,0,1,0,0,0
CRUDE_OIL,MATCHED,2023-08,W0,2023-07-31,146,2,224.147,187.219,190.74067544690826,190.66100401324528,190.66100401324528,0,1,0,0,0
CRUDE_OIL,MATCHED,2023-08,W1,2023-08-07,146,2,224.147,187.219,190.74067544690826,190.66100401324528,190.66100401324528,0,1,0,0,0
CRUDE_OIL,MATCHED,2023-08,W2,2023-08-14,147,1,224.147,207.04,202.87048831691357,202.83552976330813,202.83552976330813,0,1,5,10,0
CRUDE_OIL,MATCHED,2023-08,W3,2023-08-21,147,1,224.147,207.04,202.87048831691357,202.83552976330813,202.83552976330813,0,1,0,0,0
CRUDE_OIL,MATCHED,2023-08,W4,2023-08-31,147,1,224.147,207.04,202.87048831691357,202.83552976330813,202.83552976330813,0,1,0,0,0
CRUDE_OIL,MATCHED,2023-09,W0,2023-08-31,147,2,247.165,207.04,198.31573224937372,198.24955670180694,198.24955670180694,0,1,0,0,0
CRUDE_OIL,MATCHED,2023-09,W1,2023-09-07,147,2,247.165,207.04,198.31573224937372,198.24955670180694,198.24955670180694,0,1,0,0,0
CRUDE_OIL,MATCHED,2023-09,W2,2023-09-14,148,1,247.165,226.394,220.4646568294742,220.47771195590693,220.47771195590693,0,1,5,10,0
CRUDE_OIL,MATCHED,2023-09,W3,2023-09-21,148,1,247.165,226.394,220.4646568294742,220.47771195590693,220.47771195590693,0,1,0,0,0
CRUDE_OIL,MATCHED,2023-09,W4,2023-09-30,148,1,247.165,226.394,220.4646568294742,220.47771195590693,220.47771195590693,0,1,0,0,0
CRUDE_OIL,MATCHED,2023-10,W0,2023-09-30,148,2,238.834,226.394,213.45325610972705,213.50925230639302,213.50925230639302,0,1,0,0,0
CRUDE_OIL,MATCHED,2023-10,W1,2023-10-07,148,2,238.834,226.394,213.45325610972705,213.50925230639302,213.50925230639302,0,1,0,0,0
CRUDE_OIL,MATCHED,2023-10,W2,2023-10-14,149,1,238.834,247.071,242.66374404045294,242.6758873680134,242.6758873680134,0,1,5,10,0
CRUDE_OIL,MATCHED,2023-10,W3,2023-10-21,149,1,238.834,247.071,242.66374404045294,242.6758873680134,242.6758873680134,0,1,0,0,0
CRUDE_OIL,MATCHED,2023-10,W4,2023-10-31,149,1,238.834,247.071,242.66374404045294,242.6758873680134,242.6758873680134,0,1,0,0,0
CRUDE_OIL,MATCHED,2023-11,W0,2023-10-31,149,2,215.826,247.071,232.0152902604036,232.03927375444147,232.03927375444147,0,1,0,0,0
CRUDE_OIL,MATCHED,2023-11,W1,2023-11-07,149,2,215.826,247.071,232.0152902604036,232.03927375444147,232.03927375444147,0,1,0,0,0
CRUDE_OIL,MATCHED,2023-11,W2,2023-11-14,149,2,215.826,247.071,232.0152902604036,232.03927375444147,232.03927375444147,0,1,0,0,0
CRUDE_OIL,MATCHED,2023-11,W3,2023-11-21,150,1,215.826,240.147,233.79477718586506,233.77363390196015,233.77363390196015,0,1,5,10,0
CRUDE_OIL,MATCHED,2023-11,W4,2023-11-30,150,1,215.826,240.147,233.79477718586506,233.77363390196015,233.77363390196015,0,1,0,0,0
CRUDE_OIL,MATCHED,2023-12,W0,2023-11-30,150,2,193.028,240.147,225.6943839919899,225.61516280244257,225.61516280244257,0,1,0,0,0
CRUDE_OIL,MATCHED,2023-12,W1,2023-12-07,150,2,193.028,240.147,225.6943839919899,225.61516280244257,225.61516280244257,0,1,0,0,0
CRUDE_OIL,MATCHED,2023-12,W2,2023-12-14,151,1,193.028,216.064,213.64342285610755,213.59918744541213,213.59918744541213,0,1,5,10,0
CRUDE_OIL,MATCHED,2023-12,W3,2023-12-21,151,1,193.028,216.064,213.64342285610755,213.59918744541213,213.59918744541213,0,1,0,0,0
CRUDE_OIL,MATCHED,2023-12,W4,2023-12-31,151,1,193.028,216.064,213.64342285610755,213.59918744541213,213.59918744541213,0,1,0,0,0
CRUDE_OIL,MATCHED,2024-01,W0,2023-12-31,151,2,201.535,216.064,212.4654126969477,212.32370606894244,212.32370606894244,0,1,0,0,0
CRUDE_OIL,MATCHED,2024-01,W1,2024-01-07,151,2,201.535,216.064,212.4654126969477,212.32370606894244,212.32370606894244,0,1,0,0,0
CRUDE_OIL,MATCHED,2024-01,W2,2024-01-14,152,1,201.535,187.244,185.31893864945758,184.7412414072277,184.7412414072277,0,1,5,10,0
CRUDE_OIL,MATCHED,2024-01,W3,2024-01-21,152,1,201.535,187.244,185.31893864945758,184.7412414072277,184.7412414072277,0,1,0,0,0
CRUDE_OIL,MATCHED,2024-01,W4,2024-01-31,152,1,201.535,187.244,185.31893864945758,184.7412414072277,184.7412414072277,0,1,0,0,0
CRUDE_OIL,MATCHED,2024-02,W0,2024-01-31,152,2,212.353,187.244,190.78874691533755,189.1671108427285,189.1671108427285,0,1,0,0,0
CRUDE_OIL,MATCHED,2024-02,W1,2024-02-07,152,2,212.353,187.244,190.78874691533755,189.1671108427285,189.1671108427285,0,1,0,0,0
CRUDE_OIL,MATCHED,2024-02,W2,2024-02-14,152,2,212.353,187.244,190.78874691533755,189.1671108427285,189.1671108427285,0,1,0,0,0
CRUDE_OIL,MATCHED,2024-02,W3,2024-02-21,153,1,212.353,204.115,203.31530017514925,203.29924750058524,203.29924750058524,0,1,5,10,0
CRUDE_OIL,MATCHED,2024-02,W4,2024-02-29,153,1,212.353,204.115,203.31530017514925,203.29924750058524,203.29924750058524,0,1,0,0,0
CRUDE_OIL,MATCHED,2024-03,W0,2024-02-29,153,2,215.952,204.115,200.08678049830152,199.24747858785238,199.24747858785238,0,1,0,0,0
CRUDE_OIL,MATCHED,2024-03,W1,2024-03-07,153,2,215.952,204.115,200.08678049830152,199.24747858785238,199.24747858785238,0,1,0,0,0
CRUDE_OIL,MATCHED,2024-03,W2,2024-03-14,154,1,215.952,217.705,213.16223350891448,213.17125641157438,213.17125641157438,0,1,5,10,0
CRUDE_OIL,MATCHED,2024-03,W3,2024-03-21,154,1,215.952,217.705,213.16223350891448,213.17125641157438,213.17125641157438,0,1,0,0,0
CRUDE_OIL,MATCHED,2024-03,W4,2024-03-31,154,1,215.952,217.705,213.16223350891448,213.17125641157438,213.17125641157438,0,1,0,0,0
CRUDE_OIL,MATCHED,2024-04,W0,2024-03-31,154,2,234.282,217.705,208.5991570442393,208.60356565096166,208.60356565096166,0,1,0,0,0
CRUDE_OIL,MATCHED,2024-04,W1,2024-04-07,154,2,234.282,217.705,208.5991570442393,208.60356565096166,208.60356565096166,0,1,0,0,0
CRUDE_OIL,MATCHED,2024-04,W2,2024-04-14,155,1,234.282,211.085,210.83043990321727,210.8374414224952,210.8374414224952,0,1,5,10,0
CRUDE_OIL,MATCHED,2024-04,W3,2024-04-21,155,1,234.282,211.085,210.83043990321727,210.8374414224952,210.8374414224952,0,1,0,0,0
CRUDE_OIL,MATCHED,2024-04,W4,2024-04-30,155,1,234.282,211.085,210.83043990321727,210.8374414224952,210.8374414224952,0,1,0,0,0
CRUDE_OIL,MATCHED,2024-05,W0,2024-04-30,155,2,217.159,211.085,206.7281598707147,206.772296251605,206.772296251605,0,1,0,0,0
CRUDE_OIL,MATCHED,2024-05,W1,2024-05-07,155,2,217.159,211.085,206.7281598707147,206.772296251605,206.772296251605,0,1,0,0,0
CRUDE_OIL,MATCHED,2024-05,W2,2024-05-14,156,1,217.159,237.985,233.74104536567518,233.7532687645179,233.7532687645179,0,1,5,10,0
CRUDE_OIL,MATCHED,2024-05,W3,2024-05-21,156,1,217.159,237.985,233.74104536567518,233.7532687645179,233.7532687645179,0,1,0,0,0
CRUDE_OIL,MATCHED,2024-05,W4,2024-05-31,156,1,217.159,237.985,233.74104536567518,233.7532687645179,233.7532687645179,0,1,0,0,0
CRUDE_OIL,MATCHED,2024-06,W0,2024-05-31,156,2,216.608,237.985,223.92041562186625,223.97125681928048,223.97125681928048,0,1,0,0,0
CRUDE_OIL,MATCHED,2024-06,W1,2024-06-07,156,2,216.608,237.985,223.92041562186625,223.97125681928048,223.97125681928048,0,1,0,0,0
CRUDE_OIL,MATCHED,2024-06,W2,2024-06-14,157,1,216.608,214.721,210.0521507895286,210.04688992073733,210.04688992073733,0,1,5,10,0
CRUDE_OIL,MATCHED,2024-06,W3,2024-06-21,157,1,216.608,214.721,210.0521507895286,210.04688992073733,210.04688992073733,0,1,0,0,0
CRUDE_OIL,MATCHED,2024-06,W4,2024-06-30,157,1,216.608,214.721,210.0521507895286,210.04688992073733,210.04688992073733,0,1,0,0,0
CRUDE_OIL,MATCHED,2024-07,W0,2024-06-30,157,2,224.405,214.721,208.95303651071862,208.98521955586554,208.98521955586554,0,1,0,0,0
CRUDE_OIL,MATCHED,2024-07,W1,2024-07-07,157,2,224.405,214.721,208.95303651071862,208.98521955586554,208.98521955586554,0,1,0,0,0
CRUDE_OIL,MATCHED,2024-07,W2,2024-07-14,158,1,224.405,216.569,213.64150767677444,213.6716235821654,213.6716235821654,0,1,5,10,0
CRUDE_OIL,MATCHED,2024-07,W3,2024-07-21,158,1,224.405,216.569,213.64150767677444,213.6716235821654,213.6716235821654,0,1,0,0,0
CRUDE_OIL,MATCHED,2024-07,W4,2024-07-31,158,1,224.405,216.569,213.64150767677444,213.6716235821654,213.6716235821654,0,1,0,0,0
CRUDE_OIL,MATCHED,2024-08,W0,2024-07-31,158,2,213.906,216.569,216.24555330718073,216.2775395493765,216.2775395493765,0,1,0,0,0
CRUDE_OIL,MATCHED,2024-08,W1,2024-08-07,158,2,213.906,216.569,216.24555330718073,216.2775395493765,216.2775395493765,0,1,0,0,0
CRUDE_OIL,MATCHED,2024-08,W2,2024-08-14,159,1,213.906,228.894,230.12973688715897,230.18564766264598,230.18564766264598,0,1,5,10,0
CRUDE_OIL,MATCHED,2024-08,W3,2024-08-21,159,1,213.906,228.894,230.12973688715897,230.18564766264598,230.18564766264598,0,1,0,0,0
CRUDE_OIL,MATCHED,2024-08,W4,2024-08-31,159,1,213.906,228.894,230.12973688715897,230.18564766264598,230.18564766264598,0,1,0,0,0
CRUDE_OIL,MATCHED,2024-09,W0,2024-08-31,159,2,185.951,228.894,220.30245377977172,220.37849035000738,220.37849035000738,0,1,0,0,0
CRUDE_OIL,MATCHED,2024-09,W1,2024-09-07,159,2,185.951,228.894,220.30245377977172,220.37849035000738,220.37849035000738,0,1,0,0,0
CRUDE_OIL,MATCHED,2024-09,W2,2024-09-14,160,1,185.951,215.147,212.7862991492792,212.825441406311,212.825441406311,0,1,5,10,0
CRUDE_OIL,MATCHED,2024-09,W3,2024-09-21,160,1,185.951,215.147,212.7862991492792,212.825441406311,212.825441406311,0,1,0,0,0
CRUDE_OIL,MATCHED,2024-09,W4,2024-09-30,160,1,185.951,215.147,212.7862991492792,212.825441406311,212.825441406311,0,1,0,0,0
CRUDE_OIL,MATCHED,2024-10,W0,2024-09-30,160,2,195.992,215.147,211.2460401909609,211.31687334567104,211.31687334567104,0,1,0,0,0
CRUDE_OIL,MATCHED,2024-10,W1,2024-10-07,160,2,195.992,215.147,211.2460401909609,211.31687334567104,211.31687334567104,0,1,0,0,0
CRUDE_OIL,MATCHED,2024-10,W2,2024-10-14,161,1,195.992,178.34,172.37297458627003,172.34961490475897,172.34961490475897,0,1,5,10,0
CRUDE_OIL,MATCHED,2024-10,W3,2024-10-21,161,1,195.992,178.34,172.37297458627003,172.34961490475897,172.34961490475897,0,1,0,0,0
CRUDE_OIL,MATCHED,2024-10,W4,2024-10-31,161,1,195.992,178.34,172.37297458627003,172.34961490475897,172.34961490475897,0,1,0,0,0
CRUDE_OIL,MATCHED,2024-11,W0,2024-10-31,161,2,189.72,178.34,184.3757215608734,184.3399351504919,184.3399351504919,0,1,0,0,0
CRUDE_OIL,MATCHED,2024-11,W1,2024-11-07,161,2,189.72,178.34,184.3757215608734,184.3399351504919,184.3399351504919,0,1,0,0,0
CRUDE_OIL,MATCHED,2024-11,W2,2024-11-14,162,1,189.72,197.566,199.20184992729062,199.18062817751363,199.18062817751363,0,1,5,10,0
CRUDE_OIL,MATCHED,2024-11,W3,2024-11-21,162,1,189.72,197.566,199.20184992729062,199.18062817751363,199.18062817751363,0,1,0,0,0
CRUDE_OIL,MATCHED,2024-11,W4,2024-11-30,162,1,189.72,197.566,199.20184992729062,199.18062817751363,199.18062817751363,0,1,0,0,0
CRUDE_OIL,MATCHED,2024-12,W0,2024-11-30,162,2,189.942,197.566,194.9377210296228,194.8479509633175,194.8479509633175,0,1,0,0,0
CRUDE_OIL,MATCHED,2024-12,W1,2024-12-07,162,2,189.942,197.566,194.9377210296228,194.8479509633175,194.8479509633175,0,1,0,0,0
CRUDE_OIL,MATCHED,2024-12,W2,2024-12-14,163,1,189.942,190.054,190.34937765919926,190.3178318604155,190.3178318604155,0,1,5,10,0
CRUDE_OIL,MATCHED,2024-12,W3,2024-12-21,163,1,189.942,190.054,190.34937765919926,190.3178318604155,190.3178318604155,0,1,0,0,0
CRUDE_OIL,MATCHED,2024-12,W4,2024-12-31,163,1,189.942,190.054,190.34937765919926,190.3178318604155,190.3178318604155,0,1,0,0,0
CRUDE_OIL,MATCHED,2025-01,W0,2024-12-31,163,2,211.855,190.054,185.71015761304415,185.59424014251326,185.59424014251326,0,1,0,0,0
CRUDE_OIL,MATCHED,2025-01,W1,2025-01-07,163,2,211.855,190.054,185.71015761304415,185.59424014251326,185.59424014251326,0,1,0,0,0
CRUDE_OIL,MATCHED,2025-01,W2,2025-01-14,164,1,211.855,191.434,190.35854980312712,190.32646833900827,190.32646833900827,0,1,5,10,0
CRUDE_OIL,MATCHED,2025-01,W3,2025-01-21,164,1,211.855,191.434,190.35854980312712,190.32646833900827,190.32646833900827,0,1,0,0,0
CRUDE_OIL,MATCHED,2025-01,W4,2025-01-31,164,1,211.855,191.434,190.35854980312712,190.32646833900827,190.32646833900827,0,1,0,0,0
CRUDE_OIL,MATCHED,2025-02,W0,2025-01-31,164,2,203.762,191.434,194.32361485430016,193.1005902581656,193.1005902581656,0,1,0,0,0
CRUDE_OIL,MATCHED,2025-02,W1,2025-02-07,164,2,203.762,191.434,194.32361485430016,193.1005902581656,193.1005902581656,0,1,0,0,0
CRUDE_OIL,MATCHED,2025-02,W2,2025-02-14,165,1,203.762,218.513,220.86251758927088,220.86114454932448,220.86114454932448,0,1,5,10,0
CRUDE_OIL,MATCHED,2025-02,W3,2025-02-21,165,1,203.762,218.513,220.86251758927088,220.86114454932448,220.86114454932448,0,1,0,0,0
CRUDE_OIL,MATCHED,2025-02,W4,2025-02-28,165,1,203.762,218.513,220.86251758927088,220.86114454932448,220.86114454932448,0,1,0,0,0
CRUDE_OIL,MATCHED,2025-03,W0,2025-02-28,165,2,190.263,218.513,210.7429502053842,210.0026312350977,210.0026312350977,0,1,0,0,0
CRUDE_OIL,MATCHED,2025-03,W1,2025-03-07,165,2,190.263,218.513,210.7429502053842,210.0026312350977,210.0026312350977,0,1,0,0,0
CRUDE_OIL,MATCHED,2025-03,W2,2025-03-14,166,1,190.263,208.109,205.1206687912178,205.13174968810333,205.13174968810333,0,1,5,10,0
CRUDE_OIL,MATCHED,2025-03,W3,2025-03-21,166,1,190.263,208.109,205.1206687912178,205.13174968810333,205.13174968810333,0,1,0,0,0
CRUDE_OIL,MATCHED,2025-03,W4,2025-03-31,166,1,190.263,208.109,205.1206687912178,205.13174968810333,205.13174968810333,0,1,0,0,0
CRUDE_OIL,MATCHED,2025-04,W0,2025-03-31,166,2,178.033,208.109,202.48535754387314,202.47666216990967,202.47666216990967,0,1,0,0,0
CRUDE_OIL,MATCHED,2025-04,W1,2025-04-07,166,2,178.033,208.109,202.48535754387314,202.47666216990967,202.47666216990967,0,1,0,0,0
CRUDE_OIL,MATCHED,2025-04,W2,2025-04-14,167,1,178.033,189.949,195.9367970183891,196.05054295793562,196.05054295793562,0,1,5,10,0
CRUDE_OIL,MATCHED,2025-04,W3,2025-04-21,167,1,178.033,189.949,195.9367970183891,196.05054295793562,196.05054295793562,0,1,0,0,0
CRUDE_OIL,MATCHED,2025-04,W4,2025-04-30,167,1,178.033,189.949,195.9367970183891,196.05054295793562,196.05054295793562,0,1,0,0,0
CRUDE_OIL,MATCHED,2025-05,W0,2025-04-30,167,2,174.359,189.949,193.34128164915052,193.25410038694412,193.25410038694412,0,1,0,0,0
CRUDE_OIL,MATCHED,2025-05,W1,2025-05-07,167,2,174.359,189.949,193.34128164915052,193.25410038694412,193.25410038694412,0,1,0,0,0
CRUDE_OIL,MATCHED,2025-05,W2,2025-05-14,167,2,174.359,189.949,193.34128164915052,193.25410038694412,193.25410038694412,0,1,0,0,0
CRUDE_OIL,MATCHED,2025-05,W3,2025-05-21,168,1,174.359,181.322,182.81236749670282,183.17758861324737,183.17758861324737,0,1,5,10,0
CRUDE_OIL,MATCHED,2025-05,W4,2025-05-31,168,1,174.359,181.322,182.81236749670282,183.17758861324737,183.17758861324737,0,1,0,0,0
CRUDE_OIL,MATCHED,2025-06,W0,2025-05-31,168,2,185.929,181.322,182.51215216098467,182.5876212734344,182.5876212734344,0,1,0,0,0
CRUDE_OIL,MATCHED,2025-06,W1,2025-06-07,168,2,185.929,181.322,182.51215216098467,182.5876212734344,182.5876212734344,0,1,0,0,0
CRUDE_OIL,MATCHED,2025-06,W2,2025-06-14,169,1,185.929,180.607,181.86741700414854,181.9032347277363,181.9032347277363,0,1,5,10,0
CRUDE_OIL,MATCHED,2025-06,W3,2025-06-21,169,1,185.929,180.607,181.86741700414854,181.9032347277363,181.9032347277363,0,1,0,0,0
CRUDE_OIL,MATCHED,2025-06,W4,2025-06-30,169,1,185.929,180.607,181.86741700414854,181.9032347277363,181.9032347277363,0,1,0,0,0
CRUDE_OIL,MATCHED,2025-07,W0,2025-06-30,169,2,188.348,180.607,182.25569975996095,182.2549865688287,182.2549865688287,0,1,0,0,0
CRUDE_OIL,MATCHED,2025-07,W1,2025-07-07,169,2,188.348,180.607,182.25569975996095,182.2549865688287,182.2549865688287,0,1,0,0,0
CRUDE_OIL,MATCHED,2025-07,W2,2025-07-14,169,2,188.348,180.607,182.25569975996095,182.2549865688287,182.2549865688287,0,1,0,0,0
CRUDE_OIL,MATCHED,2025-07,W3,2025-07-21,170,1,188.348,174.668,177.3399954592191,177.4125185873365,177.4125185873365,0,1,5,10,0
CRUDE_OIL,MATCHED,2025-07,W4,2025-07-31,170,1,188.348,174.668,177.3399954592191,177.4125185873365,177.4125185873365,0,1,0,0,0
CRUDE_OIL,MATCHED,2025-08,W0,2025-07-31,170,2,180.585,174.668,187.18292524356454,188.11126299546333,188.11126299546333,0,1,0,0,0
CRUDE_OIL,MATCHED,2025-08,W1,2025-08-07,170,2,180.585,174.668,187.18292524356454,188.11126299546333,188.11126299546333,0,1,0,0,0
CRUDE_OIL,MATCHED,2025-08,W2,2025-08-14,171,1,180.585,187.057,185.91058948802436,185.96588901726344,185.96588901726344,0,1,5,10,0
CRUDE_OIL,MATCHED,2025-08,W3,2025-08-21,171,1,180.585,187.057,185.91058948802436,185.96588901726344,185.96588901726344,0,1,0,0,0
CRUDE_OIL,MATCHED,2025-08,W4,2025-08-31,171,1,180.585,187.057,185.91058948802436,185.96588901726344,185.96588901726344,0,1,0,0,0
CRUDE_OIL,MATCHED,2025-09,W0,2025-08-31,171,2,178.79,187.057,189.4082656479935,190.32281955449776,190.32281955449776,0,1,0,0,0
CRUDE_OIL,MATCHED,2025-09,W1,2025-09-07,171,2,178.79,187.057,189.4082656479935,190.32281955449776,190.32281955449776,0,1,0,0,0
CRUDE_OIL,MATCHED,2025-09,W2,2025-09-14,172,1,178.79,185.033,185.37299084052864,185.62489941286793,185.62489941286793,0,1,5,10,0
CRUDE_OIL,MATCHED,2025-09,W3,2025-09-21,172,1,178.79,185.033,185.37299084052864,185.62489941286793,185.62489941286793,0,1,0,0,0
CRUDE_OIL,MATCHED,2025-09,W4,2025-09-30,172,1,178.79,185.033,185.37299084052864,185.62489941286793,185.62489941286793,0,1,0,0,0
CRUDE_OIL,MATCHED,2025-10,W0,2025-09-30,172,2,169.123,185.033,191.19801559450212,191.53699749488192,191.53699749488192,0,1,0,0,0
CRUDE_OIL,MATCHED,2025-10,W1,2025-10-07,172,2,169.123,185.033,191.19801559450212,191.53699749488192,191.53699749488192,0,1,0,0,0
CRUDE_OIL,MATCHED,2025-10,W2,2025-10-14,172,2,169.123,185.033,191.19801559450212,191.53699749488192,191.53699749488192,0,1,0,0,0
CRUDE_OIL,MATCHED,2025-10,W3,2025-10-21,172,2,169.123,185.033,191.19801559450212,191.53699749488192,191.53699749488192,0,1,0,0,0
CRUDE_OIL,MATCHED,2025-10,W4,2025-10-31,172,2,169.123,185.033,191.19801559450212,191.53699749488192,191.53699749488192,0,1,0,0,0
CRUDE_OIL,MATCHED,2025-11,W0,2025-10-31,172,3,166.553,185.033,190.9793722641024,190.63724103828915,190.63724103828915,0,1,0,0,0
CRUDE_OIL,MATCHED,2025-11,W1,2025-11-07,172,3,166.553,185.033,190.9793722641024,190.63724103828915,190.63724103828915,0,1,0,0,0
CRUDE_OIL,MATCHED,2025-11,W2,2025-11-14,172,3,166.553,185.033,190.9793722641024,190.63724103828915,190.63724103828915,0,1,0,0,0
CRUDE_OIL,MATCHED,2025-11,W3,2025-11-21,172,3,166.553,185.033,190.9793722641024,190.63724103828915,190.63724103828915,0,1,0,0,0
CRUDE_OIL,MATCHED,2025-11,W4,2025-11-30,173,2,166.553,177.582,188.63747294113742,188.67284528468215,188.67284528468215,0,1,5,10,0
CRUDE_OIL,MATCHED,2025-12,W0,2025-11-30,173,3,161.815,177.582,188.87093876686504,188.85416087711204,188.85416087711204,0,1,0,0,0
CRUDE_OIL,MATCHED,2025-12,W1,2025-12-07,173,3,161.815,177.582,188.87093876686504,188.85416087711204,188.85416087711204,0,1,0,0,0
CRUDE_OIL,MATCHED,2025-12,W2,2025-12-14,173,3,161.815,177.582,188.87093876686504,188.85416087711204,188.85416087711204,0,1,0,0,0
CRUDE_OIL,MATCHED,2025-12,W3,2025-12-21,173,3,161.815,177.582,188.87093876686504,188.85416087711204,188.85416087711204,0,1,0,0,0
CRUDE_OIL,MATCHED,2025-12,W4,2025-12-31,173,3,161.815,177.582,188.87093876686504,188.85416087711204,188.85416087711204,0,1,0,0,0
CRUDE_OIL,MATCHED,2026-01,W0,2025-12-31,173,4,164.664,177.582,189.9338957540751,189.1613686108566,189.1613686108566,0,1,0,0,0
CRUDE_OIL,MATCHED,2026-01,W1,2026-01-07,173,4,164.664,177.582,189.9338957540751,189.1613686108566,189.1613686108566,0,1,0,0,0
CRUDE_OIL,MATCHED,2026-01,W2,2026-01-14,173,4,164.664,177.582,189.9338957540751,189.1613686108566,189.1613686108566,0,1,0,0,0
CRUDE_OIL,MATCHED,2026-01,W3,2026-01-21,173,4,164.664,177.582,189.9338957540751,189.1613686108566,189.1613686108566,0,1,0,0,0
CRUDE_OIL,MATCHED,2026-01,W4,2026-01-31,173,4,164.664,177.582,189.9338957540751,189.1613686108566,189.1613686108566,0,1,0,0,0
CRUDE_OIL,MAXIMUM,2021-12,W0,2021-11-30,144,2,197.098,223.0,239.6415303521042,204.89389418548842,204.89389418548842,0,1,0,0,0
CRUDE_OIL,MAXIMUM,2021-12,W1,2021-12-07,144,2,197.098,223.0,239.6415303521042,204.89389418548842,204.89389418548842,0,1,0,0,0
CRUDE_OIL,MAXIMUM,2021-12,W2,2021-12-14,146,1,197.098,229.786,233.5814845458571,233.54631166745116,233.54631166745116,0,1,5,10,0
CRUDE_OIL,MAXIMUM,2021-12,W3,2021-12-21,146,1,197.098,229.786,233.5814845458571,233.54631166745116,233.54631166745116,0,1,0,0,0
CRUDE_OIL,MAXIMUM,2021-12,W4,2021-12-31,146,1,197.098,229.786,233.5814845458571,233.54631166745116,233.54631166745116,0,1,0,0,0
CRUDE_OIL,MAXIMUM,2022-01,W0,2021-12-31,145,2,226.752,229.786,233.71803589682355,232.79708737564584,232.79708737564584,0,1,0,0,0
CRUDE_OIL,MAXIMUM,2022-01,W1,2022-01-07,145,2,226.752,229.786,233.71803589682355,232.79708737564584,232.79708737564584,0,1,0,0,0
CRUDE_OIL,MAXIMUM,2022-01,W2,2022-01-14,147,1,226.752,188.414,192.67666310367352,192.61250994446888,192.61250994446888,0,1,5,10,0
CRUDE_OIL,MAXIMUM,2022-01,W3,2022-01-21,147,1,226.752,188.414,192.67666310367352,192.61250994446888,192.61250994446888,0,1,0,0,0
CRUDE_OIL,MAXIMUM,2022-01,W4,2022-01-31,147,1,226.752,188.414,192.67666310367352,192.61250994446888,192.61250994446888,0,1,0,0,0
CRUDE_OIL,MAXIMUM,2022-02,W0,2022-01-31,146,2,254.864,188.414,195.05029494655355,194.0303645027545,194.0303645027545,0,1,0,0,0
CRUDE_OIL,MAXIMUM,2022-02,W1,2022-02-07,146,2,254.864,188.414,195.05029494655355,194.0303645027545,194.0303645027545,0,1,0,0,0
CRUDE_OIL,MAXIMUM,2022-02,W2,2022-02-14,146,2,254.864,188.414,195.05029494655355,194.0303645027545,194.0303645027545,0,1,0,0,0
CRUDE_OIL,MAXIMUM,2022-02,W3,2022-02-21,148,1,254.864,225.358,226.7973396855973,226.74372005855676,226.74372005855676,0,1,5,10,0
CRUDE_OIL,MAXIMUM,2022-02,W4,2022-02-28,148,1,254.864,225.358,226.7973396855973,226.74372005855676,226.74372005855676,0,1,0,0,0
CRUDE_OIL,MAXIMUM,2022-03,W0,2022-02-28,147,2,281.88,225.358,229.39985649246324,229.29786128290482,229.29786128290482,0,1,0,0,0
CRUDE_OIL,MAXIMUM,2022-03,W1,2022-03-07,147,2,281.88,225.358,229.39985649246324,229.29786128290482,229.29786128290482,0,1,0,0,0
CRUDE_OIL,MAXIMUM,2022-03,W2,2022-03-14,147,2,281.88,225.358,229.39985649246324,229.29786128290482,229.29786128290482,0,1,0,0,0
CRUDE_OIL,MAXIMUM,2022-03,W3,2022-03-21,149,1,281.88,258.867,248.94904014040478,248.88334393654947,248.88334393654947,0,1,5,10,0
CRUDE_OIL,MAXIMUM,2022-03,W4,2022-03-31,149,1,281.88,258.867,248.94904014040478,248.88334393654947,248.88334393654947,0,1,0,0,0
CRUDE_OIL,MAXIMUM,2022-04,W0,2022-03-31,148,2,283.471,258.867,250.13520823689205,249.97498652856794,249.97498652856794,0,1,0,0,0
CRUDE_OIL,MAXIMUM,2022-04,W1,2022-04-07,148,2,283.471,258.867,250.13520823689205,249.97498652856794,249.97498652856794,0,1,0,0,0
CRUDE_OIL,MAXIMUM,2022-04,W2,2022-04-14,150,1,283.471,274.271,270.5912058122385,270.55343157339166,270.55343157339166,0,1,5,10,0
CRUDE_OIL,MAXIMUM,2022-04,W3,2022-04-21,150,1,283.471,274.271,270.5912058122385,270.55343157339166,270.55343157339166,0,1,0,0,0
CRUDE_OIL,MAXIMUM,2022-04,W4,2022-04-30,150,1,283.471,274.271,270.5912058122385,270.55343157339166,270.55343157339166,0,1,0,0,0
CRUDE_OIL,MAXIMUM,2022-05,W0,2022-04-30,149,2,289.411,274.271,270.3345434607844,270.2366098506253,270.2366098506253,0,1,0,0,0
CRUDE_OIL,MAXIMUM,2022-05,W1,2022-05-07,149,2,289.411,274.271,270.3345434607844,270.2366098506253,270.2366098506253,0,1,0,0,0
CRUDE_OIL,MAXIMUM,2022-05,W2,2022-05-14,151,1,289.411,290.16,285.8842124038604,285.85197438013586,285.85197438013586,0,1,5,10,0
CRUDE_OIL,MAXIMUM,2022-05,W3,2022-05-21,151,1,289.411,290.16,285.8842124038604,285.85197438013586,285.85197438013586,0,1,0,0,0
CRUDE_OIL,MAXIMUM,2022-05,W4,2022-05-31,151,1,289.411,290.16,285.8842124038604,285.85197438013586,285.85197438013586,0,1,0,0,0
CRUDE_OIL,MAXIMUM,2022-06,W0,2022-05-31,150,2,326.056,290.16,288.15920486930537,288.0739750291546,288.0739750291546,0,1,0,0,0
CRUDE_OIL,MAXIMUM,2022-06,W1,2022-06-07,150,2,326.056,290.16,288.15920486930537,288.0739750291546,288.0739750291546,0,1,0,0,0
CRUDE_OIL,MAXIMUM,2022-06,W2,2022-06-14,152,1,326.056,281.504,278.4268156388637,278.40388467136114,278.40388467136114,0,1,5,10,0
CRUDE_OIL,MAXIMUM,2022-06,W3,2022-06-21,152,1,326.056,281.504,278.4268156388637,278.40388467136114,278.40388467136114,0,1,0,0,0
CRUDE_OIL,MAXIMUM,2022-06,W4,2022-06-30,152,1,326.056,281.504,278.4268156388637,278.40388467136114,278.40388467136114,0,1,0,0,0
CRUDE_OIL,MAXIMUM,2022-07,W0,2022-06-30,151,2,275.308,281.504,282.50674781363665,282.4339926624556,282.4339926624556,0,1,0,0,0
CRUDE_OIL,MAXIMUM,2022-07,W1,2022-07-07,151,2,275.308,281.504,282.50674781363665,282.4339926624556,282.4339926624556,0,1,0,0,0
CRUDE_OIL,MAXIMUM,2022-07,W2,2022-07-14,153,1,275.308,343.497,334.78652792007995,334.84154802173487,334.84154802173487,0,1,5,10,0
CRUDE_OIL,MAXIMUM,2022-07,W3,2022-07-21,153,1,275.308,343.497,334.78652792007995,334.84154802173487,334.84154802173487,0,1,0,0,0
CRUDE_OIL,MAXIMUM,2022-07,W4,2022-07-31,153,1,275.308,343.497,334.78652792007995,334.84154802173487,334.84154802173487,0,1,0,0,0
CRUDE_OIL,MAXIMUM,2022-08,W0,2022-07-31,152,2,258.826,343.497,367.25167934245724,367.20640050879274,367.20640050879274,0,1,0,0,0
CRUDE_OIL,MAXIMUM,2022-08,W1,2022-08-07,152,2,258.826,343.497,367.25167934245724,367.20640050879274,367.20640050879274,0,1,0,0,0
CRUDE_OIL,MAXIMUM,2022-08,W2,2022-08-14,154,1,258.826,267.122,269.1070719247607,268.98520303772193,268.98520303772193,0,1,5,10,0
CRUDE_OIL,MAXIMUM,2022-08,W3,2022-08-21,154,1,258.826,267.122,269.1070719247607,268.98520303772193,268.98520303772193,0,1,0,0,0
CRUDE_OIL,MAXIMUM,2022-08,W4,2022-08-31,154,1,258.826,267.122,269.1070719247607,268.98520303772193,268.98520303772193,0,1,0,0,0
CRUDE_OIL,MAXIMUM,2022-09,W0,2022-08-31,153,2,241.987,267.122,259.40137806092997,259.3040896465744,259.3040896465744,0,1,0,0,0
CRUDE_OIL,MAXIMUM,2022-09,W1,2022-09-07,153,2,241.987,267.122,259.40137806092997,259.3040896465744,259.3040896465744,0,1,0,0,0
CRUDE_OIL,MAXIMUM,2022-09,W2,2022-09-14,155,1,241.987,257.91,265.78250659079424,265.6487983395442,265.6487983395442,0,1,5,10,0
CRUDE_OIL,MAXIMUM,2022-09,W3,2022-09-21,155,1,241.987,257.91,265.78250659079424,265.6487983395442,265.6487983395442,0,1,0,0,0
CRUDE_OIL,MAXIMUM,2022-09,W4,2022-09-30,155,1,241.987,257.91,265.78250659079424,265.6487983395442,265.6487983395442,0,1,0,0,0
CRUDE_OIL,MAXIMUM,2022-10,W0,2022-09-30,154,2,247.665,257.91,267.9074645897757,267.67257410769963,267.67257410769963,0,1,0,0,0
CRUDE_OIL,MAXIMUM,2022-10,W1,2022-10-07,154,2,247.665,257.91,267.9074645897757,267.67257410769963,267.67257410769963,0,1,0,0,0
CRUDE_OIL,MAXIMUM,2022-10,W2,2022-10-14,156,1,247.665,250.595,253.27994397445184,253.16893305413444,253.16893305413444,0,1,5,10,0
CRUDE_OIL,MAXIMUM,2022-10,W3,2022-10-21,156,1,247.665,250.595,253.27994397445184,253.16893305413444,253.16893305413444,0,1,0,0,0
CRUDE_OIL,MAXIMUM,2022-10,W4,2022-10-31,156,1,247.665,250.595,253.27994397445184,253.16893305413444,253.16893305413444,0,1,0,0,0
CRUDE_OIL,MAXIMUM,2022-11,W0,2022-10-31,155,2,241.614,250.595,247.35929370314963,247.1205773709221,247.1205773709221,0,1,0,0,0
CRUDE_OIL,MAXIMUM,2022-11,W1,2022-11-07,155,2,241.614,250.595,247.35929370314963,247.1205773709221,247.1205773709221,0,1,0,0,0
CRUDE_OIL,MAXIMUM,2022-11,W2,2022-11-14,155,2,241.614,250.595,247.35929370314963,247.1205773709221,247.1205773709221,0,1,0,0,0
CRUDE_OIL,MAXIMUM,2022-11,W3,2022-11-21,157,1,241.614,249.344,249.7886742075466,249.70928572609319,249.70928572609319,0,1,5,10,0
CRUDE_OIL,MAXIMUM,2022-11,W4,2022-11-30,157,1,241.614,249.344,249.7886742075466,249.70928572609319,249.70928572609319,0,1,0,0,0
CRUDE_OIL,MAXIMUM,2022-12,W0,2022-11-30,156,2,209.831,249.344,252.11060600620928,251.9253802095325,251.9253802095325,0,1,0,0,0
CRUDE_OIL,MAXIMUM,2022-12,W1,2022-12-07,156,2,209.831,249.344,252.11060600620928,251.9253802095325,251.9253802095325,0,1,0,0,0
CRUDE_OIL,MAXIMUM,2022-12,W2,2022-12-14,158,1,209.831,241.975,241.55945356906707,241.52088749369216,241.52088749369216,0,1,5,10,0
CRUDE_OIL,MAXIMUM,2022-12,W3,2022-12-21,158,1,209.831,241.975,241.55945356906707,241.52088749369216,241.52088749369216,0,1,0,0,0
CRUDE_OIL,MAXIMUM,2022-12,W4,2022-12-31,158,1,209.831,241.975,241.55945356906707,241.52088749369216,241.52088749369216,0,1,0,0,0
CRUDE_OIL,MAXIMUM,2023-01,W0,2022-12-31,157,2,207.365,241.975,240.68326921293965,240.61563305982895,240.61563305982895,0,1,0,0,0
CRUDE_OIL,MAXIMUM,2023-01,W1,2023-01-07,157,2,207.365,241.975,240.68326921293965,240.61563305982895,240.61563305982895,0,1,0,0,0
CRUDE_OIL,MAXIMUM,2023-01,W2,2023-01-14,157,2,207.365,241.975,240.68326921293965,240.61563305982895,240.61563305982895,0,1,0,0,0
CRUDE_OIL,MAXIMUM,2023-01,W3,2023-01-21,159,1,207.365,205.481,209.23308955101174,209.15217424869044,209.15217424869044,0,1,5,10,0
CRUDE_OIL,MAXIMUM,2023-01,W4,2023-01-31,159,1,207.365,205.481,209.23308955101174,209.15217424869044,209.15217424869044,0,1,0,0,0
CRUDE_OIL,MAXIMUM,2023-02,W0,2023-01-31,158,2,214.227,205.481,210.15440716274694,211.64587728842545,211.64587728842545,0,1,0,0,0
CRUDE_OIL,MAXIMUM,2023-02,W1,2023-02-07,158,2,214.227,205.481,210.15440716274694,211.64587728842545,211.64587728842545,0,1,0,0,0
CRUDE_OIL,MAXIMUM,2023-02,W2,2023-02-14,158,2,214.227,205.481,210.15440716274694,211.64587728842545,211.64587728842545,0,1,0,0,0
CRUDE_OIL,MAXIMUM,2023-02,W3,2023-02-21,160,1,214.227,204.019,202.8345167634501,202.72048487883353,202.72048487883353,0,1,5,10,0
CRUDE_OIL,MAXIMUM,2023-02,W4,2023-02-28,160,1,214.227,204.019,202.8345167634501,202.72048487883353,202.72048487883353,0,1,0,0,0
CRUDE_OIL,MAXIMUM,2023-03,W0,2023-02-28,159,2,198.961,204.019,209.15716348180135,206.78604505675872,206.78604505675872,0,1,0,0,0
CRUDE_OIL,MAXIMUM,2023-03,W1,2023-03-07,159,2,198.961,204.019,209.15716348180135,206.78604505675872,206.78604505675872,0,1,0,0,0
CRUDE_OIL,MAXIMUM,2023-03,W2,2023-03-14,159,2,198.961,204.019,209.15716348180135,206.78604505675872,206.78604505675872,0,1,0,0,0
CRUDE_OIL,MAXIMUM,2023-03,W3,2023-03-21,161,1,198.961,222.316,219.3036046893738,219.20580459697794,219.20580459697794,0,1,5,10,0
CRUDE_OIL,MAXIMUM,2023-03,W4,2023-03-31,161,1,198.961,222.316,219.3036046893738,219.20580459697794,219.20580459697794,0,1,0,0,0
CRUDE_OIL,MAXIMUM,2023-04,W0,2023-03-31,160,2,221.208,222.316,215.2647868902156,213.6030338063487,213.6030338063487,0,1,0,0,0
CRUDE_OIL,MAXIMUM,2023-04,W1,2023-04-07,160,2,221.208,222.316,215.2647868902156,213.6030338063487,213.6030338063487,0,1,0,0,0
CRUDE_OIL,MAXIMUM,2023-04,W2,2023-04-14,162,1,221.208,193.978,194.4710468362595,194.357389261957,194.357389261957,0,1,5,10,0
CRUDE_OIL,MAXIMUM,2023-04,W3,2023-04-21,162,1,221.208,193.978,194.4710468362595,194.357389261957,194.357389261957,0,1,0,0,0
CRUDE_OIL,MAXIMUM,2023-04,W4,2023-04-30,162,1,221.208,193.978,194.4710468362595,194.357389261957,194.357389261957,0,1,0,0,0
CRUDE_OIL,MAXIMUM,2023-05,W0,2023-04-30,161,2,199.51,193.978,197.92277800428272,196.86169081099817,196.86169081099817,0,1,0,0,0
CRUDE_OIL,MAXIMUM,2023-05,W1,2023-05-07,161,2,199.51,193.978,197.92277800428272,196.86169081099817,196.86169081099817,0,1,0,0,0
CRUDE_OIL,MAXIMUM,2023-05,W2,2023-05-14,163,1,199.51,225.601,224.75301538288255,224.748051311073,224.748051311073,0,1,5,10,0
CRUDE_OIL,MAXIMUM,2023-05,W3,2023-05-21,163,1,199.51,225.601,224.75301538288255,224.748051311073,224.748051311073,0,1,0,0,0
CRUDE_OIL,MAXIMUM,2023-05,W4,2023-05-31,163,1,199.51,225.601,224.75301538288255,224.748051311073,224.748051311073,0,1,0,0,0
CRUDE_OIL,MAXIMUM,2023-06,W0,2023-05-31,162,2,191.18,225.601,224.33637370789108,223.25236549608604,223.25236549608604,0,1,0,0,0
CRUDE_OIL,MAXIMUM,2023-06,W1,2023-06-07,162,2,191.18,225.601,224.33637370789108,223.25236549608604,223.25236549608604,0,1,0,0,0
CRUDE_OIL,MAXIMUM,2023-06,W2,2023-06-14,164,1,191.18,200.235,198.0109841650416,197.90854893853998,197.90854893853998,0,1,5,10,0
CRUDE_OIL,MAXIMUM,2023-06,W3,2023-06-21,164,1,191.18,200.235,198.0109841650416,197.90854893853998,197.90854893853998,0,1,0,0,0
CRUDE_OIL,MAXIMUM,2023-06,W4,2023-06-30,164,1,191.18,200.235,198.0109841650416,197.90854893853998,197.90854893853998,0,1,0,0,0
CRUDE_OIL,MAXIMUM,2023-07,W0,2023-06-30,163,2,207.341,200.235,197.55097222644227,196.32729886473803,196.32729886473803,0,1,0,0,0
CRUDE_OIL,MAXIMUM,2023-07,W1,2023-07-07,163,2,207.341,200.235,197.55097222644227,196.32729886473803,196.32729886473803,0,1,0,0,0
CRUDE_OIL,MAXIMUM,2023-07,W2,2023-07-14,165,1,207.341,187.219,190.48365102919263,190.34626624285573,190.34626624285573,0,1,5,10,0
CRUDE_OIL,MAXIMUM,2023-07,W3,2023-07-21,165,1,207.341,187.219,190.48365102919263,190.34626624285573,190.34626624285573,0,1,0,0,0
CRUDE_OIL,MAXIMUM,2023-07,W4,2023-07-31,165,1,207.341,187.219,190.48365102919263,190.34626624285573,190.34626624285573,0,1,0,0,0
CRUDE_OIL,MAXIMUM,2023-08,W0,2023-07-31,164,2,224.147,187.219,192.7617272605739,192.55528092682533,192.55528092682533,0,1,0,0,0
CRUDE_OIL,MAXIMUM,2023-08,W1,2023-08-07,164,2,224.147,187.219,192.7617272605739,192.55528092682533,192.55528092682533,0,1,0,0,0
CRUDE_OIL,MAXIMUM,2023-08,W2,2023-08-14,166,1,224.147,207.04,203.89615943903775,203.79545800771885,203.79545800771885,0,1,5,10,0
CRUDE_OIL,MAXIMUM,2023-08,W3,2023-08-21,166,1,224.147,207.04,203.89615943903775,203.79545800771885,203.79545800771885,0,1,0,0,0
CRUDE_OIL,MAXIMUM,2023-08,W4,2023-08-31,166,1,224.147,207.04,203.89615943903775,203.79545800771885,203.79545800771885,0,1,0,0,0
CRUDE_OIL,MAXIMUM,2023-09,W0,2023-08-31,165,2,247.165,207.04,200.3198112878368,200.11827302092735,200.11827302092735,0,1,0,0,0
CRUDE_OIL,MAXIMUM,2023-09,W1,2023-09-07,165,2,247.165,207.04,200.3198112878368,200.11827302092735,200.11827302092735,0,1,0,0,0
CRUDE_OIL,MAXIMUM,2023-09,W2,2023-09-14,167,1,247.165,226.394,222.14989718425502,222.1013834958533,222.1013834958533,0,1,5,10,0
CRUDE_OIL,MAXIMUM,2023-09,W3,2023-09-21,167,1,247.165,226.394,222.14989718425502,222.1013834958533,222.1013834958533,0,1,0,0,0
CRUDE_OIL,MAXIMUM,2023-09,W4,2023-09-30,167,1,247.165,226.394,222.14989718425502,222.1013834958533,222.1013834958533,0,1,0,0,0
CRUDE_OIL,MAXIMUM,2023-10,W0,2023-09-30,166,2,238.834,226.394,215.89280092305034,215.82216284978895,215.82216284978895,0,1,0,0,0
CRUDE_OIL,MAXIMUM,2023-10,W1,2023-10-07,166,2,238.834,226.394,215.89280092305034,215.82216284978895,215.82216284978895,0,1,0,0,0
CRUDE_OIL,MAXIMUM,2023-10,W2,2023-10-14,168,1,238.834,247.071,244.6052074058899,244.57062583452247,244.57062583452247,0,1,5,10,0
CRUDE_OIL,MAXIMUM,2023-10,W3,2023-10-21,168,1,238.834,247.071,244.6052074058899,244.57062583452247,244.57062583452247,0,1,0,0,0
CRUDE_OIL,MAXIMUM,2023-10,W4,2023-10-31,168,1,238.834,247.071,244.6052074058899,244.57062583452247,244.57062583452247,0,1,0,0,0
CRUDE_OIL,MAXIMUM,2023-11,W0,2023-10-31,167,2,215.826,247.071,234.84828746402948,234.7773890244381,234.7773890244381,0,1,0,0,0
CRUDE_OIL,MAXIMUM,2023-11,W1,2023-11-07,167,2,215.826,247.071,234.84828746402948,234.7773890244381,234.7773890244381,0,1,0,0,0
CRUDE_OIL,MAXIMUM,2023-11,W2,2023-11-14,167,2,215.826,247.071,234.84828746402948,234.7773890244381,234.7773890244381,0,1,0,0,0
CRUDE_OIL,MAXIMUM,2023-11,W3,2023-11-21,169,1,215.826,240.147,235.83517986543615,235.78185440999084,235.78185440999084,0,1,5,10,0
CRUDE_OIL,MAXIMUM,2023-11,W4,2023-11-30,169,1,215.826,240.147,235.83517986543615,235.78185440999084,235.78185440999084,0,1,0,0,0
CRUDE_OIL,MAXIMUM,2023-12,W0,2023-11-30,168,2,193.028,240.147,228.66197559981705,228.52063003145454,228.52063003145454,0,1,0,0,0
CRUDE_OIL,MAXIMUM,2023-12,W1,2023-12-07,168,2,193.028,240.147,228.66197559981705,228.52063003145454,228.52063003145454,0,1,0,0,0
CRUDE_OIL,MAXIMUM,2023-12,W2,2023-12-14,170,1,193.028,216.064,215.0965430665126,215.02202550291835,215.02202550291835,0,1,5,10,0
CRUDE_OIL,MAXIMUM,2023-12,W3,2023-12-21,170,1,193.028,216.064,215.0965430665126,215.02202550291835,215.02202550291835,0,1,0,0,0
CRUDE_OIL,MAXIMUM,2023-12,W4,2023-12-31,170,1,193.028,216.064,215.0965430665126,215.02202550291835,215.02202550291835,0,1,0,0,0
CRUDE_OIL,MAXIMUM,2024-01,W0,2023-12-31,169,2,201.535,216.064,214.94274669376736,214.75140331953048,214.75140331953048,0,1,0,0,0
CRUDE_OIL,MAXIMUM,2024-01,W1,2024-01-07,169,2,201.535,216.064,214.94274669376736,214.75140331953048,214.75140331953048,0,1,0,0,0
CRUDE_OIL,MAXIMUM,2024-01,W2,2024-01-14,171,1,201.535,187.244,185.897105913487,185.032214221593,185.032214221593,0,1,5,10,0
CRUDE_OIL,MAXIMUM,2024-01,W3,2024-01-21,171,1,201.535,187.244,185.897105913487,185.032214221593,185.032214221593,0,1,0,0,0
CRUDE_OIL,MAXIMUM,2024-01,W4,2024-01-31,171,1,201.535,187.244,185.897105913487,185.032214221593,185.032214221593,0,1,0,0,0
CRUDE_OIL,MAXIMUM,2024-02,W0,2024-01-31,170,2,212.353,187.244,192.26523657910622,190.1777958063435,190.1777958063435,0,1,0,0,0
CRUDE_OIL,MAXIMUM,2024-02,W1,2024-02-07,170,2,212.353,187.244,192.26523657910622,190.1777958063435,190.1777958063435,0,1,0,0,0
CRUDE_OIL,MAXIMUM,2024-02,W2,2024-02-14,170,2,212.353,187.244,192.26523657910622,190.1777958063435,190.1777958063435,0,1,0,0,0
CRUDE_OIL,MAXIMUM,2024-02,W3,2024-02-21,172,1,212.353,204.115,203.77072136678922,203.72140758870532,203.72140758870532,0,1,5,10,0
CRUDE_OIL,MAXIMUM,2024-02,W4,2024-02-29,172,1,212.353,204.115,203.77072136678922,203.72140758870532,203.72140758870532,0,1,0,0,0
CRUDE_OIL,MAXIMUM,2024-03,W0,2024-02-29,171,2,215.952,204.115,201.745144804628,200.36498131440572,200.36498131440572,0,1,0,0,0
CRUDE_OIL,MAXIMUM,2024-03,W1,2024-03-07,171,2,215.952,204.115,201.745144804628,200.36498131440572,200.36498131440572,0,1,0,0,0
CRUDE_OIL,MAXIMUM,2024-03,W2,2024-03-14,173,1,215.952,217.705,214.30745569502818,214.28307903761737,214.28307903761737,0,1,5,10,0
CRUDE_OIL,MAXIMUM,2024-03,W3,2024-03-21,173,1,215.952,217.705,214.30745569502818,214.28307903761737,214.28307903761737,0,1,0,0,0
CRUDE_OIL,MAXIMUM,2024-03,W4,2024-03-31,173,1,215.952,217.705,214.30745569502818,214.28307903761737,214.28307903761737,0,1,0,0,0
CRUDE_OIL,MAXIMUM,2024-04,W0,2024-03-31,172,2,234.282,217.705,210.49165745290034,209.90499305694723,209.90499305694723,0,1,0,0,0
CRUDE_OIL,MAXIMUM,2024-04,W1,2024-04-07,172,2,234.282,217.705,210.49165745290034,209.90499305694723,209.90499305694723,0,1,0,0,0
CRUDE_OIL,MAXIMUM,2024-04,W2,2024-04-14,174,1,234.282,211.085,212.05145425370594,212.02863993199972,212.02863993199972,0,1,5,10,0
CRUDE_OIL,MAXIMUM,2024-04,W3,2024-04-21,174,1,234.282,211.085,212.05145425370594,212.02863993199972,212.02863993199972,0,1,0,0,0
CRUDE_OIL,MAXIMUM,2024-04,W4,2024-04-30,174,1,234.282,211.085,212.05145425370594,212.02863993199972,212.02863993199972,0,1,0,0,0
CRUDE_OIL,MAXIMUM,2024-05,W0,2024-04-30,173,2,217.159,211.085,208.96856347565551,208.820506021661,208.820506021661,0,1,0,0,0
CRUDE_OIL,MAXIMUM,2024-05,W1,2024-05-07,173,2,217.159,211.085,208.96856347565551,208.820506021661,208.820506021661,0,1,0,0,0
CRUDE_OIL,MAXIMUM,2024-05,W2,2024-05-14,175,1,217.159,237.985,235.27940491940095,235.26594680846316,235.26594680846316,0,1,5,10,0
CRUDE_OIL,MAXIMUM,2024-05,W3,2024-05-21,175,1,217.159,237.985,235.27940491940095,235.26594680846316,235.26594680846316,0,1,0,0,0
CRUDE_OIL,MAXIMUM,2024-05,W4,2024-05-31,175,1,217.159,237.985,235.27940491940095,235.26594680846316,235.26594680846316,0,1,0,0,0
CRUDE_OIL,MAXIMUM,2024-06,W0,2024-05-31,174,2,216.608,237.985,226.64846849160716,226.64976748546334,226.64976748546334,0,1,0,0,0
CRUDE_OIL,MAXIMUM,2024-06,W1,2024-06-07,174,2,216.608,237.985,226.64846849160716,226.64976748546334,226.64976748546334,0,1,0,0,0
CRUDE_OIL,MAXIMUM,2024-06,W2,2024-06-14,176,1,216.608,214.721,211.5960607167662,211.56635432130946,211.56635432130946,0,1,5,10,0
CRUDE_OIL,MAXIMUM,2024-06,W3,2024-06-21,176,1,216.608,214.721,211.5960607167662,211.56635432130946,211.56635432130946,0,1,0,0,0
CRUDE_OIL,MAXIMUM,2024-06,W4,2024-06-30,176,1,216.608,214.721,211.5960607167662,211.56635432130946,211.56635432130946,0,1,0,0,0
CRUDE_OIL,MAXIMUM,2024-07,W0,2024-06-30,175,2,224.405,214.721,211.18584701344653,211.1672578639248,211.1672578639248,0,1,0,0,0
CRUDE_OIL,MAXIMUM,2024-07,W1,2024-07-07,175,2,224.405,214.721,211.18584701344653,211.1672578639248,211.1672578639248,0,1,0,0,0
CRUDE_OIL,MAXIMUM,2024-07,W2,2024-07-14,177,1,224.405,216.569,214.72454248792903,214.71225959858918,214.71225959858918,0,1,5,10,0
CRUDE_OIL,MAXIMUM,2024-07,W3,2024-07-21,177,1,224.405,216.569,214.72454248792903,214.71225959858918,214.71225959858918,0,1,0,0,0
CRUDE_OIL,MAXIMUM,2024-07,W4,2024-07-31,177,1,224.405,216.569,214.72454248792903,214.71225959858918,214.71225959858918,0,1,0,0,0
CRUDE_OIL,MAXIMUM,2024-08,W0,2024-07-31,176,2,213.906,216.569,218.25139727331998,218.19203243571886,218.19203243571886,0,1,0,0,0
CRUDE_OIL,MAXIMUM,2024-08,W1,2024-08-07,176,2,213.906,216.569,218.25139727331998,218.19203243571886,218.19203243571886,0,1,0,0,0
CRUDE_OIL,MAXIMUM,2024-08,W2,2024-08-14,178,1,213.906,228.894,230.90008799014987,230.91088273898134,230.91088273898134,0,1,5,10,0
CRUDE_OIL,MAXIMUM,2024-08,W3,2024-08-21,178,1,213.906,228.894,230.90008799014987,230.91088273898134,230.91088273898134,0,1,0,0,0
CRUDE_OIL,MAXIMUM,2024-08,W4,2024-08-31,178,1,213.906,228.894,230.90008799014987,230.91088273898134,230.91088273898134,0,1,0,0,0
CRUDE_OIL,MAXIMUM,2024-09,W0,2024-08-31,177,2,185.951,228.894,222.2088727285744,222.18240374373383,222.18240374373383,0,1,0,0,0
CRUDE_OIL,MAXIMUM,2024-09,W1,2024-09-07,177,2,185.951,228.894,222.2088727285744,222.18240374373383,222.18240374373383,0,1,0,0,0
CRUDE_OIL,MAXIMUM,2024-09,W2,2024-09-14,179,1,185.951,215.147,213.63031277494437,213.62414165842657,213.62414165842657,0,1,5,10,0
CRUDE_OIL,MAXIMUM,2024-09,W3,2024-09-21,179,1,185.951,215.147,213.63031277494437,213.62414165842657,213.62414165842657,0,1,0,0,0
CRUDE_OIL,MAXIMUM,2024-09,W4,2024-09-30,179,1,185.951,215.147,213.63031277494437,213.62414165842657,213.62414165842657,0,1,0,0,0
CRUDE_OIL,MAXIMUM,2024-10,W0,2024-09-30,178,2,195.992,215.147,213.32716894781743,213.30076171760624,213.30076171760624,0,1,0,0,0
CRUDE_OIL,MAXIMUM,2024-10,W1,2024-10-07,178,2,195.992,215.147,213.32716894781743,213.30076171760624,213.30076171760624,0,1,0,0,0
CRUDE_OIL,MAXIMUM,2024-10,W2,2024-10-14,180,1,195.992,178.34,173.34367192365758,173.2868685303123,173.2868685303123,0,1,5,10,0
CRUDE_OIL,MAXIMUM,2024-10,W3,2024-10-21,180,1,195.992,178.34,173.34367192365758,173.2868685303123,173.2868685303123,0,1,0,0,0
CRUDE_OIL,MAXIMUM,2024-10,W4,2024-10-31,180,1,195.992,178.34,173.34367192365758,173.2868685303123,173.2868685303123,0,1,0,0,0
CRUDE_OIL,MAXIMUM,2024-11,W0,2024-10-31,179,2,189.72,178.34,185.98819368130614,185.8787260496691,185.8787260496691,0,1,0,0,0
CRUDE_OIL,MAXIMUM,2024-11,W1,2024-11-07,179,2,189.72,178.34,185.98819368130614,185.8787260496691,185.8787260496691,0,1,0,0,0
CRUDE_OIL,MAXIMUM,2024-11,W2,2024-11-14,181,1,189.72,197.566,199.5778559428162,199.53376107669007,199.53376107669007,0,1,5,10,0
CRUDE_OIL,MAXIMUM,2024-11,W3,2024-11-21,181,1,189.72,197.566,199.5778559428162,199.53376107669007,199.53376107669007,0,1,0,0,0
CRUDE_OIL,MAXIMUM,2024-11,W4,2024-11-30,181,1,189.72,197.566,199.5778559428162,199.53376107669007,199.53376107669007,0,1,0,0,0
CRUDE_OIL,MAXIMUM,2024-12,W0,2024-11-30,180,2,189.942,197.566,196.67619712440157,196.53702617424952,196.53702617424952,0,1,0,0,0
CRUDE_OIL,MAXIMUM,2024-12,W1,2024-12-07,180,2,189.942,197.566,196.67619712440157,196.53702617424952,196.53702617424952,0,1,0,0,0
CRUDE_OIL,MAXIMUM,2024-12,W2,2024-12-14,182,1,189.942,190.054,190.6155155593344,190.56505356542635,190.56505356542635,0,1,5,10,0
CRUDE_OIL,MAXIMUM,2024-12,W3,2024-12-21,182,1,189.942,190.054,190.6155155593344,190.56505356542635,190.56505356542635,0,1,0,0,0
CRUDE_OIL,MAXIMUM,2024-12,W4,2024-12-31,182,1,189.942,190.054,190.6155155593344,190.56505356542635,190.56505356542635,0,1,0,0,0
CRUDE_OIL,MAXIMUM,2025-01,W0,2024-12-31,181,2,211.855,190.054,187.28294232918157,185.95389942219586,185.95389942219586,0,1,0,0,0
CRUDE_OIL,MAXIMUM,2025-01,W1,2025-01-07,181,2,211.855,190.054,187.28294232918157,185.95389942219586,185.95389942219586,0,1,0,0,0
CRUDE_OIL,MAXIMUM,2025-01,W2,2025-01-14,183,1,211.855,191.434,190.5551513305611,190.50551314322146,190.50551314322146,0,1,5,10,0
CRUDE_OIL,MAXIMUM,2025-01,W3,2025-01-21,183,1,211.855,191.434,190.5551513305611,190.50551314322146,190.50551314322146,0,1,0,0,0
CRUDE_OIL,MAXIMUM,2025-01,W4,2025-01-31,183,1,211.855,191.434,190.5551513305611,190.50551314322146,190.50551314322146,0,1,0,0,0
CRUDE_OIL,MAXIMUM,2025-02,W0,2025-01-31,182,2,203.762,191.434,195.91009823235848,194.41524283342758,194.41524283342758,0,1,0,0,0
CRUDE_OIL,MAXIMUM,2025-02,W1,2025-02-07,182,2,203.762,191.434,195.91009823235848,194.41524283342758,194.41524283342758,0,1,0,0,0
CRUDE_OIL,MAXIMUM,2025-02,W2,2025-02-14,184,1,203.762,218.513,221.41877422977623,221.39484503554993,221.39484503554993,0,1,5,10,0
CRUDE_OIL,MAXIMUM,2025-02,W3,2025-02-21,184,1,203.762,218.513,221.41877422977623,221.39484503554993,221.39484503554993,0,1,0,0,0
CRUDE_OIL,MAXIMUM,2025-02,W4,2025-02-28,184,1,203.762,218.513,221.41877422977623,221.39484503554993,221.39484503554993,0,1,0,0,0
CRUDE_OIL,MAXIMUM,2025-03,W0,2025-02-28,183,2,190.263,218.513,212.58050206683936,211.4122117189717,211.4122117189717,0,1,0,0,0
CRUDE_OIL,MAXIMUM,2025-03,W1,2025-03-07,183,2,190.263,218.513,212.58050206683936,211.4122117189717,211.4122117189717,0,1,0,0,0
CRUDE_OIL,MAXIMUM,2025-03,W2,2025-03-14,185,1,190.263,208.109,206.3629886961956,206.34220872423407,206.34220872423407,0,1,5,10,0
CRUDE_OIL,MAXIMUM,2025-03,W3,2025-03-21,185,1,190.263,208.109,206.3629886961956,206.34220872423407,206.34220872423407,0,1,0,0,0
CRUDE_OIL,MAXIMUM,2025-03,W4,2025-03-31,185,1,190.263,208.109,206.3629886961956,206.34220872423407,206.34220872423407,0,1,0,0,0
CRUDE_OIL,MAXIMUM,2025-04,W0,2025-03-31,184,2,178.033,208.109,204.35995395826416,203.6108103206469,203.6108103206469,0,1,0,0,0
CRUDE_OIL,MAXIMUM,2025-04,W1,2025-04-07,184,2,178.033,208.109,204.35995395826416,203.6108103206469,203.6108103206469,0,1,0,0,0
CRUDE_OIL,MAXIMUM,2025-04,W2,2025-04-14,186,1,178.033,189.949,197.0124744232454,196.71815332081906,196.71815332081906,0,1,5,10,0
CRUDE_OIL,MAXIMUM,2025-04,W3,2025-04-21,186,1,178.033,189.949,197.0124744232454,196.71815332081906,196.71815332081906,0,1,0,0,0
CRUDE_OIL,MAXIMUM,2025-04,W4,2025-04-30,186,1,178.033,189.949,197.0124744232454,196.71815332081906,196.71815332081906,0,1,0,0,0
CRUDE_OIL,MAXIMUM,2025-05,W0,2025-04-30,185,2,174.359,189.949,195.14602619515185,194.49627481265125,194.49627481265125,0,1,0,0,0
CRUDE_OIL,MAXIMUM,2025-05,W1,2025-05-07,185,2,174.359,189.949,195.14602619515185,194.49627481265125,194.49627481265125,0,1,0,0,0
CRUDE_OIL,MAXIMUM,2025-05,W2,2025-05-14,185,2,174.359,189.949,195.14602619515185,194.49627481265125,194.49627481265125,0,1,0,0,0
CRUDE_OIL,MAXIMUM,2025-05,W3,2025-05-21,187,1,174.359,181.322,183.56061280613432,183.56585192417342,183.56585192417342,0,1,5,10,0
CRUDE_OIL,MAXIMUM,2025-05,W4,2025-05-31,187,1,174.359,181.322,183.56061280613432,183.56585192417342,183.56585192417342,0,1,0,0,0
CRUDE_OIL,MAXIMUM,2025-06,W0,2025-05-31,186,2,185.929,181.322,183.92274122677503,183.47491697301984,183.47491697301984,0,1,0,0,0
CRUDE_OIL,MAXIMUM,2025-06,W1,2025-06-07,186,2,185.929,181.322,183.92274122677503,183.47491697301984,183.47491697301984,0,1,0,0,0
CRUDE_OIL,MAXIMUM,2025-06,W2,2025-06-14,188,1,185.929,180.607,182.63864376327422,182.63555255615185,182.63555255615185,0,1,5,10,0
CRUDE_OIL,MAXIMUM,2025-06,W3,2025-06-21,188,1,185.929,180.607,182.63864376327422,182.63555255615185,182.63555255615185,0,1,0,0,0
CRUDE_OIL,MAXIMUM,2025-06,W4,2025-06-30,188,1,185.929,180.607,182.63864376327422,182.63555255615185,182.63555255615185,0,1,0,0,0
CRUDE_OIL,MAXIMUM,2025-07,W0,2025-06-30,187,2,188.348,180.607,192.1790965234942,191.60513944360753,191.60513944360753,0,1,0,0,0
CRUDE_OIL,MAXIMUM,2025-07,W1,2025-07-07,187,2,188.348,180.607,192.1790965234942,191.60513944360753,191.60513944360753,0,1,0,0,0
CRUDE_OIL,MAXIMUM,2025-07,W2,2025-07-14,187,2,188.348,180.607,192.1790965234942,191.60513944360753,191.60513944360753,0,1,0,0,0
CRUDE_OIL,MAXIMUM,2025-07,W3,2025-07-21,189,1,188.348,174.668,178.05162462974033,178.06047707021725,178.06047707021725,0,1,5,10,0
CRUDE_OIL,MAXIMUM,2025-07,W4,2025-07-31,189,1,188.348,174.668,178.05162462974033,178.06047707021725,178.06047707021725,0,1,0,0,0
CRUDE_OIL,MAXIMUM,2025-08,W0,2025-07-31,188,2,180.585,174.668,188.9832566534241,188.7466502087597,188.7466502087597,0,1,0,0,0
CRUDE_OIL,MAXIMUM,2025-08,W1,2025-08-07,188,2,180.585,174.668,188.9832566534241,188.7466502087597,188.7466502087597,0,1,0,0,0
CRUDE_OIL,MAXIMUM,2025-08,W2,2025-08-14,190,1,180.585,187.057,187.08742495283022,187.07375613667426,187.07375613667426,0,1,5,10,0
CRUDE_OIL,MAXIMUM,2025-08,W3,2025-08-21,190,1,180.585,187.057,187.08742495283022,187.07375613667426,187.07375613667426,0,1,0,0,0
CRUDE_OIL,MAXIMUM,2025-08,W4,2025-08-31,190,1,180.585,187.057,187.08742495283022,187.07375613667426,187.07375613667426,0,1,0,0,0
CRUDE_OIL,MAXIMUM,2025-09,W0,2025-08-31,189,2,178.79,187.057,191.57584990057092,191.19897473457866,191.19897473457866,0,1,0,0,0
CRUDE_OIL,MAXIMUM,2025-09,W1,2025-09-07,189,2,178.79,187.057,191.57584990057092,191.19897473457866,191.19897473457866,0,1,0,0,0
CRUDE_OIL,MAXIMUM,2025-09,W2,2025-09-14,191,1,178.79,185.033,186.6371645703671,186.61064803096585,186.61064803096585,0,1,5,10,0
CRUDE_OIL,MAXIMUM,2025-09,W3,2025-09-21,191,1,178.79,185.033,186.6371645703671,186.61064803096585,186.61064803096585,0,1,0,0,0
CRUDE_OIL,MAXIMUM,2025-09,W4,2025-09-30,191,1,178.79,185.033,186.6371645703671,186.61064803096585,186.61064803096585,0,1,0,0,0
CRUDE_OIL,MAXIMUM,2025-10,W0,2025-09-30,190,2,169.123,185.033,193.45643577468385,193.40810308309403,193.40810308309403,0,1,0,0,0
CRUDE_OIL,MAXIMUM,2025-10,W1,2025-10-07,190,2,169.123,185.033,193.45643577468385,193.40810308309403,193.40810308309403,0,1,0,0,0
CRUDE_OIL,MAXIMUM,2025-10,W2,2025-10-14,190,2,169.123,185.033,193.45643577468385,193.40810308309403,193.40810308309403,0,1,0,0,0
CRUDE_OIL,MAXIMUM,2025-10,W3,2025-10-21,190,2,169.123,185.033,193.45643577468385,193.40810308309403,193.40810308309403,0,1,0,0,0
CRUDE_OIL,MAXIMUM,2025-10,W4,2025-10-31,190,2,169.123,185.033,193.45643577468385,193.40810308309403,193.40810308309403,0,1,0,0,0
CRUDE_OIL,MAXIMUM,2025-11,W0,2025-10-31,189,3,166.553,185.033,193.3430058788806,193.1888697888053,193.1888697888053,0,1,0,0,0
CRUDE_OIL,MAXIMUM,2025-11,W1,2025-11-07,189,3,166.553,185.033,193.3430058788806,193.1888697888053,193.1888697888053,0,1,0,0,0
CRUDE_OIL,MAXIMUM,2025-11,W2,2025-11-14,189,3,166.553,185.033,193.3430058788806,193.1888697888053,193.1888697888053,0,1,0,0,0
CRUDE_OIL,MAXIMUM,2025-11,W3,2025-11-21,189,3,166.553,185.033,193.3430058788806,193.1888697888053,193.1888697888053,0,1,0,0,0
CRUDE_OIL,MAXIMUM,2025-11,W4,2025-11-30,191,2,166.553,177.582,190.68083377040176,190.61101084740653,190.61101084740653,0,1,5,10,0
CRUDE_OIL,MAXIMUM,2025-12,W0,2025-11-30,190,3,161.815,177.582,190.99372656036323,189.69982040648765,189.69982040648765,0,1,0,0,0
CRUDE_OIL,MAXIMUM,2025-12,W1,2025-12-07,190,3,161.815,177.582,190.99372656036323,189.69982040648765,189.69982040648765,0,1,0,0,0
CRUDE_OIL,MAXIMUM,2025-12,W2,2025-12-14,190,3,161.815,177.582,190.99372656036323,189.69982040648765,189.69982040648765,0,1,0,0,0
CRUDE_OIL,MAXIMUM,2025-12,W3,2025-12-21,190,3,161.815,177.582,190.99372656036323,189.69982040648765,189.69982040648765,0,1,0,0,0
CRUDE_OIL,MAXIMUM,2025-12,W4,2025-12-31,190,3,161.815,177.582,190.99372656036323,189.69982040648765,189.69982040648765,0,1,0,0,0
CRUDE_OIL,MAXIMUM,2026-01,W0,2025-12-31,189,4,164.664,177.582,192.25808494026361,190.47028325720655,190.47028325720655,0,1,0,0,0
CRUDE_OIL,MAXIMUM,2026-01,W1,2026-01-07,189,4,164.664,177.582,192.25808494026361,190.47028325720655,190.47028325720655,0,1,0,0,0
CRUDE_OIL,MAXIMUM,2026-01,W2,2026-01-14,189,4,164.664,177.582,192.25808494026361,190.47028325720655,190.47028325720655,0,1,0,0,0
CRUDE_OIL,MAXIMUM,2026-01,W3,2026-01-21,189,4,164.664,177.582,192.25808494026361,190.47028325720655,190.47028325720655,0,1,0,0,0
CRUDE_OIL,MAXIMUM,2026-01,W4,2026-01-31,189,4,164.664,177.582,192.25808494026361,190.47028325720655,190.47028325720655,0,1,0,0,0
